category,series_id,seasonal_naive_sMAPE,seasonal_naive_MAPE,seasonal_naive_RMSE,seasonal_naive_MSE,seasonal_naive_MAE,seasonal_naive_MASE,auto_arima_sMAPE,auto_arima_MAPE,auto_arima_RMSE,auto_arima_MSE,auto_arima_MAE,auto_arima_MASE,ets_sMAPE,ets_MAPE,ets_RMSE,ets_MSE,ets_MAE,ets_MASE,prophet_sMAPE,prophet_MAPE,prophet_RMSE,prophet_MSE,prophet_MAE,prophet_MASE,dlinear_sMAPE,dlinear_MAPE,dlinear_RMSE,dlinear_MSE,dlinear_MAE,dlinear_MASE,autoformer_sMAPE,autoformer_MAPE,autoformer_RMSE,autoformer_MSE,autoformer_MAE,autoformer_MASE,fedformer_sMAPE,fedformer_MAPE,fedformer_RMSE,fedformer_MSE,fedformer_MAE,fedformer_MASE,patchtst_sMAPE,patchtst_MAPE,patchtst_RMSE,patchtst_MSE,patchtst_MAE,patchtst_MASE,nbeats_sMAPE,nbeats_MAPE,nbeats_RMSE,nbeats_MSE,nbeats_MAE,nbeats_MASE,timesnet_sMAPE,timesnet_MAPE,timesnet_RMSE,timesnet_MSE,timesnet_MAE,timesnet_MASE
yearly,T54,24.022240299609624,21.102472708305562,1926.6271023907736,3711891.9916666686,1762.7833333333338,2.6947692934851855,16.65143834530117,15.23830518601072,1361.576674928803,1853891.0417101753,1265.508475837417,1.9345845384658218,26.17298734558699,23.02186189839801,1965.3376885718737,3862552.2301210356,1890.8176723642919,2.890495562736822,26.052251135559963,22.92751759829406,1957.7801376700054,3832903.0674551856,1883.1938592561019,2.878841029207525,42.17213997668186,34.156783948015224,2995.0004811265644,8970027.881948352,2809.6134195963546,4.29505987861554,71.83138502536698,52.525136716075906,4205.303128593034,17684574.403354358,4192.078141276042,6.40843559011854,70.09746631649159,51.59157824154149,4135.23277965116,17100150.14190146,4119.666479492188,6.297739783676816,74.73893416444595,54.20820487861112,4360.958825002362,19017961.873365976,4344.283056640626,6.641111452481276,70.69662220519167,51.806903685047246,4153.352833814108,17250339.76215168,4130.288102213542,6.313977072863323,55.66487416552511,43.36684202406494,3494.097526265627,12208717.523055576,3473.5765543619796,5.310061231157961
yearly,T55,12.439710650722493,13.621038451159647,428.9343993743877,183984.7189666667,360.55333333333334,0.7503711411723899,31.08636559596412,38.207832991903025,1137.2014980349027,1293227.2471328268,1050.43641248497,2.1861319718729866,38.89393316969147,50.43683827253628,1526.8610908425874,2331304.7907290156,1406.1065648915867,2.9263404056016373,51.71585794790056,71.32354730062862,2026.632303325641,4107238.492882993,1989.198485228111,4.13985116592739,40.00550868416462,52.81944028522793,1677.638169084424,2814469.8263689377,1447.6339290364583,3.012765721199705,43.84385454956839,59.65040890425774,1764.5411742786398,3113605.555724641,1627.964462890625,3.388063398315557,45.236462395656396,62.14279741339349,1836.9517433678448,3374391.707462164,1697.0156510416666,3.5317703455601803,45.71165237019328,63.411814717207704,1888.0431158578663,3564706.8073382806,1729.7192236328126,3.599831891015219,46.37898808617813,62.33534327600251,1777.5110159211292,3159545.411720965,1720.44712890625,3.5805351277965665,39.756351619812754,52.27035199182429,1538.808170641183,2367930.586032064,1424.4804134114584,2.9645794243734827
yearly,T59,28.400229611661526,24.397257089878888,1767.0104522422423,3122325.938333334,1605.8833333333334,6.056315623555532,17.33015153195453,15.771936860060928,1133.3652846398677,1284516.8684268082,1036.0276186230344,3.907201801564071,18.107032570981815,16.40525130881266,1182.8592065047458,1399155.9024130367,1078.5953005582098,4.06773856772343,12.596089094634685,11.656714159795074,900.8832213113598,811590.5784403323,779.2171137285245,2.938684698981398,40.51806415452223,32.80797686840566,2356.281463530202,5552062.335376032,2149.8872802734377,8.107933904125455,35.72644373640286,30.057365723157115,2033.5874295728336,4135477.8337166444,1941.7827473958334,7.3231030838296505,35.52721700001269,29.931921555784452,2023.19415000829,4093314.5686277677,1933.1260091145834,7.290455669030879,35.17943542797708,29.715413817062377,1972.285099465472,3889908.513573527,1905.170320638021,7.18502554881385,33.89358047141137,28.88703464517156,1893.428534993049,3585071.6171259233,1845.9018473307294,6.96150459095562,28.759841101547433,24.963396009989893,1682.9930099691123,2832465.471604893,1609.7562988281252,6.07092185362762
yearly,T82,55.62648089626519,80.55858406687416,1739.7874089478098,3026860.228333334,1698.2833333333335,5.826783672033078,52.402018908665795,79.14161972102174,1783.3494768798337,3180335.356687576,1611.580109901648,5.529306262528746,44.37467195320683,62.628826342139675,1403.02677446005,1968484.1298517722,1266.0973693058884,4.343960359191487,44.36920801628385,62.618894996839956,1402.8208013892456,1967906.2008103651,1265.8887917265713,4.343244732764694,37.50582971790695,33.14782229301407,908.3009610653532,825010.6358722444,752.810546875,2.5828812640208496,20.883501395724203,24.272584160390718,556.3936795107873,309573.9265995527,483.82080078125,1.6599816337176694,19.28390567617152,22.19446760852982,510.62065176872557,260733.4500127181,441.630615234375,1.515227764066211,12.720066843369882,14.415454496034172,420.0990613684885,176483.22136268506,316.4571004231771,1.0857593838747168,34.93127692326426,25.326479493488257,712.7612487030511,508028.5976527327,541.1592854817709,1.8567090818851995,59.90723966179302,90.75606370804682,1968.9693860417717,3876840.4431697116,1899.5466471354166,6.517314967738298
yearly,T117,16.641278558719076,17.689384220650982,1860.6461955460531,3462004.265000001,1412.0833333333333,1.9041234903412965,21.554938799208948,29.629657593608734,2888.39874392693,8342847.303918667,1943.8583437818936,2.62119539755045,19.345872087237467,26.559352061690163,2688.708267594687,7229152.148232023,1702.815161285731,2.296160765993601,20.07592195787539,21.972111972819476,2067.0778159056204,4272810.697009149,1691.0116542587637,2.2802443292877004,67.25911545273952,45.437892007255485,5322.471971531967,28328707.887743387,4354.350016276042,5.871622414512283,54.99840193561333,43.33901303741421,4174.262907868375,17424470.82400574,3924.71484375,5.292280951460995,50.73958548045135,41.43689501016132,3924.624054639042,15402673.97025139,3714.5980631510415,5.008949020399302,59.01857279352881,42.60103051196804,4864.985854775439,23668087.367165107,4109.264274088541,5.5411365941426505,67.06701041712785,48.21068316217211,4923.4245112247845,24240108.917729005,4485.1819254557295,6.0480426764575705,22.433263848397438,29.091186845696537,2842.6894005671097,8080883.028096594,2034.0697265624997,2.742840918741637
yearly,T126,43.333066777905785,33.58320158459027,3215.090338025771,10336805.881666666,2490.1499999999996,7.9162570611107,31.99875507378693,26.012957507900346,2637.0933586356314,6954261.382160154,1972.3330488323888,6.270102373223057,26.9846641853432,22.29168875226071,2404.855519864342,5783330.071421995,1731.7708806176427,5.505348457689421,26.981826299658806,22.280148081598497,2407.9692992731934,5798316.146242234,1732.2158580069197,5.506763053356308,80.40225357144774,56.11558403007441,4102.908053669413,16833854.49686533,3709.677473958333,11.793169286053436,88.53910689447065,61.29852782572013,4162.657056749581,17327713.772107083,3923.1933024088535,12.471942124890589,85.43866915164932,59.75255351585796,4097.237470073515,16787354.88617442,3843.33447672526,12.218068666380155,90.91077560017746,61.999898922334296,4294.068172548924,18439021.470497653,4001.8764892578124,12.722078194397954,96.81715721734577,64.83414338214946,4655.053628925025,21669524.288168043,4261.760542805989,13.548256928197452,44.659473489531585,35.676351724822595,2965.3204614787383,8793125.439264478,2492.4272705078124,7.923496568263897
yearly,T237,9.831285996462823,9.784297957814625,294.5176848113992,86740.66666666667,271.0,0.4948183971575208,12.23783137107987,11.568963969953792,368.845336412695,136046.88219339415,334.6760863129869,0.6110844450049604,13.30149729525333,12.457714346388148,397.30388169201905,157850.37440754587,362.2157300462572,0.6613690293975285,9.12854001877642,10.122719529761103,360.328022859921,129836.28405813976,255.55969569157273,0.46662597417036084,16.058023991132245,18.43370191471262,604.4564421965009,365367.5905128519,481.602294921875,0.879356736681276,24.419497560461725,28.7434965084448,929.4309754853142,863841.9381915828,810.7843017578125,1.4804095521633964,27.67663202797553,32.804335833719975,1151.1180034320205,1325072.657825321,940.3540445963541,1.7169907051946856,27.228773488133623,27.875734776198275,943.1643192691379,889558.9331424162,800.5230102539062,1.4616734790463153,18.859988441782185,20.707706912184857,601.8064073244624,362170.95189677674,573.0465901692709,1.0463247056979383,16.081788372588495,15.120428865867867,480.93022867560427,231293.884853969,437.3168538411458,0.7984960319839319
yearly,T259,6.353966468835683,6.141573760486323,352.41157283305364,124193.91666666667,336.6666666666667,3.6556950571202353,2.1938542068989997,2.197711218183898,134.1573451748401,17998.19326436119,119.89708869955423,1.301902557986337,2.230815788234237,2.2240386178870657,134.228639991945,18017.327794087174,121.40100556019752,1.318232839472793,2.4196531416427076,2.441128513367163,156.50987289874575,24495.340314781555,132.89060919474105,1.4429927024878566,25.16676229804925,22.278677459800118,1232.4506341844824,1518934.565701733,1215.1975504557292,13.195222807798892,12.090722312348639,11.340420766400056,649.1105097509546,421344.45386914414,619.9159342447916,6.731357277174527,12.885831392700084,12.056375125081239,681.0637317861157,463847.8067544301,658.56103515625,7.150985111978283,10.147854892364942,9.633695156777407,538.9741292195764,290493.1119680007,525.5982259114584,5.707208425234702,10.379852554229656,9.790478307976349,569.803251352512,324675.745251894,532.1603190104166,5.778462914263092,2.783765331470282,2.7997589410381467,174.48211828447265,30444.00960103671,152.849609375,1.6597175093315235
yearly,T269,12.07988078446004,11.294136498311985,729.4823221527259,532144.4583333334,673.75,4.944954128440367,2.928156201934727,2.882512419751758,178.29604648119292,31789.480190823702,170.57710911235804,1.2519420852283158,3.3869172058425967,3.3264253450969354,205.16563506258493,42092.937810633775,196.87497695761536,1.4449539593219476,5.225070486028054,5.082875985610109,314.1062155909038,98662.71467283931,301.2834906125743,2.2112549769730228,24.47494586780623,21.576068914051227,1340.0473777809018,1795726.9746974707,1274.0347493489583,9.350713756689602,9.473226710852694,8.99970741032217,569.4086080423499,324226.1629127264,535.1978352864584,3.9280575066896026,8.710042861663593,8.228291145214977,578.0667068395254,334161.1175562938,495.1835123697917,3.634374402714067,15.936060695855033,14.650312201455321,919.3242690391824,845157.111644427,870.2639973958334,6.387258696483181,16.538671346395816,15.252557505652165,904.9649459551621,818961.5534076294,895.070068359375,6.569321602637615,8.072718369244782,7.714763313102065,497.76705469507965,247772.04073981443,460.1304524739583,3.3771042383409786
yearly,T272,3.6690362430448564,3.7527171122570793,208.22503852002686,43357.666666666664,189.66666666666666,1.2462696783025324,13.662696218662433,14.817255188291394,805.1997420647517,648346.6246211426,752.3262786193824,4.943417025835777,12.69165939378154,13.694174707790117,748.2706093854282,559908.90487004,695.1973737914574,4.568032024913067,7.494155645557956,7.856575531721047,446.4556406127175,199322.639034912,398.75708664987405,2.620169768541267,29.94268873149449,25.92800146378674,1341.8710906264891,1800618.0238591235,1321.5430501302083,8.683650432067077,8.277968816418738,7.790938319023684,489.484650026968,239595.22261202335,397.7476399739583,2.6135368540383297,6.128211240825446,5.8110782800648675,398.24450055887314,158598.6822253863,297.6477864583333,1.955796543463381,10.391337735501375,9.849319205122587,515.7072728712268,265953.991292278,501.5533040364583,3.2956274597878163,12.213047699004811,11.679841257127785,624.8387130397558,390423.41731317836,595.7262369791666,3.9144229123887744,9.781519552719239,10.410811562628579,590.0606129167656,348171.5269157092,528.6153971354166,3.473448194729637
yearly,T286,8.40099538800374,8.00302193936398,496.3981097197423,246411.08333333334,451.8333333333333,2.712695434646654,2.455812367917495,2.4902695076389576,153.27237820987665,23492.421922111473,140.41001544192827,0.8429869595012579,2.515997604215789,2.552868837522208,157.58366625862973,24832.611871511195,143.94783533273116,0.8642271539676167,1.9543958171850906,1.9761854322536725,119.83363431558169,14360.099913280557,111.09974851609347,0.6670153757063773,43.255393726413274,34.88845228685902,2052.2802552337253,4211854.246022205,1952.3062337239583,11.721163129299562,8.260893915244063,7.9010843962816395,469.2459160422189,220191.72972230116,443.1363118489583,2.660480671513446,6.563518770425795,6.34327012475977,364.81593871329966,133090.669139266,353.443603515625,2.121987863508443,14.073801053813048,13.062850395272571,769.4979722906385,592127.1293594042,731.2189127604166,4.390057262351469,8.141962217613669,7.795846231485874,459.6847903354828,211310.10646577677,436.8153483072917,2.6225311718261413,3.702848721413459,3.7900300932181876,239.95681567139107,57579.273387153946,213.89803059895834,1.2841908028455284
yearly,T287,4.996724342661013,4.836034478751536,303.9825241687423,92405.375,262.0833333333333,2.423892100192678,1.8534522773409137,1.873988140659587,110.17466517657004,12138.456846769317,100.60041213350041,0.9304084359167668,2.1430865404663018,2.169522714457374,124.85738327844855,15589.366159141404,116.35433937940404,1.0761094971505576,0.5990778792793011,0.5999834245873887,34.63754040591291,1199.7592053712494,31.929359054275057,0.2953004305597693,22.646979074425012,20.00187113716617,1160.991043599856,1347900.2033190827,1074.2532958984375,9.935290597904624,1.6120640166346571,1.584422544765716,129.16014749036722,16682.343699733417,86.75626627604167,0.8023700927263969,2.9403843772123532,2.906367615556948,173.57117992660042,30126.9545011123,156.14249674479166,1.4440924554431598,9.475890759664752,9.000537770901072,512.8415423953139,263006.4476064046,483.66552734375,4.4732071893063585,6.474081520624711,6.262264845201054,340.7947964815277,116141.09330888589,333.8174641927083,3.0873291486030827,0.9432146686831536,0.9448656871995121,55.66172458669122,3098.227583964666,50.023111979166664,0.4626414980732177
yearly,T319,24.917057056243543,21.63983686526992,1567.6370886358445,2457486.0416666665,1405.75,4.335807228915662,13.925660716148167,12.87408015873767,927.5167006211336,860287.2299311137,831.3016695010306,2.5640147878586004,14.20558034119925,13.063173856867063,958.7227854318095,919149.3793061273,848.0930934966267,2.6158052040377884,14.220224631355208,13.075213146082199,959.70908615817,921041.5300545496,848.9113689773953,2.6183290416652194,55.75781959616223,42.94573614814559,2848.524726461097,8114093.117260267,2717.310506184896,8.381102284136547,24.76443669525244,21.837031520356884,1460.9224286652932,2134294.3425772986,1380.0826822916667,4.256640562248996,32.09642293638289,27.335516132465525,1796.4177410656941,3227116.7004155717,1704.6444498697917,5.257698544176707,32.793208111481945,27.06239744590026,2008.063270686216,4032318.0990790226,1749.9468994140625,5.397426581325301,27.545293717438422,22.12440590642562,1948.2716932859732,3795762.590859393,1460.5476888020833,4.504821787148594,14.10157138562685,12.92200558833886,981.6207737412719,963579.3434404135,840.781494140625,2.5932537650602407
yearly,T325,42.724698712658025,34.27442191786896,3170.1705790067513,10049981.5,2881.1666666666665,10.45202735895401,33.26794857554215,27.857863202913453,2597.308493830514,6746011.412124135,2347.6259768755504,8.516498272306723,32.740758803662864,27.46472495794345,2569.191622936366,6600745.595366399,2317.206880778751,8.406146716349623,28.63213558977179,24.29612212310914,2359.5874305529833,5567652.842423629,2076.7924297921068,7.533993623551458,60.78033555182416,45.710768600716925,4017.6170697536027,16141246.919175526,3767.9810384114585,13.66912971649095,40.76340654254616,32.87274465083094,3086.9549626250136,9529290.9412752,2775.5589192708335,10.068913435740468,48.82852866129084,38.70585476344316,3399.583130910982,11557165.463974515,3188.2333170572915,11.565975076049579,45.137337878374,36.07030447195413,3256.2644524742777,10603258.184447607,3005.1735026041665,10.901887777273929,45.49686440944941,36.28814581532664,3267.88810256442,10679092.650882086,3020.2024739583335,10.956408475985338,41.158586144140855,33.2602134961876,3074.4690569976824,9452359.98243622,2794.895751953125,10.139061791463552
yearly,T330,22.08133056533349,19.688132926944913,1423.8258174135392,2027279.9583333333,1345.25,6.133067388516883,12.020602702149686,11.263509631496527,817.7893854934124,668779.4790256931,767.845611790508,3.500649604971685,12.616105517844222,11.791319278201684,852.0968282443307,726069.0047040484,803.2959142306732,3.662269447981414,20.791901792975693,18.75908078304058,1306.9643671719073,1708155.857057064,1269.9302789901856,5.789680713447206,45.91654759939468,36.71445090622296,2630.4841697201664,6919446.967148393,2502.811971028646,11.410454918495038,40.15580770404906,33.24354687735341,2300.3810911211867,5291753.164387901,2245.408935546875,10.236940580923209,43.52829237798732,35.58714504285494,2439.950240500454,5953357.176118225,2396.8912353515625,10.927556565215843,31.179945321036474,26.848240401948438,1809.048507528489,3272656.5025910535,1787.3128255208333,8.148455679821437,31.351360803127754,26.777758166724396,1812.7460446657085,3286048.2224511704,1764.6424967447917,8.045100426817685,14.533906605284223,13.452737526262965,973.351900745638,947413.9226851463,918.50244140625,4.187502226100584
yearly,T352,41.1737791251642,76.82851598565391,3347.9521103703582,11208783.333333334,2640.0,2.498107494322483,42.41146666186863,81.63670525796404,3564.5218368353453,12705815.925276024,2769.2703034404117,2.6204298859201476,42.021482107372435,83.61702863761273,3687.9521704070116,13600991.211209787,2756.1662524021126,2.6080301404259205,40.22316167830839,70.3733687968668,3144.7908423636977,9889709.442214577,2511.1067797145083,2.37614191873061,64.53022625013446,53.33233396982708,3950.9413969616326,15609937.922225138,3563.8380533854165,3.3722918748915753,55.34203111989543,48.081221730869764,3766.081610589235,14183370.697618404,3327.71826171875,3.1488628517399224,54.732898212942416,45.832668834040206,3909.6465322931804,15285336.007472089,3305.573689778646,3.127908487678507,67.56143316956283,74.85900377425692,4341.353673308659,18847351.716750592,4027.058146158854,3.8106152026484237,57.47286970664231,83.62230593136934,3943.0558115102335,15547689.132684628,3661.923828125,3.4651058176807346,46.215537031085134,87.85542264111434,4073.541490962578,16593740.27859362,3159.4156901041665,2.9896060655792644
yearly,T405,5.972216181748242,5.789427893048419,647.7781500380105,419616.53166666726,628.8166666666672,3.491340819603108,1.3964693648550228,1.3866379518572827,176.20862707352993,31049.480255138344,150.06673764571556,0.8332064886010604,1.499165083129157,1.4834590993757566,196.30023526555644,38533.78236531281,160.27155185633546,0.8898660625256326,1.9190210146866626,1.8990201258830965,236.60023226374355,55979.6699072574,205.11887366901465,1.1388691402024598,46.64958344969137,37.70711638104021,4099.762645184392,16808053.746849317,4076.4434895833333,22.63339111132702,25.949514679922398,22.63187423607048,2588.2562283574903,6699070.30363134,2448.575,13.595075163444045,31.83001145660321,27.357426437553517,2992.226338729381,8953418.462185837,2959.6094238281244,16.43246074609954,9.447575616828628,8.960437490931684,1041.1436498639325,1083980.0996519912,971.7340169270832,5.395300123132477,7.429320148131484,7.119232129878964,832.5395038777665,693122.0255170375,769.9752278645832,4.275086977858128,5.811802399089083,5.594192966058671,700.311621024578,490436.3665420722,605.4703450520832,3.3617164474110344
yearly,T413,4.0644560772462786,3.9764025815241606,366.1511527588936,134066.66666666666,350.0,1.2466607301869992,2.5810979598561907,2.609345058668205,252.15108590276031,63580.17012194121,228.50065919995663,0.8138937104183673,2.4906568941859346,2.5118507557573397,236.47643940067036,55921.10639161892,220.0387758212919,0.7837534312423576,3.7748403241649915,3.8925232343127414,431.1918381764437,185926.4013099804,340.37449732478007,1.212375769634123,36.18396193097655,30.124987510847667,2745.8199425546395,7539527.156930764,2633.9386393229165,9.381793906760166,52.52652969010838,41.37460171164641,3679.0986848120456,13535767.132585725,3634.7963053385415,12.946736617412437,38.202736332482885,31.867272715769886,2840.479558938189,8068324.124745687,2793.5086263020835,9.950164296712675,13.293861278075362,12.357873984790817,1155.5891527963904,1335386.2900606792,1084.6012369791667,3.863227914440487,10.755038565113965,10.084245910905045,983.7807523731146,967824.5687398115,886.1751302083334,3.1564563854259426,5.6589532185201925,5.543179683442431,538.570644648212,290058.3392767906,487.84033203125,1.7376325272707034
yearly,T435,10.55835183482884,9.939551440947685,389.3659375617407,151605.83333333334,353.8333333333333,4.05042245843554,7.417253848556538,7.0935485385128185,284.84913367814426,81139.02895718931,253.12785890297832,2.8976206252180674,4.72038047588379,4.5578660758150225,204.8230115798552,41952.466072641495,164.32076481578338,1.8810226552910607,5.957218438986695,5.72529634652852,243.14090907316694,59117.501664926036,205.4101554910964,2.3513836278621008,16.719924104816887,15.390257322538314,554.7869008199664,307788.50532142323,541.6471354166666,6.2003760391114735,11.515779119801744,10.837167179380918,403.02513983609873,162429.26333990693,382.6069742838542,4.379801831540441,11.750035729635865,10.99685527297037,427.6141233102986,182853.83845443526,390.9090576171875,4.474837944922833,11.022647657719125,10.417126687904233,380.5800124808992,144841.14589996138,367.1656494140625,4.203040958133176,10.7879541619782,10.202450670002465,375.5654787587812,141049.42883531252,360.2420247395833,4.123784420567593,13.04960768976172,12.227845953902571,440.1519151144985,193733.7083789607,430.2344156901042,4.925005576174537
yearly,T453,2.0783915005341718,2.1025475697791367,209.73415712913018,43988.416666666664,185.33333333333334,0.9683398644025627,5.191804382102564,5.377704632386296,545.3414490520175,297397.2960541543,472.9178678296069,2.4709274676672877,4.007017044274653,4.109087297157286,409.9505482580708,168059.45201709284,361.8233836633326,1.8904748539976326,5.530495100481045,5.737656489071831,579.5419646108605,335868.8887450159,504.9222599083205,2.6381457879143446,4.53749204891151,4.431502592247371,428.3086528711991,183448.30212434134,395.884765625,2.0684406489083784,5.298685982780519,5.09631304755775,562.4916407947366,316396.8459639549,457.4969075520833,2.3903551803430365,5.074335620997903,4.887817411277324,540.7704675765812,292432.69860299426,438.7294921875,2.2922981491416308,7.336428584645255,7.044752854111795,670.6902837327896,449825.45669356984,628.9674479166666,3.2862639562729363,12.766650014460781,11.775736523255281,1205.0665715813425,1452185.441942811,1051.3589680989583,5.49319856442822,2.5955739711786956,2.6075466410998893,269.18496678169134,72460.54634126027,232.12532552083334,1.212821256686571
yearly,T463,2.439048416023377,2.432223978038266,192.28754509848005,36974.5,184.0,0.8867469879518072,4.059833445828776,4.1725818055906325,365.576307841259,133646.03685484696,312.2818776521046,1.504972904347492,3.466482964646215,3.548176701580018,316.986159644931,100480.22540644168,265.23625296280534,1.2782470022303871,2.4501746690785464,2.4561097406339547,225.50738162427976,50853.57916703855,184.3869615731331,0.8886118630030511,12.748034331141858,11.897798696783497,952.1417548671031,906573.9213614067,901.563232421875,4.344883047816265,10.390702228125177,9.815658201144089,796.3535459204817,634178.9701001247,748.5645345052084,3.6075399253263054,10.493915716736357,9.803128212566891,868.3922466885001,754105.0941087008,749.769775390625,3.6133483151355423,8.237095311046822,7.65720189061138,794.5390109182216,631292.2398709059,587.0126139322916,2.8289764526857426,15.377295495803395,13.626291894780588,1350.8713602557248,1824853.4319591522,1046.6798502604167,5.0442402422188755,2.943706890661033,2.9118111959877275,247.53152436973747,61271.85555680593,221.75927734375,1.068719408885542
yearly,T478,2.484213280256184,2.526009462270112,193.1243122965102,37297.0,168.0,5.352212389380531,1.0068148148054235,1.015071449687145,85.14888894692946,7250.333288896526,67.31927638529139,2.144684911389814,0.4738603799190637,0.4760782252044082,43.937455558313495,1930.5000009387732,31.50000001490116,1.0035398234835768,0.6399273285051607,0.6433888938600725,54.99626398910311,3024.5890527591196,42.65472276431577,1.3589115216950156,5.070908014044578,5.228603525778864,379.2946648675477,143864.4427969853,348.593994140625,11.10564937085177,3.3629381445883246,3.4260971065338173,238.7301428840621,56992.0811214447,228.74381510416666,7.287413578539822,4.02803261880869,4.114089487154956,279.72167494613365,78244.21543467045,275.1249186197917,8.765041655143806,3.7209203586549897,3.8089451541473163,281.87278029102833,79452.26426899433,253.67130533854166,8.081563709900442,4.08617954399147,4.174792209862117,283.8936715150921,80595.616726319,279.17138671875,8.893955683075221,3.012296002590941,3.06784455370432,223.36437013530502,49891.64184594154,204.41943359375,6.5124775304203535
yearly,T479,5.983727162720426,5.76616233392489,383.6156931096537,147161.0,340.3333333333333,3.5349105597230235,3.7726025129397933,3.687074209585713,242.20933189452884,58665.36045679403,217.4147224821239,2.2582025416492963,3.835989943376026,3.747270563776127,246.59263606039988,60807.92815921683,220.9926698334601,2.295365295442748,5.838906942920152,5.647161744253437,359.8876270911137,129519.1041332725,332.2199781241441,3.4506402805739147,11.519775528437187,10.857221037140981,655.8291226448667,430111.8381091356,634.8677571614584,6.594125579288085,10.009829049714751,9.311693339510178,676.432921054688,457561.4966865778,551.849365234375,5.731845686219706,9.110021220639597,8.575014601472034,595.3950566232872,354495.2734514475,507.3438313802083,5.269583938167195,11.419429096430477,10.79562658360493,629.3594739121435,396093.34740297,626.4773763020834,6.506977941972015,11.5781760100244,10.93770483340744,643.0510339041901,413514.6322052479,637.6652018229166,6.623181553844489,4.247640541538666,4.14845766399302,259.27205924021064,67222.0007026593,243.45320638020834,2.528654192062176
yearly,T497,13.41302291607673,12.358323736302427,1296.2241465374211,1680197.0380666659,1128.343333333333,3.6413833907056796,0.924462179283809,0.9181280504934608,115.38460197461066,13313.606372839326,85.14769592005344,0.27478817530137734,1.7996977738664532,1.7676687847287753,239.89076857793435,57547.58084891206,166.6299977818153,0.5377474110858929,3.9624587931746675,4.046539304656014,358.0479673231982,128198.346904274,352.0218040536227,1.1360428271954264,68.30937924044143,49.3763688960236,4625.2054584512725,21392525.532887448,4380.860421549479,14.13788862376123,19.430018121905356,17.47442614720496,1709.8783825918583,2923684.0832549497,1570.2023404947915,5.067348344970283,19.09523582134205,17.26592291196527,1625.8896365807052,2643517.110340538,1535.1089973958333,4.95409530140652,30.085467377958945,25.717711177436502,2461.280646944019,6057902.4230211675,2303.512073567708,7.433881476659987,17.2597223952291,15.846155723292688,1453.8275446195282,2113614.5294944462,1412.376982421875,4.558015218659236,20.774872572611805,18.774152508167145,1692.7313778355,2865339.5175088705,1662.3273404947915,5.36465363756925
yearly,T501,3.105091599498395,3.204265980261298,289.80332868458663,83985.96931666655,200.44166666666675,0.9033303570338787,4.172321367450851,4.119822320888822,291.3549677056515,84887.71720676123,270.06578601357097,1.217105340218388,6.19213616172962,5.981510991346641,420.3726247692898,176713.1436554221,392.36264076457974,1.7682605132097775,21.630737846951128,24.641745627327403,1673.3370644857914,2800056.931381926,1585.1059136468891,7.143596013359612,6.189739768723909,6.012082071908875,460.30924959512464,211884.60526282675,396.8601757812501,1.7885295519777378,5.562529856689108,5.780228339993021,427.4098892147613,182679.2133985745,371.6983203124999,1.6751326307576604,4.876173334671713,4.973967020414365,380.56572676801744,144830.2723904693,322.142177734375,1.4517979882515981,5.740879817761767,5.97068378186244,436.0901129060959,190174.58657445144,381.3385384114583,1.7185781967521718,5.479230777331068,5.678259116916152,405.76586138906936,164645.93426881346,363.2846647135416,1.6372148133569182,3.407736610852697,3.523420418059209,304.3554901769966,92632.2644008799,220.9953841145833,0.9959597849834895
yearly,T530,0.805896917610483,0.8019291684289106,44.64489519157444,1993.1666666666667,35.5,1.2263636363636363,1.4858033597057239,1.464442560012959,91.262272748385,8328.802427200617,65.00595768736791,2.2456603564727096,1.5551603080547851,1.5321244198828008,94.73999656506211,8975.666949147982,68.00000148266554,2.349090960310264,2.479993441760024,2.4324154988796916,135.60055328228594,18387.510050462068,107.74033065752292,3.721938695441701,1.1932502534253306,1.2036314482004282,63.27471936408701,4003.690110603968,52.646647135416664,1.8187023555871211,1.8071132508138101,1.7868908464994455,89.55569343919298,8020.222227374713,78.95955403645833,2.7276936848958333,0.8497041213613761,0.8440198399274482,48.87955017364838,2389.21042517821,37.385823567708336,1.2915102687026516,0.8934854964647536,0.8928652765576941,43.14671057370032,1861.638633330663,39.323567708333336,1.3584505208333335,1.8833110643939233,1.9047108940558253,94.02586381161792,8840.863065520922,83.39933268229167,2.881067856297349,0.8645708080633951,0.859849706647455,47.001250461758175,2209.117544968923,38.06005859375,1.3148020241477274
yearly,T533,18.554485849232815,21.040989362970762,539.400284266394,290952.6666666667,485.6666666666667,3.074920858248329,1.8314621626861236,1.79705819399532,60.146681329716735,3617.6232749784954,40.91723404823991,0.25906092608804726,4.518625894895984,4.662966085928044,124.99866438017008,15624.666096826402,107.66666442404191,0.6816742735254148,15.90518887735228,14.526062583859389,359.84367490186577,129487.47036687966,341.16218156012195,2.160013812199154,56.857856542247454,80.27647700565646,2008.2432537116713,4033040.96607844,1960.35546875,12.41167725553992,43.188369548966655,55.3132725334947,1337.0923239944427,1787815.88288486,1332.4139811197917,8.4359661133156,31.48794097919702,37.55345284836113,905.5019951024916,819933.8631345928,900.3030192057291,5.700124637953965,17.301175324032013,20.42832394056973,623.8302836368264,389164.22278240323,461.9643147786458,2.924853206477532,23.431150243953113,26.67015382409964,641.6675029371642,411737.1843256156,636.98095703125,4.0329430976301435,10.330595916965345,9.590912456743313,258.48727302427085,66815.67031552394,219.221435546875,1.3879654730368447
yearly,T534,36.25829104552003,29.416540639008886,3509.2017135905235,12314496.666666666,2903.0,9.435536294691223,18.077070018488676,15.888453263540223,2159.588463564356,4663822.331960256,1633.133265978406,5.3081254582180035,20.681871869364954,18.03022768847241,2338.809687408609,5470030.753916356,1826.167941965463,5.935540439757734,24.227840501979134,20.9299392893724,2552.5842237472457,6515686.21932333,2077.3614847715317,6.751987491131739,79.30211518070566,54.25533131289486,5833.013357636627,34024044.83036732,5154.6024169921875,16.75385400972542,41.606663805839176,34.121511711948614,3455.1505961763246,11938065.64225761,3176.0745442708335,10.32310252742416,44.0406805571078,35.65354659898852,3589.458994845262,12884215.875675559,3308.0189615885415,10.75195762163123,55.432662518024415,43.04992009507486,4242.885893453835,18002080.70486955,3967.566650390625,12.895666252623915,40.272254909252545,33.39869831098765,3240.169613748739,10498699.125860652,3057.3789876302085,9.937309818949757,23.02935979553337,19.85126824608565,2525.543017101127,6378367.531228264,1999.7880045572917,6.499852669200298
yearly,T593,15.354067990907927,14.052258643718089,1420.9266342777871,2019032.5,1272.5,2.3824630746827546,6.876439605827629,6.591261073692754,676.3421498537366,457438.7036687743,594.181869914128,1.1124686559657067,2.7874500563955653,2.859330047637688,354.066549641532,125363.12157505944,248.92921379524918,0.46606260123928495,18.577647764435483,16.959629931076805,1528.9201063893154,2337596.6917215157,1497.5891960997205,2.8038907353645697,62.56699901441678,47.08884538984627,4201.616107511215,17653577.91489769,4120.1134033203125,7.71396310170227,74.76637033938277,53.9666707547212,4785.726277718659,22903176.00524689,4726.5858154296875,8.849442966271518,41.72341815694099,34.37736322905611,2999.2603751385304,8995562.79787612,2990.27392578125,5.598598987316674,112.47843914157116,70.27478613119375,6673.530376918682,44536007.6916564,6277.9796956380205,11.754070576397377,46.15784737817778,35.1663035927291,3570.3839120895946,12747641.279708197,3101.7440185546875,5.807301054086164,29.396830614859827,25.532492034652726,2281.1001712771754,5203417.991400759,2244.8627115885415,4.202988226398351
yearly,T612,14.753625960017303,13.128903024866908,996.7323278259481,993475.3333333334,748.0,3.241213288396726,12.414544927622918,11.784104975129555,719.132724964799,517151.8761152972,635.4808890947719,2.7536485324279956,15.296552758673275,13.57638212517581,1022.3760197376284,1045252.7257345555,772.279999054225,3.3464227209860495,23.558894173329893,20.37493637370694,1332.6919311310726,1776067.7833018675,1121.570691895345,4.859959666373666,24.903230069966796,21.061833537205043,1454.9161764474384,2116781.0804884336,1174.6306559244792,5.089877661685274,32.822444473709425,26.720800454410448,1783.4175950074036,3180578.3181819916,1475.1790364583333,6.392205742958594,29.60835464414311,24.519909463147815,1644.1429312809105,2703205.978480985,1355.4386800130208,5.873350081905242,31.9445948213678,26.777841222455645,1643.5730017004273,2701332.211918553,1447.7875162760417,6.2735135515090885,29.71708208012841,25.242561739466346,1541.7297832394358,2376930.724527518,1364.4625651041667,5.912452135742658,15.47612881878648,13.71646392698063,1027.7151581339,1056198.4462581873,780.185302734375,3.3806777682279128
quarterly,T57,8.665418863632333,8.527638108947302,388.9319108147337,151268.03125,269.9375,0.5734274568622845,10.053230983269568,11.276314740302249,462.59117592448854,213990.5960432011,320.4474699619793,0.6807256411511965,9.630009127530583,9.759762051994272,372.5657687400595,138805.2520368715,305.6094294960831,0.6492052343563698,15.309516288394361,18.111361870197985,682.4039008082578,465675.08383832657,524.6252250801957,1.1144598606104754,9.715932727553652,9.949057647894243,391.2810750648651,153100.8797039166,308.6520690917969,0.6556687049209213,21.55935956931618,25.45099346675488,909.6956430726511,827546.1630253643,797.6901245117188,1.6945308431133648,19.750644828371097,23.962880738722024,914.4917473852627,836295.1560357511,726.359619140625,1.54300365518413,12.684390814318858,12.726643369099719,516.1290859464573,266389.23335992545,444.2518615722656,0.9437229550830096,12.64718136186086,13.533375666820211,494.10669223337834,244141.42330981046,433.2467346191406,0.9203447954676282,16.108835116305,18.568214140643992,667.1623399387049,445105.5878324881,560.8970642089844,1.1915120244163162
quarterly,T74,13.82964852450047,12.695033412369966,1162.624960853671,1351696.7995999998,995.3199999999999,2.060093476441375,11.10582771478353,10.453721562387983,1004.0164951073656,1008049.1224476786,833.8834277690781,1.7259552803717906,6.992296774896667,6.604480846363822,732.9627680806404,537234.4193924346,545.4203608639735,1.1289001801774028,13.981644036434549,12.66344429706328,1292.0341766181507,1669352.3135493423,1032.5531031330443,2.137157810396338,48.203470743467726,38.643144134335294,3019.4510406074573,9117084.586625457,2939.94189453125,6.0850330728213295,29.268929977491094,24.95401863546235,2162.9715956107116,4678446.123418748,1948.3172607421875,4.032588191629938,29.6638028232428,25.677389675612066,2073.3458672829174,4298763.0853791535,1976.7020874023438,4.091338539490432,18.353066480874237,16.347966147576464,1540.1090389246679,2371935.851777464,1299.5350952148438,2.6897518105320106,21.277026127289815,19.200372103912862,1499.574829561965,2248724.6694557965,1462.4750366210938,3.027001650124057,6.879401784622882,7.163723367853001,635.455812554861,403804.08970975876,528.46728515625,1.0938110423412315
quarterly,T97,5.629131354788654,5.443615007702274,512.7151066869396,262876.78062499984,462.07499999999993,0.588237166226409,2.891426111908067,2.843897067983336,302.9898528925833,91802.85095586927,243.66819197335315,0.3101978829106052,3.685121697843203,3.599939459654016,355.924719951097,126682.40627226685,305.0629494185604,0.38835549399262964,14.720216965130422,13.66563657712922,1188.5087030914478,1412552.9373241155,1153.2210623674605,1.4680895736831552,17.09207738895882,15.509103202257062,1444.6633479258735,2087052.1888403934,1315.8019287109373,1.6750605374888607,17.945315478702042,16.181395089567154,1478.720475671072,2186614.2451688815,1353.4136230468748,1.722941501603227,17.755662332347548,16.045264162115497,1470.6410421226904,2162785.0747757126,1346.7996093749998,1.7145216375990577,10.046196395700694,9.47893477049365,876.9463435927167,769034.8895406353,799.3431274414062,1.0175909454713805,12.314095294229265,11.534294283621735,1009.5134359205281,1019117.3773040702,966.1559326171874,1.2299493111195539,4.910882842712419,4.796446258773843,443.0509919970645,196294.1815095829,405.4930419921874,0.5162064122621016
quarterly,T121,19.01726817963973,16.951599466781943,1168.523510674903,1365447.1950000003,1005.5000000000001,2.8967369660817335,15.570370992275299,14.225284199141614,946.5503396651611,895957.545520232,838.870552762805,2.4166955146150513,10.746894473856145,9.989282837161714,732.0211977743255,535855.0339909581,599.86131898563,1.7281357108187174,10.585351373519138,9.83189959494524,727.5722712503135,529361.4098923398,591.9710845766272,1.7054047971602306,48.84915115257152,38.612380893448815,2364.686971874456,5591744.474952783,2230.3582763671875,6.4254214487908206,28.705565380885602,25.004522808531775,1450.7875192642107,2104784.4260528022,1418.4124145507812,4.086293062534556,55.0904128122247,42.93443116428174,2508.406082188487,6292101.073160194,2448.4031677246094,7.053585244972143,25.335513182429096,22.33462426139027,1352.8031444347346,1830076.3475925054,1286.4485473632812,3.7061194053797752,18.558325273745353,16.882703891142494,1019.8321793608001,1040057.674059799,966.8891601562501,2.7855033041554758,19.84770708993813,17.85166231309211,1134.7362039598113,1287626.2525771225,1042.7174682617188,3.003956474881031
quarterly,T141,3.108508331378336,3.0471450283375354,248.83379995490964,61918.25999999999,186.04999999999995,0.63732122976792,3.009361543691692,3.061098512085851,216.37818448068697,46819.5187191582,179.94280782675264,0.6164008146844318,1.9956087155540931,1.995740703284387,146.01563520455295,21320.56572418908,120.7623435277253,0.413675921992722,2.686266361524501,2.7176732810438575,188.2635712789568,35443.17227070684,160.5698517901974,0.5500380295973194,13.60133086423409,12.677661808222066,795.4183736297341,632690.3891077712,764.7088378906251,2.6195387099105094,5.294196344837319,5.048924742293905,414.0067723113736,171401.60751968154,303.16115722656264,1.0384898766003692,7.587181038206745,7.271957647302983,467.18513830667473,218261.9534546268,435.92069091796884,1.4932626219678653,9.226963136884134,8.688207901021073,621.7889257474051,386621.468182112,522.6422729492188,1.7903306429706913,5.662029448535814,5.434937514714629,393.7295807577797,155022.98276369693,323.21441650390625,1.1071830658693378,3.6959364170284794,3.666965261329027,283.68899878063945,80479.44802916166,218.93121337890625,0.7499570553358101
quarterly,T170,5.055287982383591,4.981646360033853,244.78712946149764,59920.738750000004,212.16250000000002,0.6057458957887225,11.27160000679128,11.50787211337329,527.7868484083901,278558.95735286095,476.7480625512447,1.3611650608172585,3.5324441790005157,3.590561181353468,214.89347095446203,46179.20385885622,151.2292635777879,0.4317751993655615,11.587053203019911,11.888003880761215,532.0529118000015,283080.3009548602,489.7223324832295,1.3982079442776005,16.455956431728662,14.714788682258872,723.1602709501907,522960.77748075326,602.8683044433593,1.721251404549206,8.976961917526053,8.870593716074463,440.7140660101712,194228.88797921757,364.59102172851567,1.0409451012948343,11.754833046920515,10.705880542749803,569.6416323579592,324491.5893154404,422.55733032226567,1.2064449116981177,16.038607629942266,15.239049255187458,708.9183737928147,502565.26070104894,624.3258178710937,1.782514826184422,5.428819926670748,5.151422293117396,324.6948627347041,105426.75388630833,223.08308715820306,0.6369253023788811,5.222030699742533,5.36501290471096,326.87859347520686,106849.61487232955,233.03927612304688,0.6653512523141953
quarterly,T236,5.53585904176654,5.561470649825405,466.0835493771476,217233.875,410.625,1.0364216808196616,1.5146915516149657,1.5324725081348296,141.80831675303037,20109.598700327795,113.78102905688877,0.28718447581255746,1.536873916423984,1.5544420940571895,140.9267791302283,19860.357076020155,115.4066302716401,0.2912875098298118,8.973110196276943,9.411234566300669,712.1467726875671,507153.02584931743,696.5493317818908,1.758097605404443,21.48042813372627,19.014297160740085,1532.774485922827,2349397.6246959865,1401.7770385742188,3.5380995176949757,3.196422489631471,3.1601491538604427,333.51920308650864,111235.05882745981,235.213623046875,0.5936815794214295,3.8446541442899567,3.764603185998029,301.6645544043816,91001.5033839941,277.134033203125,0.6994891214726691,4.762089206364596,4.822407900447942,400.828812344235,160663.73680528998,358.78277587890625,0.9055713793012115,9.702553598046794,10.39010747486574,901.5688659368677,812826.4200266898,765.4465942382812,1.9319949973287671,4.99073807339282,5.14787205058653,426.1613889932494,181613.5294686556,383.078369140625,0.9668937040618115
quarterly,T239,3.609678525192149,3.499660292804486,258.519825158536,66832.5,194.25,0.789183891660727,2.4066299473451376,2.3901995965420544,159.51914398065438,25446.357296320744,131.4458747540482,0.5340281440470953,2.077333769753995,2.065979072791689,135.88559726928332,18464.89554522986,113.50198587594866,0.4611270987119796,2.240330486533565,2.2389850804175015,146.16281702498998,21363.569080680696,122.44686181630289,0.4974676495744308,10.0587390918251,9.399557030127555,615.5850810922431,378944.9920633435,518.73583984375,2.1074798910259265,15.766284209733017,14.554161699356518,821.8164413579427,675382.263286233,796.229248046875,3.2348586698982094,4.112455951466418,3.985962173577759,272.4526924492041,74230.46962282062,218.62994384765625,0.8882328438571921,3.0800357022396225,3.002146657806896,219.9389259016949,48373.13112679124,167.44903564453125,0.6802990044004477,3.0682491493954998,3.031137298208048,197.31956813119214,38935.01196748018,167.071044921875,0.6787633328971401,7.54764295350269,7.199299777230967,465.64622892888957,216826.4105156958,396.93023681640625,1.612617498113696
quarterly,T246,21.366797736215165,18.99865135898322,1350.061445360914,1822665.90625,1240.3125,2.6117818722819868,14.36369329268971,13.150773685354899,1010.191061287093,1020485.9803043433,871.3792893301356,1.8349026005578504,16.15467399586908,14.663012148564059,1109.8488780598432,1231764.5321306926,969.3144317936029,2.0411290392540966,9.577972362379022,9.154009845417162,699.1232459439126,488773.3130191525,593.8790997085806,1.2505579577292154,32.94377811282004,27.72497720871025,1948.1960718254397,3795467.934276074,1798.7942504882812,3.7878020381076194,20.598365043176997,18.492018461862614,1196.110614286668,1430680.60160923,1148.9718017578125,2.4194416516758697,22.825066092681098,20.21227369078609,1347.8544738085955,1816711.6825658455,1273.9486999511719,2.6826111328795563,33.69291446135935,28.74165521968394,1981.269678232586,3925429.5378838554,1858.9908142089844,3.914560652488592,23.45485796800161,21.485885670899656,1409.0863516473996,1985524.3463989794,1367.2791137695312,2.8791411871548838,22.194764501612113,19.975971333136094,1341.9143640470156,1800734.1604357064,1283.0689086914062,2.701815967031572
quarterly,T268,11.791034429716191,11.248387290145768,289.0231392120707,83534.375,248.125,0.3058237469186524,40.76688633724857,33.126715360811765,789.0230337341679,622557.3477630699,735.9980423537048,0.9071463135008687,24.944103937500145,21.1514625363585,565.9963691085466,320351.8898440581,468.4640015466755,0.5774001662448752,95.10288185215143,63.458119781599045,1435.0082447248672,2059248.6624283444,1396.4760404628,1.7212112248925227,33.37555247627755,40.31463844453838,899.5408607802652,809173.7602133006,879.7933959960938,1.084379699255662,19.413324700336787,22.93090592067428,598.4191986084419,358105.5372631699,479.176513671875,0.5906037555528451,20.160749545787183,23.64179047071653,604.646794603436,365597.74622420967,501.03192138671875,0.6175413985867527,20.245149162471282,22.804499780482324,514.4336218417708,264641.9512812421,491.9080505371094,0.6062958716562564,25.72635014687712,29.98310009131726,668.8882220069155,447411.45353957266,642.1559143066406,0.7914822279868208,12.24350030666925,11.45525605618688,268.9258736434812,72321.12551490963,253.01556396484375,0.31185155788600294
quarterly,T273,18.43035787148361,16.279883259369477,1076.4568035922296,1158759.25,894.25,0.9435134467741211,7.95055754184562,7.61284561715263,510.1220621691477,260224.51831170378,424.551494780417,0.4479396635989673,8.002826192264221,7.519365164274114,544.0004342649282,295936.47248043044,423.2942425327001,0.4466131504295987,13.41583367339798,12.293913941551306,821.6815936333949,675160.6413159154,689.6119763643438,0.7276020942200009,27.972003352184206,24.315829289571987,1377.1917486864563,1896657.1126500592,1315.0989685058594,1.3875466151792617,24.503178612506556,21.23807241631525,1346.8851102261801,1814099.5001489893,1150.8249206542969,1.2142228543696842,22.119980193395303,18.42256696977084,1340.2210264684484,1796192.3997881413,1012.05322265625,1.0678063454596092,33.136857987686966,27.530431295595655,1625.6187137242216,2642636.2024103925,1468.3329772949219,1.5492221508746313,27.697279013572896,23.968661939625015,1379.214171433301,1902231.7306824476,1292.2389526367188,1.3634272611216671,22.039026342776086,19.304202104357977,1162.1233210616574,1350530.6133553758,1027.8034362792969,1.0844242245123457
quarterly,T301,2.5727711564472093,2.6118130848139924,160.34883847412178,25711.75,148.75,0.9858338165852043,2.2745680491835363,2.3089987538293366,150.48499023328876,22645.732285513015,131.38292080095277,0.8707342940995959,1.6022794339978532,1.5818411182572198,114.23894875605865,13050.537412889395,90.02157992420928,0.5966139005829462,4.16612067401988,4.25883658555914,247.9394576871308,61473.97467818853,242.57458979874616,1.6076519910446272,8.898076028571763,8.464902900330513,517.7929573571621,268109.5466886759,482.3416748046875,3.1966973725768373,5.6959938735979545,5.501607543781414,349.4040631562813,122083.19935011864,314.0675048828125,2.0814680134723718,11.82636745475201,11.134524950512406,650.5918716615365,423269.78347206116,635.0819091796875,4.208976284845912,1.682464050872029,1.681473158449572,109.95609807641614,12090.343504190445,95.7608642578125,0.634650744811946,0.685128387922072,0.6843256904008933,52.684805998874005,2775.6887831389904,38.95281982421875,0.2581580304811118,1.1485050768686733,1.1545016351767932,70.3998312676166,4956.136242508888,65.792236328125,0.4360350348976887
quarterly,T328,4.2275770605124965,4.09807850116324,298.6074450679353,89166.40625,240.9375,1.462665047806951,1.4155067587876304,1.4361177414422766,125.63872132412904,15785.088295962158,82.60899726610012,0.5014964168529374,1.368850245055285,1.383800880436824,118.23109561990431,13978.591971482956,79.90960338186085,0.4851091417930542,1.4144573148821549,1.409804085705719,108.20364054205261,11708.027826553733,82.65328459977354,0.5017652730294342,12.36841321911719,11.554847775465044,715.5673388531314,512036.61643335223,672.5858764648438,4.083083177810556,6.306924618855541,6.065365065263667,399.1703078474413,159336.93466702104,354.62139892578125,2.1528086139067004,7.468383999682679,7.143681917419483,456.96747623088163,208819.27433282137,415.361572265625,2.521545437945819,5.071895762626915,4.929176462273747,310.0292138572176,96118.11344492435,288.148681640625,1.7492710981370467,4.518479802432642,4.402010632550148,278.12894154981035,77355.70812761784,256.7376708984375,1.5585835234386858,2.136428772864736,2.121756116201012,137.79968973034545,18988.754489779472,124.05126953125,0.7530810109652452
quarterly,T343,10.01673368565073,9.545407660143907,824.357837198143,679565.84375,464.1875,0.43323805634953044,7.680048065213245,7.1390008842097386,650.9148699333854,423690.1679003959,361.8049790548123,0.33768183310254896,14.734036005634815,15.441634576046853,766.5951576058703,587668.1356647692,688.0133014245977,0.6421403968263176,26.694014308305537,31.56103894181826,1413.8641982944807,1999011.9712188947,1328.865183971814,1.2402638361750584,21.421181183817417,24.48821506848069,1176.0358288474756,1383060.270732969,1062.6410522460938,0.9917900505125999,23.56554170034516,28.14195607930323,1486.9582992664912,2211044.983757496,1228.0389404296875,1.1461601263999883,25.498058654086204,30.32164717136628,1610.9887689702466,2595284.8137482703,1347.7269897460938,1.2578680415293415,34.68587016855857,43.801267997275325,2094.4376757754153,4386669.177707523,1897.8641967773438,1.7713251559492214,32.58275389165076,40.18980703439694,1907.7117316618805,3639364.0511203706,1745.8764038085938,1.6294710646291488,16.3903688098096,17.41709898440221,870.5750498695404,757900.9174553528,786.7967224121094,0.7343374881055679
quarterly,T347,7.11421457284882,7.415196909423508,381.6330043379372,145643.75,348.875,1.5072635956148404,3.1523197826379112,3.2112460213225456,169.00175503492025,28561.593204883193,150.64686620981252,0.6508478315485771,14.574495733998043,13.067780760532486,804.6369804896198,647440.6703714528,636.6549544994969,2.750574950583774,13.366437746822662,14.35684951119764,687.7318769595029,472975.1345862408,679.2673923597814,2.934675778408085,5.32594706590557,5.378561843410468,272.1711007485036,74077.10808265209,255.9639892578125,1.1058551137130745,8.936982178349142,9.45265071471393,487.7099015876921,237860.94810667634,442.96673583984375,1.9137732282328401,9.093001106911212,9.599813633125152,484.4979775733978,234738.2902727127,451.1820068359375,1.9492661093522168,8.675436116947644,9.181301806004608,482.902300324911,233194.63165909052,429.58984375,1.8559803153858616,9.683932554136113,10.263622183919182,518.3119645798171,268647.29262658954,481.89971923828125,2.0819775092651347,4.337334403174433,4.422625494185996,234.43469902660905,54959.62810769677,208.46319580078125,0.9006348579177242
quarterly,T354,13.17632207480311,12.258297702522675,980.6436183700988,961661.90625,923.1875,2.951956513050082,1.50472238581989,1.517133107557032,135.3158035688044,18310.36669547126,114.47748063575875,0.3660497402318518,8.340508986679305,8.847633168210303,794.3833150021794,631044.8511538518,672.5622132755808,2.150564653345316,3.2276884538999946,3.1738736296779617,282.94476309067966,80057.73896044082,238.28138250790437,0.7619213637888145,38.18915618413443,31.945228987584812,2437.068470903147,5939302.731870204,2411.9564819335938,7.712399318705284,31.6919548410426,27.28127902379799,2074.06947228893,4301764.175880879,2057.4931030273438,6.578977906478576,42.815366533852895,35.21329815220319,2672.259666480877,7140971.7251004875,2660.2081909179688,8.506201497799172,22.174760189899533,19.647038561241985,1589.7156388870194,2527195.8125219643,1480.7102661132812,4.734674498943303,8.794405186886955,9.124386172096981,930.0557202820316,865003.6428293288,693.3456420898438,2.2170211186373354,4.107550974694621,4.248338676019482,412.59613518703367,170235.57077127695,322.3446044921875,1.0307193876403933
quarterly,T422,5.260892764157045,5.097264355306759,379.54907456085306,144057.5,342.25,0.9597588334268087,1.8329182333436969,1.8633449345272897,166.25647789477884,27641.216441977085,123.94701112762198,0.34757995268542335,2.8177833035856645,2.7649019843090725,218.05211214910585,47546.72361268624,186.16489099491287,0.5220552187182077,1.4254910647323458,1.412287672949614,119.22725046650224,14215.137253802059,94.89307255938161,0.26610508289226475,26.39584051694934,22.562686059123898,1687.381663892249,2847256.8796397746,1503.8557739257812,4.217206320599498,14.904718367771869,13.65648312351496,1011.196516834824,1022518.3956588805,912.8641967773438,2.5599108154159946,24.228106783343954,21.29753727801213,1488.273244687495,2214957.2508526444,1408.8057861328125,3.950661206205307,7.223444180078056,6.897121723200453,538.3959252218675,289870.17229551077,464.3187255859375,1.3020715804428982,5.474387597382096,5.305325438456887,385.64095444168856,148718.94574269652,355.87518310546875,0.9979674231785438,2.402162724460559,2.363119047221084,189.21628402021312,35802.80213841796,159.21209716796875,0.4464725102859471
quarterly,T474,2.211425781891916,2.2573733008040144,151.84140574955174,23055.8125,112.25,1.0246462802373346,6.506407326869761,6.742162706676458,349.9008520035276,122430.60623279453,338.3652133894208,3.0886829154671,5.892477825718477,6.088234586928258,318.1975837173481,101249.70228355876,305.4143132954823,2.787898797767981,3.398155575286747,3.473804335288122,195.69838325935075,38297.85721032373,173.402233465221,1.5828592739864993,1.2454420871143292,1.2343405361679278,81.65737169997544,6667.92635294795,62.78082275390625,0.5730791670826677,2.5746265018281047,2.6276721454099246,165.53693027078197,27402.47528347373,132.34454345703125,1.208074335527442,2.6806719930852454,2.714373776933307,147.07627478886306,21631.430605769157,136.0643310546875,1.2420294938812186,2.4214890021426347,2.460572524584714,140.33694747818757,19694.458827495575,122.8133544921875,1.1210712413709494,2.669891566647947,2.711516953769935,145.43267802059057,21150.66383624077,135.9473876953125,1.2409620054341626,5.12162198737953,5.265213805561535,271.95459941474195,73959.30414283276,264.26953125,2.4123188612505704
quarterly,T497,1.3625935291058935,1.3693895746500027,137.30695539556635,18853.200000000048,102.50000000000023,0.2859773450142297,5.075459895479466,5.224610654073898,417.56918484598526,174364.02413294063,392.7602116853749,1.095809976244001,1.2882227248899856,1.2775879522721458,130.5608097656882,17046.12504667222,96.56354133929574,0.2694144895354493,4.963319795931838,5.0955701185959725,391.1214826424777,152976.01418444997,382.3551399383192,1.0667795880205324,24.008206027959115,21.30882544021589,1640.530167025116,2691339.228919455,1599.8781616210938,4.463696673235572,8.631587813429054,8.218200035918619,668.8477144390806,447357.2651103819,617.9074829101562,1.7239760139226499,10.529089443148312,9.85759156093513,836.0757127874166,699022.5975129867,738.6271240234375,2.0607865744753013,3.678844793036524,3.6679685884897797,315.710476436274,99673.10493161913,276.57880859374995,0.7716612035984318,1.9839990422122236,1.9608741363718776,195.15223218714866,38084.393727626775,148.3448730468749,0.41388558966261624,1.5387675862782717,1.529417670414553,136.46241888386467,18621.991767635343,115.10927734374991,0.3211575172807039
quarterly,T501,0.9997194249867912,0.9909861204415498,110.0560766155144,12112.339999999975,81.64999999999986,0.3184353184353179,2.2664479687417605,2.2948160219383515,196.75175195223167,38711.2518962725,187.95132369610815,0.7330108954257173,1.5432617535532294,1.5555228227341642,128.456732675194,16501.13216958625,127.08477819246798,0.4956311305817558,3.61912529000223,3.688151218280421,307.40139533690996,94495.6178550792,301.7645794689281,1.1768830368118566,16.937782234029005,15.44335168543366,1349.9371237329235,1822330.2380323182,1264.7876831054687,4.932676896788225,12.197542287574002,11.465195789595727,957.883782491237,917541.3407597194,936.6254516601562,3.6528429143175236,11.383800817354613,10.75802051088317,886.7493631237761,786324.4330004225,878.2557006835937,3.4252006578666734,1.3949149684406839,1.3843720558147692,140.4972874552914,19739.48778229478,113.63557128906268,0.44317917120651573,0.7438467313144072,0.7408143674602666,73.367763713962,5382.82875238776,60.677038574218614,0.2366406870801397,1.4767328193146296,1.4882076725771618,124.13412966743223,15409.282148290878,121.49564208984384,0.47383347798386904
quarterly,T510,1.8899923899722775,1.868154736106867,127.27332792066058,16198.5,114.0,1.8362416107382549,1.4486423684960343,1.4363816903158675,118.69340162951634,14088.123590385672,88.86000492771007,1.43130209279533,2.7438696869461032,2.7031690728645015,172.7965615466408,29858.65168234202,164.56243115020197,2.650670031949562,2.3659995034591685,2.3257898519576026,190.18985795997403,36172.18207083509,143.9829129767205,2.319187860027713,4.802630483965836,4.6550838037325635,344.95873618660596,118996.52967146039,286.17694091796875,4.609561464450503,2.1449369799559705,2.115201087034407,148.5100221905492,22055.226691037416,129.25445556640625,2.0819509621434564,2.176407174259796,2.1455664875076352,151.54894523728663,22967.082802534103,131.26904296875,2.114400692114094,2.062036946185007,2.0325158245713166,148.8074740546845,22143.6643345356,124.620849609375,2.0073156984060403,1.1299897200741416,1.1185453730154453,92.64777145175282,8583.609554976225,68.38299560546875,1.1014710701552013,2.736379903247304,2.693453184439009,178.64216544413782,31913.023274570704,164.65960693359375,2.652235279467282
quarterly,T528,2.754878965859666,2.69235464488202,170.06469357276953,28922.0,130.5,0.9787499999999999,3.2985419602592847,3.3509321631560742,182.96867229599383,33477.535041758776,156.9576216667773,1.1771821625008296,1.649733688573459,1.6528102895147876,95.889304722857,9194.758760232926,79.3252989718278,0.5949397422887085,3.361998609198259,3.42220306918997,193.9889604472525,37631.7167754057,159.88329929004078,1.1991247446753057,7.617075540958639,7.314921277205835,429.1850629351055,184199.81824661046,350.3446350097656,2.627584762573242,4.275999849161384,4.177539434360245,208.49670207143478,43470.87477466464,198.95977783203125,1.4921983337402343,4.385939792364507,4.278504316711852,219.02226735743562,47970.75359839201,204.5687255859375,1.5342654418945312,3.3933244404173086,3.3059475350920158,197.08103078437347,38840.932695031166,156.933349609375,1.1770001220703123,5.587703970856349,5.40504841153381,282.02067071611117,79535.65871116519,257.25335693359375,1.929400177001953,1.5989011319742559,1.6035675532859748,93.78820103254058,8796.226652920246,77.9422607421875,0.5845669555664063
quarterly,T543,1.8899923899722775,1.868154736106867,127.27332792066058,16198.5,114.0,1.8362416107382549,1.4486423684960343,1.4363816903158675,118.69340162951634,14088.123590385672,88.86000492771007,1.43130209279533,2.7438696869461032,2.7031690728645015,172.7965615466408,29858.65168234202,164.56243115020197,2.650670031949562,2.3659995034591685,2.3257898519576026,190.18985795997403,36172.18207083509,143.9829129767205,2.319187860027713,3.06144048601483,3.021171736051925,203.69403925006046,41491.26162600517,183.6156005859375,2.9575667208473155,2.1981411529145767,2.167234810594746,151.53787381417453,22963.727200120687,132.51031494140625,2.134394334626678,2.174307970758424,2.1442628583241716,149.34126544710816,22302.81356534362,131.05609130859375,2.110970598259228,2.1498822153455786,2.1209904646876914,147.10828058379647,21640.84621632099,129.8499755859375,2.0915432309144295,3.4986415217822477,3.406508363862419,262.1576472748327,68726.63202467561,209.64691162109375,3.376863005977349,2.4413316971390895,2.4033704487935714,168.67825440423513,28452.353508859873,147.36419677734375,2.373651491715604
quarterly,T581,4.116837343192621,4.107388241285613,266.11786004982827,70818.7154375,223.69375000000002,0.8169111168933139,8.737452650942643,9.30748941086343,588.5208995892505,346356.8492533406,499.64586261881493,1.8246654619677989,12.335291664815312,13.476821594505042,845.6047325804312,715047.3637624227,723.8961971511524,2.643609179646594,13.021319965737089,14.278628283935419,889.6727530605738,791517.6075383807,767.3181956455516,2.802182735178653,26.57204137520896,23.05689788783446,1346.6565146037851,1813483.7683248143,1257.2872717285159,4.591509371198297,13.39649409022963,12.237031566690534,808.6352610745898,653890.98545317,679.5567114257814,2.481685036453555,28.757713112283202,24.7747616257285,1442.804342671581,2081684.3712319732,1364.4620458984377,4.982902802932262,5.527290192224041,5.299582271726202,373.17210035864656,139257.4164860838,294.1446142578126,1.0741918599044569,16.660014768377017,18.625803823918464,1126.7114218032873,1269478.6280219853,1002.9750878906249,3.662782260411388,14.766919063698914,16.395299362475086,1019.9703012022536,1040339.415334616,881.2496850585936,3.2182511334496233
quarterly,T588,1.6790015927921416,1.6563269778818908,144.94408421870844,21008.78755000005,110.37250000000017,0.6876394190442624,0.3046656768282231,0.30531022050887135,26.22512238868725,687.7570443016252,20.08414093433214,0.12512760881639196,3.445869780743312,3.366274288584554,263.0319775641719,69185.82122131903,223.78744418701058,1.3942337820576323,0.8337616740680722,0.8341483241571613,62.024372341367396,3847.0227643405806,55.01578694502791,0.3427576957407131,13.138656983340313,12.161252630906194,888.8784390905316,790104.8794800199,805.0025512695313,5.015302604218702,2.560404812380409,2.533379886037668,199.41959092525448,39768.17324479584,168.1508544921876,1.0476083797576752,4.3433536691325685,4.23301037403147,306.6185633941016,94014.9434178627,279.5629760742188,1.7417248178120506,1.5413961355816133,1.5209002564786462,136.06731699356783,18514.314753828075,101.37060546875,0.6315560873650254,1.3195937694796145,1.3077558979398478,118.25065611193554,13983.217670903237,86.98215332031259,0.5419135869568834,1.6442044230089061,1.6244516194462943,131.92444310406006,17404.05868831638,108.09648437500005,0.6734594551754477
quarterly,T626,1.91808316572536,1.88913412820547,54.534713715210756,2974.034999999996,42.07499999999993,0.051578989446753994,36.15015135432075,28.850786597359434,750.9430895703664,563915.5237734873,642.4761929452841,0.7876000659706606,3.7266759658454474,3.8349517869703176,108.43639799377672,11758.452409864743,83.16735638605377,0.10195337367440767,145.9240261070945,83.53140178844846,1885.2715307084322,3554248.744499715,1855.1823028301958,2.274234781211731,20.211547184318075,23.82621701725508,642.2002564333688,412421.1693630847,521.1027526855469,0.6388105378833588,18.6013128451882,20.578315710459144,508.16201673488865,258228.63525206925,452.15264892578125,0.5542858397448549,15.149003215209856,14.633563366988051,372.1946654200085,138528.86896711207,323.47081604003904,0.3965370839420583,4.377740094516234,4.281771444714136,149.3626704261175,22309.207316820994,95.27598571777344,0.11679712565338392,4.664649060565898,4.520772143382969,124.24636915718418,15437.160248743288,100.85037841796873,0.123630673894749,7.676413928570009,8.086369278520042,202.18201663136796,40877.56784912675,177.0283142089844,0.2170158419575014
quarterly,T665,19.216592521179138,22.297662591720567,1266.4073200643227,1603787.5003125,1014.3687499999999,1.1366809482204667,23.237362993784906,20.21490385469382,1280.5784699211847,1639881.2176256825,1096.5266562629556,1.2287454235848594,21.454078836006957,19.108398345119138,1173.4849797060626,1377066.9975957382,1024.1650809733092,1.1476585170580544,18.561430569661542,21.800532688017135,1204.2834311386578,1450298.5825150982,988.8701818383763,1.1081077724042576,25.565870351906828,30.36554637600212,1582.1665637733504,2503251.0355223715,1451.9385131835936,1.6270127070883662,30.021974435666877,36.60047323068532,1857.3286383197874,3449669.6707228357,1748.521398925781,1.9593574444350088,29.560001329043413,35.929199433433055,1816.3238198364324,3299032.2185052093,1714.249914550781,1.9209535175038035,25.64308575360745,29.721977089064232,1479.663631113649,2189404.4612404285,1456.9468139648436,1.632624906873705,31.054078524889935,37.46338650415314,1854.7225122942739,3439995.597611183,1815.2314819335936,2.0341114038892867,19.01056830556441,21.49802678661743,1090.8021104286474,1189849.244115591,1025.5600341796874,1.1492216731917082
quarterly,T672,43.48452104445414,56.515132731595386,2942.534699126333,8658510.4555625,2877.5012500000003,2.4757131249842046,18.433298392605813,21.0014782233114,1148.9952828120768,1320190.1599244042,1014.8375563897631,0.873134862436996,39.468033427492344,29.560532905254927,1740.5019848369952,3029347.15922152,1412.2991492072542,1.2150985303990482,62.143670233912786,93.31542986209385,4785.3068966665305,22899162.095284265,4673.806461750723,4.021198601040487,16.023457157812572,16.58901937358821,1048.6567391255003,1099680.9565133275,870.8605859375,0.7492615277358796,42.812195611826745,57.84239274382828,3172.949234996544,10067606.847865153,2875.6585595703127,2.4741277311005145,46.25965785683038,64.62926225972951,3483.9259065116426,12137739.72206297,3153.180166015625,2.712898742422703,9.28943171386266,9.547261510827616,686.5177983226681,471306.68741380353,522.8236181640625,0.44982127932715915,37.34076006497954,47.00205826628443,2465.4934748553237,6078658.074554179,2365.8563940429685,2.0355097070974266,20.001686714322368,22.652394341846144,1256.5895420928362,1579017.2772970835,1157.75318359375,0.9960950502159797
quarterly,T704,3.6293340554787874,3.557940069285978,214.781866087433,46131.25,203.75,0.978,1.5492443099791129,1.5638115613118473,98.8270595556217,9766.7877004104,89.74899315103983,0.43079516712499116,1.4016312480259279,1.414357971538583,92.40785592348904,8539.21183637631,81.2455658112242,0.3899787158938761,2.086009553090679,2.1113561524414495,130.42082553542136,17009.591733340818,121.07387350317026,0.5811545928152172,16.32935575335499,15.004590100166418,891.4286814649582,794645.0941383541,857.9828491210938,4.11831767578125,4.620511896416906,4.502672628370162,273.5396702318716,74823.95119056106,256.93182373046875,1.23327275390625,6.289131734017039,6.089349071383947,353.12106098277906,124694.48370960355,346.63616943359375,1.66385361328125,2.874648295371532,2.817698470926337,188.06645755519517,35368.99245736003,159.83880615234375,0.76722626953125,2.0524533795529605,2.0814399783385404,139.87823062041016,19565.91940149665,119.66741943359375,0.57440361328125,2.476278562456528,2.5174260191175257,167.0527680343892,27906.62730795145,144.7108154296875,0.6946119140625
quarterly,T708,5.619210689380654,5.853068120531573,310.0746394821738,96146.28205000004,261.995,1.5150656492787393,3.4745645197115795,3.565512401469188,195.30249726986779,38143.065439846716,159.028533604529,0.9196307888295255,3.645218213323989,3.7565344342985743,212.32985310507692,45083.966519623544,167.02631412859262,0.9658803834495728,3.278309064236658,3.362176078566476,184.272685097783,33956.4224731467,149.89404801249384,0.8668078519630813,11.615573837046114,12.46577554045794,604.8373518222257,365828.2221593228,562.0459179687499,3.2502012009076093,8.561882926026797,9.125243030386349,488.7368059572553,238863.6654972998,408.8934521484374,2.364550558465228,7.93309374998327,8.4829473018147,480.1984649793607,230590.56576853432,377.1062207031249,2.180731239590952,8.292426422434307,8.849167533490135,483.77139081646953,234034.7585725013,394.6798291015624,2.282355966850438,11.281131374307266,12.093608361107124,590.6768679433629,348899.16232338105,544.8921093749999,3.151004093502151,8.79003309820843,9.397514304657127,507.3539847794038,257408.0658715395,420.0230932617186,2.428911088015535
monthly,T44,37.18377429770512,45.838811905300425,2148.739940833542,4617083.333333333,1736.111111111111,0.7560952912711707,28.350972906865792,36.45020586898517,1598.8900936487464,2556449.531568097,1280.2192829804817,0.5575494364739116,26.52057289829691,34.662093095162305,1632.5859722152438,2665336.956673993,1243.9107244863828,0.541736663930418,29.063218537981157,35.0507710010904,1593.6018046214924,2539566.7116928776,1309.0530889033168,0.5701068728892167,47.92861265398783,69.2191869082515,2837.9897100194753,8054185.594176425,2495.6058485243057,1.0868635186203006,41.59438407491757,61.50220814282874,2490.825196825366,6204210.161140124,2101.1134982638887,0.915057804939047,42.10935735179906,58.98744959914539,2558.8283978895915,6547602.769846214,2181.622802734375,0.9501204836029103,40.46445779954083,60.65084026603217,2810.1271913385535,7896814.831500309,2194.490193684896,0.9557243724590837,35.054990420013795,44.67917435404828,1981.827135948906,3927638.796783444,1665.6138644748264,0.725392972803107,30.635637449138663,32.809175790593855,1852.9800618026086,3433535.109437999,1382.9773084852432,0.602301675387208
monthly,T50,33.602387213417025,41.31208482897129,1307.1172692438715,1708555.5555555555,1076.6666666666667,0.6446116057721831,22.008732990366422,27.825422496580508,875.4004985268047,766326.0328209782,654.0212057197659,0.391569343307812,38.49844991717356,39.50055570186633,1374.6120514721829,1889558.2920525633,1102.9976316683947,0.6603762301975344,24.849147606188293,25.101881158650812,873.7207937028304,763388.0253487038,721.1609941144403,0.43176663755700295,45.83121041961157,75.5324346696725,2112.8155574309576,4463989.579722289,1772.2570665147568,1.0610688608240024,27.913211548242145,28.86444898058023,1049.486696465996,1101422.3260591095,793.9146321614584,0.4753250023686963,33.70011664573039,42.55586044166309,1363.5454136428816,1859256.0950665374,1087.1477728949653,0.6508867538057054,41.080478146011544,60.56098120506085,1811.1664064760457,3280323.751947353,1512.0331353081597,0.9052700687291715,29.36722152322766,37.842720464260395,1098.4796121245781,1206657.4582533638,930.2119954427084,0.5569276607655147,26.529319701689875,34.2518381708126,1096.0690003543773,1201367.2535378437,825.5570339626736,0.4942696396153557
monthly,T112,14.843416987899168,15.832254731051018,1228.481447424692,1509166.6666666667,1044.4444444444443,0.9629629629629629,20.055375516925324,22.98060009778061,1606.6669290229715,2581378.620816106,1456.1891584104171,1.3425857488890371,14.933221104073457,16.806139777118563,1271.8470662274901,1617594.959871474,1052.7883724787284,0.9706559462569837,17.687683579104295,19.98702302438607,1406.7224073968555,1978867.9314724049,1261.1198551237978,1.1627346181992464,11.874994943687334,13.105088662730807,1074.631354856126,1154832.5488399134,819.01806640625,0.7551230399490249,10.5694788247813,11.915752831575313,1059.3835479875834,1122293.5017467604,739.71875,0.682010195035461,13.087991133775395,14.725657343497705,1202.2180886208582,1445328.33260719,936.3075086805555,0.8632622420459023,18.312693019158655,19.72766467833545,1519.6355836021871,2309292.30694996,1292.2035590277778,1.1913933522951143,12.697918745154935,13.957534138063687,1049.2978384706646,1101025.9538192088,891.6943630642361,0.8221295545982319,32.27804597103461,39.52392343125069,2680.3493306269224,7184272.534192191,2552.1667751736113,2.3530615657629044
monthly,T128,25.088687118766234,29.115510060836968,1257.7537296483936,1581944.4444444445,1050.0,1.199121522693997,17.006069241037306,18.830477981366972,784.5826582514841,615569.947628965,675.1616811887696,0.7710484792492538,21.353828072360294,25.34672224101604,1064.1423874747645,1132399.020820492,882.5742095106247,1.0079178380941247,19.69954811915277,22.530499796338997,899.4375240096186,808987.8595965533,794.569807803547,0.9074150074476818,26.05714693007764,30.46238402967764,1205.3239663785664,1452805.8639265597,1094.8366563585068,1.2503259033083973,20.51198740930951,24.46895999537648,1095.7799244363102,1200733.6427976456,857.9418538411459,0.9797871830103863,18.487025340654917,22.012694605050044,986.9141212129226,973999.4826494753,760.1405571831597,0.868096097515175,21.03418198478707,25.096297504762816,1104.1507006762881,1219148.769803938,879.4720730251736,1.0043751346407546,19.242296032353117,22.310176910798788,937.0948112860383,878146.6853392157,780.1731635199653,0.8909737445762416,19.796940958882814,17.9393894122868,1022.0144441501291,1044513.5240514973,744.4059380425347,0.8501268399314451
monthly,T161,12.386610091977738,11.76861419102461,1087.6835732673155,1183055.5555555555,833.3333333333334,0.6385068762278979,18.890753830536045,21.483128619582452,1585.390092018059,2513461.74386903,1399.2799757182643,1.0721398635169412,21.195460678404718,24.221245840778423,1718.800223224747,2954274.20735744,1593.871311497101,1.221237350655932,20.73205415091727,23.93382085519155,1746.1442685710836,3049019.806663644,1550.4227069497722,1.1879466713367606,31.14114077904903,26.020700669367073,2117.6242188711744,4484332.332349751,1848.3347981770833,1.4162093738488457,30.23236875293521,25.441731672624556,2025.8117646704131,4103913.305877053,1800.6943495008682,1.3797068689692311,37.30328200612765,30.734536102141934,2349.838839256703,5521742.570479291,2164.8624267578125,1.6587354546867326,22.76756808969214,18.605285098460477,2060.1135611805903,4244067.884960175,1409.8771158854167,1.0802594797550344,17.757845980390044,16.437991351732197,1599.9414770948572,2559812.7301284736,1182.3735894097222,0.9059444005300425,27.980005891451963,33.68255295811217,2371.7660562588926,5625274.22562186,2193.4427083333335,1.6806339022593322
monthly,T306,45.95534676082564,46.82179914537545,1278.0736372456097,1633472.2222222222,1047.2222222222222,0.7452433901655547,44.88346095262061,42.460199911265505,1244.9405274681214,1549876.9169326043,1066.3363430404902,0.7588457296655824,77.9605640863515,52.54543012189142,1790.4709609171025,3205786.261887412,1521.364004437498,1.0826608185767221,103.49112246434098,64.88425181604798,2161.5128699490742,4672137.886955484,1889.1976881884689,1.34442533777682,31.775266794487433,46.33959777411769,1057.7673946617886,1118871.861209588,828.5373942057291,0.589618901732765,79.63678741274406,55.12777574941975,1768.230666459567,3126639.689808044,1490.610080295139,1.0607751498023228,87.26118639682826,65.19171886974807,1956.5296933660065,3828008.4410228794,1585.0809461805557,1.1280042315295282,39.104669612365875,35.22496707942926,1157.3759571261292,1339519.1061336233,946.3811984592014,0.6734810604305659,36.242206006687695,35.787702452716495,1044.3374439302595,1090640.6967947881,878.6445041232639,0.6252770377748951,29.17818777848363,39.326306327490116,993.5282541543312,987098.3918029533,736.0943196614584,0.5238328738880653
monthly,T335,33.977328570921756,41.42317019309266,741.297661012243,549522.2222222222,592.2222222222222,0.5333333333333332,52.39323247490354,90.33801365780137,1137.962685096208,1294959.0726713713,986.1607617245377,0.888099747894518,61.27062028673919,44.16554546106701,714.276533102833,510190.96574140247,637.4208015121617,0.5740374947951925,35.810895237724694,40.2235099955981,666.6447216161711,444415.1848587022,555.3643801658774,0.5001405299805274,56.506266819169525,97.80101749086143,1268.468139184574,1609011.420126376,1127.071770562066,1.0149989678607723,52.979126815758534,77.08951753505642,1123.258758517078,1261710.2385853273,933.1966756184896,0.8404022594688086,61.763602646221095,89.86380397795313,1271.5642445310903,1616875.6279699223,993.2903781467014,0.8945204155917761,40.74528911851098,53.758441015429284,765.89236055769,586591.1079606307,635.8627319335938,0.572634355212242,32.4261401435518,49.596933089809056,691.0670013844899,477573.60040255054,515.0662706163195,0.46384954952313945,39.74022932668363,62.40635885195469,845.0430403900124,714097.7401115961,671.1383870442709,0.6044022997772045
monthly,T344,51.01042641488114,66.58975508715707,1783.9858619270376,3182605.5555555555,1500.5555555555557,0.9406028947654805,44.554777669648956,63.49144454929173,1384.8333926833122,1917763.5254907731,1214.7227972052635,0.7614325075527607,54.11505032721246,81.9600093569518,1737.214343139893,3017913.674010969,1609.9747841173312,1.0091908539031262,60.05805987472147,99.25387284735697,2011.4181934651472,4045803.149002596,1864.1423200511385,1.1685123259870016,47.78273508740354,61.519469007612805,1425.7443252296014,2032746.8809244111,1162.8150702582466,0.7288948530512026,56.27820903140771,94.09213924526078,2121.1296121565183,4499190.831567261,1772.2413465711807,1.1109054474099467,64.48986951649931,94.31617993191962,2379.040776876875,5659835.018042926,1881.3006795247395,1.1792678108676133,42.68618460417588,53.56002434534359,1255.9212318147581,1577338.1405230993,1083.2978108723958,0.6790505376673196,48.008264205153765,65.06137583612015,1544.5648660915444,2385680.625564391,1317.651604546441,0.8259520341916966,57.31576959889089,49.203180259315566,1402.7082696172022,1967590.4896524856,1166.854688856337,0.7314270331714551
monthly,T394,32.077309139784624,29.043444057570454,1435.7170101845743,2061283.3333333333,1235.0,1.0809628008752736,49.23557650214906,72.1571676578476,2613.3195851419173,6829439.254086322,2435.1217064754114,2.1313975549018918,20.07148848665713,22.43303030268661,937.0162623717902,877999.4759491994,813.1086049014472,0.7116924331741332,26.765145530151614,31.363621420330222,1398.298899414526,1955239.8121038745,1110.4058290319804,0.9719088219098296,27.679535805168353,22.86968723808781,1563.777719703717,2445400.7566417563,1094.6234198676216,0.9580948970394937,46.116062534503946,39.632103879198354,2350.832057509762,5526411.36261558,1681.0277438693577,1.471359075596812,29.455413383797453,27.02089187240067,1804.055330235529,3254615.634551224,1169.2235921223958,1.0233904526235411,44.984208971138656,38.233990944357274,1941.0013339819118,3767486.178519561,1586.6258205837673,1.3887315716269297,41.60765852758214,36.774772852908235,1818.2001081610483,3305851.633316848,1495.6965874565972,1.309143621406212,33.63729791667186,32.19951260508048,1531.0069030142479,2343982.1370772785,1255.3814561631943,1.098802149814612
monthly,T431,21.11867041440644,22.89649271121276,2037.1112444395917,4149822.222222222,1615.5555555555557,1.0721231393151758,54.77818830635272,83.01500271102859,5615.624351333145,31535236.855285805,5299.58992505736,3.516940638777178,21.862027222806795,27.534533798531967,2060.577863212762,4245981.130362473,1608.566464441374,1.0674850033621726,26.748580791630154,34.34060292413677,2484.8231973060547,6174346.321870285,2040.3675298394494,1.354039007774002,20.58507497762131,19.026462022480565,1925.7539606681808,3708528.3170291847,1513.1858723958333,1.0041880530208764,23.517406879305483,21.808216751071395,1951.747438225779,3809318.0626208913,1583.9022081163193,1.0511171849797225,35.95189240813828,29.185461193749767,2615.46595758313,6840662.175276239,2141.6766221788193,1.421270259430158,23.794144951538662,22.780186532831234,1863.8750526477975,3474030.2118828297,1547.6435004340278,1.0270549982142034,19.15475153903196,19.92778242697254,1765.2931376137592,3116259.8617062303,1395.572265625,0.9261367171298216,40.08384082229358,55.70607440774631,3843.0233578411617,14768828.528912757,3450.2594401041665,2.289678599820268
monthly,T494,3.2165428177639637,3.174986441263578,243.96037929685767,59516.666666666664,207.22222222222223,1.086629868138608,9.277515660000212,9.743288957509598,669.19389319671,447820.4666917696,608.7384688816063,3.192096846941266,2.7554692497904707,2.7306198588319965,220.11209809128047,48449.33572614547,180.37089013904628,0.9458271148045666,5.335264195927877,5.2406872902196495,477.73914594451105,228234.6915677908,346.0123271797669,1.814416067088014,2.8099588359763965,2.719848564186042,308.43108351338617,95129.7332772414,184.47726779513889,0.9673600979137918,3.9274789359517883,3.930143812489954,324.501010819259,105300.90602272087,254.10636393229166,1.332480473242008,4.886579375824624,4.827046504957878,374.1345729416545,139976.67867023416,308.38462999131946,1.6171043155018592,2.444866405479766,2.402981586674552,209.9657094963062,44085.59916428725,159.70038519965277,0.8374353225740762,2.6448879503741662,2.5857975924901084,246.48800168243787,60756.33497340149,173.91365559895834,0.9119667312916859,2.9901778817519493,2.9320051276240267,240.45372661312297,57817.99464213848,191.56816948784723,1.0045432990623084
monthly,T582,28.184684258408865,24.28767457738399,1989.2943263043471,3957291.9166666665,1853.6666666666667,1.5292895886177862,5.960179530445632,6.123333352300416,561.3863501275849,315154.63410957134,449.0463628081286,0.37046678337483696,4.677818863123374,4.581620986550532,427.1241412323691,182435.03202348875,354.952880443449,0.2928389198950155,28.638620150183776,24.746645168203813,2048.2464451403953,4195313.500030266,1926.2396587949613,1.5891628782833005,14.807359969512238,13.553540089519098,1183.5077998337538,1400690.7122673327,1047.7368977864583,0.8643911865108046,9.561443500647492,9.998082745742817,951.6381701922344,905615.206966824,764.98388671875,0.6311177270739178,9.595663461169703,9.274079604349811,870.8265217639165,758338.8310074409,706.526123046875,0.5828896119737861,14.888509133253242,13.64844012570621,1201.7232465399634,1444138.7612745496,1037.5361328125,0.8559754751258318,9.34130856874131,8.955373405409127,828.1013304898553,685751.8135590686,685.0828721788195,0.5651987612462354,10.660524198449236,10.10846672067191,941.2226434198722,885900.0644862917,786.5042860243055,0.6488722258695752
monthly,T616,6.037727454242785,5.793688927198081,631.6446346201672,398974.94444444444,516.9444444444445,1.8256967894503136,3.0371357019862417,3.079845647853465,313.9113115581703,98540.31152417068,270.6541734054782,0.9558714882191058,3.223832762702554,3.2072472075055676,371.4109753117804,137946.11258204796,284.1097155442551,1.003392532979494,2.9674807838042043,2.8979221921613303,336.7554388312079,113404.22558239943,260.7216320813238,0.9207926533433785,6.3015671990794555,6.090813712392191,568.7222218045388,323444.965574291,540.8155381944445,1.9100025203434638,4.964075697870242,4.836831747461665,483.78404434282584,234047.00156070126,429.32679578993054,1.5162568456288015,7.250160155010891,6.947009416612452,676.7837506890219,458036.2451967001,616.2448187934028,2.176396708152295,5.732862875421837,5.545759629543482,539.4464863209735,291002.5116040442,494.39360894097223,1.7460538250649287,5.615382088365745,5.429730478933303,535.7842873579638,287064.8025796811,483.1704915364583,1.7064170524228213,1.8936017718608964,1.8888100085129156,198.38179479918074,39355.33650774426,167.85498046875,0.5928147641946002
monthly,T621,13.860728779468173,12.730823988709494,1018.2364929403952,1036805.5555555555,736.1111111111111,0.9595959595959597,8.70351573649715,8.712236360547669,630.1894572634101,397138.7520459513,498.26434069701827,0.6495384201196122,8.799208587050188,8.628887374445185,608.1692538775355,369869.84136195824,501.6272371330723,0.653922298835566,8.476141277830743,8.55919804257618,607.940533314595,369591.69204683416,485.80853592733365,0.6333010073838312,10.695744099107381,10.210063241201174,739.0609514814163,546211.0900046163,601.8223470052084,0.7845368502983849,16.723119883323413,16.1353160949317,1114.354255422067,1241785.4065772693,935.7843967013889,1.2198904656827712,15.401353651636732,15.649222903679332,1150.4134536154277,1323451.1142593755,878.8856879340278,1.1457171918179436,11.508445682391917,11.27837422771793,856.388847292136,733401.8577663534,642.2383761935764,0.8372232691374238,12.527629002664199,11.53431714232939,959.7735083003058,921165.1872350773,690.2500813802084,0.8998114268421242,10.40693347054269,10.824650672950003,731.0980219986388,534504.3177703222,603.0599500868055,0.7861501922229369
monthly,T662,5.194874277719327,5.002815621125517,463.30551475241475,214652.0,377.77777777777777,1.0373466390184898,3.3304048005033837,3.361708346272721,284.4337284150062,80902.54586006152,248.09240584662086,0.6812412971585381,1.9400280176396258,1.94180426769225,173.99220645662868,30273.287907646103,144.97396955511275,0.39808657075543696,3.405789377114124,3.3328852639288558,324.460772471809,105274.79287300298,252.67049985257862,0.6938123659443377,8.634426037514743,8.200550216055738,690.5566123340325,476868.4348382552,618.1359320746528,1.6973503189258303,12.842944403504653,11.932995332580742,977.626400263365,955753.378491905,894.0956488715278,2.4551129549592403,14.579341820894143,13.453323560334033,1085.73369486617,1178817.6561677456,1009.70654296875,2.772570940791912,8.137819212631532,7.768902705404135,636.9699821985416,405730.7582220104,584.4408908420139,1.6048265130527697,7.69649243959118,7.374355639254175,593.7960693727141,352593.77200248506,553.9314778645834,1.5210501797895102,2.7645348134015655,2.7792764189474335,258.55932747346316,66852.92582352956,205.52311197916666,0.5643495250205539
monthly,T782,14.36750225726854,13.210054948745634,767.9418742471479,589734.7222222222,687.5,1.5135478408128704,8.633610613919801,8.188088178638438,506.6167923950119,256660.5743366106,431.62520660523995,0.9502333083603928,3.4719876947730177,3.423464288669557,205.58143382474537,42263.72593343817,177.46666447032607,0.3906971444731988,13.83714955426633,12.718643196222915,771.8812343177121,595800.6398918348,671.3520922168199,1.4779978321454121,22.855394633490754,20.000789379729856,1175.3850336404178,1381529.9773058859,1043.6065131293403,2.297524923062053,9.018644856399211,8.609778671135532,503.4494451864655,253461.34385855994,448.14697265625,0.9866063750264606,7.380142671111104,7.225981972022962,439.6614030776934,193302.149356246,370.241943359375,0.8150965730180991,15.05831140835117,13.913380510220794,744.649589019479,554503.0104268789,709.2522786458334,1.56143600717965,12.679739846500631,11.736468389998464,704.4672261288707,496274.0726897054,617.1377224392361,1.358643588773932,11.59760418008527,10.746633060225244,670.9552402959042,450180.93448053463,568.2636176215278,1.2510460675833805
monthly,T791,34.78367380681572,28.26969218301103,1660.4540460033481,2757107.638888889,1286.9444444444443,1.6914754317048082,58.93440764406942,44.20835398152455,2286.719995937714,5229088.33982138,1972.8795006400096,2.59302351352641,33.72460311675016,27.772001516045464,1627.4851162667296,2648707.8036697307,1287.3831450441958,1.6920520310207747,19.554168215402136,18.88022501698937,1162.8874082076622,1352307.124167934,817.9583482200776,1.075070844079341,32.40110655875888,27.049600532383998,1748.7887191855325,3058261.984350575,1255.6372612847222,1.6503273220259846,44.07393469695972,34.740736180776175,1900.7122921899893,3612707.217682123,1540.6224772135417,2.0248932119706593,40.7552697176207,32.15483328770963,1785.5721591074168,3188267.935379522,1411.7380235460068,1.8554959331305134,29.715322582421134,26.62513305169029,1501.1939821115118,2253583.371927818,1164.6312391493057,1.5307149710470795,30.629880666381005,26.560929339888528,1542.568045808207,2379516.175948551,1179.2996487087673,1.5499941672075044,27.363040419248506,23.07002427687412,1395.664687098363,1947879.918813371,1072.1785074869792,1.4092011598830474
monthly,T795,9.428009897787753,9.084563751576972,252.50610553674406,63759.333333333336,182.77777777777777,0.29586382598279315,20.790414556068164,20.514312514417572,467.789531668475,218827.04593861118,382.70340168167024,0.6194850053152086,16.869595147515586,15.175917634561106,307.2592745382756,94408.26178978739,250.90315354529127,0.40613890737478586,32.87267169994861,26.80002281416517,708.0812522566572,501379.0597973558,546.3698199533045,0.8844131234019639,16.482697372499416,15.821159965156696,342.27981666292567,117155.47289480601,283.8489990234375,0.45946860648762494,21.214091935306467,20.298506148495452,428.48703626693134,183601.14024881853,352.73735894097223,0.5709787363222351,20.73444985473599,19.51915580151288,437.7925370178308,191662.30546850877,333.67722574869794,0.5401259488632253,24.637656866834362,21.6305979444859,408.6713347557161,167012.25985101858,370.10224066840277,0.599087406906154,16.089956504942812,15.480299354142172,330.3604578864216,109138.03213492615,273.17574734157984,0.4421917300715488,16.353483549506922,14.780522198839707,386.6204476323416,149475.37052743218,289.1692369249132,0.4680805174092197
monthly,T798,12.40971103446215,11.408198088919502,975.4429193391528,951488.8888888889,807.7777777777778,1.7130686967554831,10.346673755676337,9.778044926298051,821.0059149093846,674050.7123161956,694.7911549487304,1.4734559566612553,11.13329614493807,10.347618143181398,899.0010261111553,808202.8449489102,734.0931089522595,1.5568043093604198,15.563410063066533,14.110749514085796,1187.9142602139887,1411140.289619748,1012.0531271909151,2.146279062558221,12.312766096292355,11.313409865831241,1003.1819981716129,1006374.1214555899,812.0876193576389,1.7222086544289243,12.265355749981612,11.463705604678395,930.2097474812733,865290.1743091742,797.6555447048611,1.6916022970902438,14.267763785673115,13.541616923695429,1059.3349242389372,1122190.4817123148,938.6511501736111,1.990614184707495,9.957232038321795,9.43466602768152,798.104950033453,636971.5112679005,663.1493598090278,1.406352639072979,10.41561556599634,9.791597344914004,879.6957112154907,773864.544330928,694.4219563802084,1.472672990692122,11.9570533890986,11.185405706935736,898.3912237559064,807106.7909216351,789.6360134548611,1.6745951345698522
monthly,T810,6.7595469371883725,6.495945053772595,447.4022028456176,200168.73111111112,405.788888888889,1.4456517601993826,1.0350574975804434,1.024953612121583,129.03640771959837,16650.39451717843,63.86490990847965,0.227523281075961,1.0687780104210607,1.0602042349172636,126.62339111223773,16033.483176762726,65.9630782649852,0.23499815498412124,2.378179257769799,2.334890507630576,187.33804601528317,35095.54348482435,146.8455133193201,0.523147579000332,8.391543916460858,7.9392976505075765,577.3522704477808,333335.6441912074,495.49769422743066,1.765245755732752,3.7167111105710666,3.6238381561206436,280.9158377025942,78913.70787215025,226.3043511284722,0.8062253366410816,3.6354681239821716,3.5492981840315276,257.8005582214932,66461.1278193135,221.33391927083343,0.7885178198492305,5.918640197087588,5.719655750868266,389.4416727299107,151664.81645867086,356.892160373264,1.2714536892759574,4.211261556511736,4.100949751728858,292.8743263049701,85775.3710085901,256.98197699652786,0.9155165593660987,2.3289759148717724,2.287103820933125,185.73597810964102,34497.85356434505,144.15629340277778,0.5135670418975107
monthly,T855,8.247810671839554,7.876508337862082,228.01973598791838,51993.0,199.0,0.2200040395020782,19.049150010859464,17.032725614249532,482.79027345257435,233086.44814041152,430.9462789304163,0.4764317697139745,12.066361382413355,11.2389427070579,317.7056190803243,100936.86039521213,284.7399471722535,0.31479366123368907,14.048565591099715,12.852040959971742,378.48163986497127,143248.35171487782,327.01398939381994,0.3615296414086942,28.047166298835368,32.89125188198541,828.2099270242473,685931.6832215091,809.1758761935764,0.894582720754876,26.155951871858164,31.393729246238216,864.662273030839,747640.846402857,767.6229926215278,0.8486440160372367,25.54961083461016,30.218724403964615,813.063567497196,661072.3647912674,739.827392578125,0.8179146477461172,32.81609198803781,40.12782523769122,1040.7810988920426,1083225.2958109279,986.2647705078125,1.0903629825643661,26.994865650254056,31.668823504068648,801.6701047642011,642674.9568726453,771.9541422526041,0.8534323095775619,99.76430028782963,59.47527538125193,1709.4062578343212,2922069.754323138,1491.366482204861,1.6487771380053953
monthly,T895,3.2445944519139536,3.1672676483314692,206.55238775886588,42663.88888888889,167.77777777777777,1.241030504188399,3.577218517966256,3.507065088459009,196.2860004772503,38528.19398335511,184.9463092901538,1.3680239094008533,2.754788474024319,2.7073961774300175,161.91640863860908,26216.923386425045,143.08081996582547,1.0583503041568882,3.436651130589699,3.3651804225557997,198.73289453383185,39494.76336979514,177.9405310375985,1.316203074531312,4.942655805156913,4.80427265643249,274.67351347634246,75445.53900543849,253.57595486111111,1.8756685139086458,3.3558741688795024,3.2755165579929266,209.81372465884755,44021.7990552187,173.12014431423611,1.2805472979146912,3.517798319193387,3.4361611520037325,211.5747413515877,44763.871177991234,181.419921875,1.3419396781650073,3.851702857105801,3.768838613733536,213.02607594677218,45380.10903327995,198.76652018229166,1.4702502204095544,3.2836120433865594,3.2152072309759547,193.83091776937755,37570.4246833192,169.80390082465277,1.25601747409416,8.30971305742692,7.966266071548299,427.7635113151673,182981.62161268128,419.14979383680554,3.1003967680674096
monthly,T919,5.481170284015327,5.31875423782566,239.0969997488235,57167.3752888889,225.8422222222222,1.3939724308680344,0.25089843036004394,0.2511288553490849,13.487132776185689,181.9027505224623,10.609246270976554,0.06548375528947316,0.2689563593958173,0.2692669013097284,14.010344005234732,196.2897391450168,11.370693493332661,0.07018365783684108,2.526489947507492,2.4913063085434715,112.3759918429103,12628.36354267784,105.91974505311941,0.6537714827448731,8.906597275060307,8.444000535155224,398.43000701572856,158746.47049055353,359.1897471788194,2.21703718680672,8.484170270003341,8.09218109432998,363.68724155982665,132268.40967339568,341.72586642795136,2.1092443743594393,5.566741130040728,5.400470123576313,241.39522281926958,58271.653599964804,229.0055159505208,1.4134973195473848,4.337730691398304,4.2199542326852555,204.64310855816836,41878.801880350286,179.86987196180553,1.110215973750938,4.456670934241154,4.340930876962978,201.16204408815324,40466.16798172411,184.1367415364583,1.1365524953041266,2.8699470316173077,2.818712750865141,135.7142563544557,18418.359377842917,120.15909505208336,0.741661431474236
monthly,T938,5.332593908613083,5.161303713599579,399.4688501275439,159575.3622222221,356.4999999999999,1.7370689655172409,4.29054467684151,4.207584510788893,349.80988724995643,122366.95721782724,292.43649278628413,1.4249154446108299,2.485495776797488,2.4455576869112097,197.4659325845808,38992.79453149821,169.87477402305797,0.8277256605321416,3.529407033347091,3.5491998965027403,297.4782386315378,88493.30245932215,240.8749342127547,1.173678465054652,6.517199709414732,6.250400371888381,513.6867784752637,263874.10638029466,436.077956814236,2.1248176306540736,3.7298463839108495,3.6371941122259104,317.4558950635872,100778.2453106233,251.55334201388874,1.2257096874739706,4.545436246433529,4.413110887028437,356.82895080676633,127326.90013385768,305.88365885416664,1.4904376181050099,4.134949225963899,3.9980631573002268,365.1048592509616,133301.55824866449,280.6901746961804,1.3676807612632478,4.264138310883633,4.1334269922449565,356.8369532099479,127332.61117615856,288.77112087673606,1.407055686430873,8.193026226800379,7.788715895223032,619.0170589460799,383182.1192662546,545.2148111979167,2.656593907636026
monthly,T1078,70.25698542633583,99.50288768155286,4281.209428031601,18328754.166666668,3290.277777777778,0.5849238290412583,171.33920434355676,116.22049859626627,6731.979256450552,45319544.709280536,5910.072838695051,1.0506536737019918,84.71296467753132,74.1130729634752,4695.038579169377,22043387.259888805,3499.782123233947,0.6221681263989635,107.18092925676719,76.65323478654655,4978.678538212868,24787239.986861423,3985.4236902556027,0.7085022732732609,77.44627472192447,185.60503732989883,6489.229343366774,42110097.47081237,5606.610460069444,0.9967061384286808,68.25069529950912,168.20913615758428,5354.0921933946765,28666303.21536982,4516.268853081598,0.8028724165375547,82.75665070401612,199.2099509889116,6467.7986163407195,41832418.94153893,5370.134141710069,0.9546669420585294,92.71552065799268,259.9990608731349,8603.53598914617,74020831.51653337,7852.075792100694,1.3958901188396584,50.99262292104256,95.37964102080288,3815.323232124535,14556691.365589209,2925.7114529079863,0.520113638204921,177.70356680722307,122.2193183017614,7071.32894806722,50003693.09177346,6203.908528645833,1.1028898399113602
monthly,T1125,4.562407082932754,4.754236329096186,330.14247136652983,108994.05139999995,246.47,0.48537102209803024,3.687132192760963,3.7424813755601125,220.8384404745336,48769.616791224114,195.61357396687288,0.3852199469815788,11.151002049415476,10.46850028236485,596.7409767188733,356099.79329539486,552.2619954787554,1.0875642845434383,9.936631003978086,9.365829928917385,547.0988280852648,299317.12769227015,494.23928790382405,0.9733007194826214,6.720340879462605,6.547454981623588,421.55973346528447,177712.6088793217,344.7397992621527,0.678892801256708,18.82865386594303,16.8076514241147,990.7317982531715,981549.496069963,882.0024739583333,1.7369190663291578,4.863598110699293,4.907528458734459,323.1407662842873,104419.95483479636,258.54962565104165,0.509159313771693,5.570497895806106,5.372070106126628,356.59601015912824,127160.71446140908,285.7544162326388,0.5627334485976462,4.556352465716652,4.679078226090894,301.1424248594268,90686.76005021551,245.77688910590274,0.4840060854197519,11.547724833944649,10.80223839471038,622.1938871958399,387125.2332638696,569.7029665798611,1.1219106227173576
monthly,T1202,33.10994762900332,29.261646923012595,4831.131992952928,23339836.333333332,3641.8888888888887,2.371522521853538,25.0414756844536,27.57516856034796,3721.971566420687,13853072.341244062,3092.1103455881994,2.0135181353256453,33.01034619232635,42.489876238252435,5101.375907190152,26024036.146460153,4323.206410517338,2.8151823633179096,27.72912546520609,32.678265677076475,4229.739763631466,17890698.46804517,3488.7608702637785,2.2718087315717455,27.088170342998435,29.90033382156182,4013.255742181912,16106221.652156089,3275.0988498263887,2.132676454615709,35.83665095216048,29.161511418647436,5416.579834118194,29339337.099375885,3980.4148763020835,2.591963624774729,54.059183772456755,39.64431766485561,6547.7879911331875,42873527.57682799,5291.615478515625,3.4457902663025086,29.970710759347185,29.898581577330003,4598.114114089523,21142653.40618928,3630.5070529513887,2.3641109063184857,63.12703264234691,78.45757740946108,9687.53623704398,93848358.34404023,8247.356920030383,5.37050779920524,32.717259327810474,33.27906735268287,4307.218138137373,18552128.089499578,3927.9724392361113,2.557814197266856
monthly,T1217,5.360447211779553,5.187666287576762,807.1062369835695,651420.4777777778,649.588888888889,0.5336401687594844,7.504284324693139,7.907452653936543,1127.9885755351982,1272358.2265379252,971.2877226357663,0.7979171951477498,6.177460603344517,6.445301408869963,943.8631295530664,890877.6073297086,789.9200829961534,0.6489228704598051,10.112893313127309,10.854635470192042,1552.6763814058925,2410803.9453756968,1337.3280776725414,1.0986209789959027,12.006440875096052,11.25044643744642,1682.6944856315097,2831460.7319746907,1418.9715928819446,1.1656914907914266,9.499880501412578,9.564747915766715,1427.3350489057138,2037285.3418346767,1179.893109809028,0.9692874508885589,10.49290575307607,11.153885268675603,1646.676387080681,2711543.123769085,1366.2380425347221,1.1223706440406258,4.64615661525479,4.632827113577612,653.786052100907,427436.20192168985,575.8732313368056,0.47308242738001516,24.568321933724505,29.094191756127742,4053.230826870547,16428680.135893699,3595.4716796875,2.9536960171844515,12.66883256188257,13.870835737923304,2008.3915454865157,4033636.5999817154,1713.241753472222,1.4074357398762298
monthly,T1397,14.815661498760605,16.01484321290905,1127.553891296455,1271377.7777777778,931.1111111111111,1.4843800322061191,47.60833043506117,79.55181503063166,4634.815481499803,21481514.547550257,3820.7310552571307,6.091020522873687,6.922035555778913,6.989205618543901,648.851212236887,421007.89562127786,490.07617009434387,0.781280850875041,35.15945947776572,38.40300969088582,2689.774801938869,7234888.485145282,2406.4256084746353,3.836330680176955,18.761211843292894,20.403311167299222,1498.4567664963681,2245372.6810587514,1223.3178168402778,1.9502168094555155,12.50255160599187,13.359922247253063,1015.1676606808225,1030565.3792921735,814.8119167751736,1.2989755194966537,13.996928859205946,14.758732809615097,1019.3615521866715,1039097.9740764201,852.8380126953125,1.3595968318331069,10.77649700854448,11.501407411736977,836.3564645542293,699492.1358016498,663.611829969618,1.0579319028501157,9.614743416653965,10.065497379888207,848.6545256729024,720214.503945099,640.6282823350695,1.0212914645921398,10.076287114150452,9.880436241495289,903.3664023366732,816070.8568707042,714.6904839409722,1.139361641065318
monthly,T1415,20.08096077876508,22.767889768770385,343.46518827321574,117968.33555555553,321.19999999999993,0.4529903652005213,26.82118518490772,22.55591850174708,358.65223798827,128631.42781399463,313.2882556103784,0.44183238269607605,26.082807212010923,21.902091617234927,354.9701307223138,126003.79370501653,303.8612701613106,0.42853744626608464,12.20167863436289,11.386989389905855,170.15594151635258,28953.044433316405,161.26502870655926,0.2274330767367897,73.29771946329214,121.97179032012862,1826.0136017236273,3334325.673679694,1738.0432779947919,2.451173285283849,25.576883474572004,29.77532372738283,451.4719886696609,203826.95655333842,428.1707600911458,0.6038518959585086,31.897507958121885,39.36828122058007,699.1429663566735,488800.8874060087,582.0445163302951,0.8208610149919715,59.778840557262846,90.63910146933698,1370.6078974040627,1878566.0084263857,1279.7928032769096,1.8048997800043785,22.277581749545394,25.139584095105477,369.0777256002689,136218.36753426737,363.8852918836805,0.5131896988215653,14.16723603166562,13.086994152696171,195.20364699509773,38104.46380018673,184.49951443142365,0.26020081700376546
