category,series_id,seasonal_naive_direct_sMAPE,seasonal_naive_direct_MAPE,seasonal_naive_direct_RMSE,seasonal_naive_direct_MSE,seasonal_naive_direct_MAE,seasonal_naive_direct_MASE,seasonal_naive_rollout_sMAPE,seasonal_naive_rollout_MAPE,seasonal_naive_rollout_RMSE,seasonal_naive_rollout_MSE,seasonal_naive_rollout_MAE,seasonal_naive_rollout_MASE,dlinear_direct_sMAPE,dlinear_direct_MAPE,dlinear_direct_RMSE,dlinear_direct_MSE,dlinear_direct_MAE,dlinear_direct_MASE,dlinear_rollout_sMAPE,dlinear_rollout_MAPE,dlinear_rollout_RMSE,dlinear_rollout_MSE,dlinear_rollout_MAE,dlinear_rollout_MASE,auto_arima_direct_sMAPE,auto_arima_direct_MAPE,auto_arima_direct_RMSE,auto_arima_direct_MSE,auto_arima_direct_MAE,auto_arima_direct_MASE,auto_arima_rollout_sMAPE,auto_arima_rollout_MAPE,auto_arima_rollout_RMSE,auto_arima_rollout_MSE,auto_arima_rollout_MAE,auto_arima_rollout_MASE,ets_direct_sMAPE,ets_direct_MAPE,ets_direct_RMSE,ets_direct_MSE,ets_direct_MAE,ets_direct_MASE,ets_rollout_sMAPE,ets_rollout_MAPE,ets_rollout_RMSE,ets_rollout_MSE,ets_rollout_MAE,ets_rollout_MASE,autoformer_direct_sMAPE,autoformer_direct_MAPE,autoformer_direct_RMSE,autoformer_direct_MSE,autoformer_direct_MAE,autoformer_direct_MASE,autoformer_rollout_sMAPE,autoformer_rollout_MAPE,autoformer_rollout_RMSE,autoformer_rollout_MSE,autoformer_rollout_MAE,autoformer_rollout_MASE,fedformer_direct_sMAPE,fedformer_direct_MAPE,fedformer_direct_RMSE,fedformer_direct_MSE,fedformer_direct_MAE,fedformer_direct_MASE,fedformer_rollout_sMAPE,fedformer_rollout_MAPE,fedformer_rollout_RMSE,fedformer_rollout_MSE,fedformer_rollout_MAE,fedformer_rollout_MASE,patchtst_direct_sMAPE,patchtst_direct_MAPE,patchtst_direct_RMSE,patchtst_direct_MSE,patchtst_direct_MAE,patchtst_direct_MASE,patchtst_rollout_sMAPE,patchtst_rollout_MAPE,patchtst_rollout_RMSE,patchtst_rollout_MSE,patchtst_rollout_MAE,patchtst_rollout_MASE,nbeats_direct_sMAPE,nbeats_direct_MAPE,nbeats_direct_RMSE,nbeats_direct_MSE,nbeats_direct_MAE,nbeats_direct_MASE,nbeats_rollout_sMAPE,nbeats_rollout_MAPE,nbeats_rollout_RMSE,nbeats_rollout_MSE,nbeats_rollout_MAE,nbeats_rollout_MASE,timesnet_direct_sMAPE,timesnet_direct_MAPE,timesnet_direct_RMSE,timesnet_direct_MSE,timesnet_direct_MAE,timesnet_direct_MASE,timesnet_rollout_sMAPE,timesnet_rollout_MAPE,timesnet_rollout_RMSE,timesnet_rollout_MSE,timesnet_rollout_MAE,timesnet_rollout_MASE
quarterly,T1,4.054951761442277,3.927972660465621,296.8516064467228,88120.87625,231.42500000000007,0.667500712063253,4.054951761442277,3.927972660465621,296.8516064467228,88120.87625,231.42500000000007,0.667500712063253,31.31288686672792,25.463079901241947,1794.7257631385069,3221040.564873096,1489.0150756835938,4.294776378056464,3.643071256470322,3.549584357730802,263.8290922073976,69605.7898949795,208.70760283649972,0.6019767678789161,,,,,,,,,,,,,,,,,,,,,,,,,,,,,,,,,,,,,,,,,,,,,,,,,,,,,,,,,,,,,,,,,,,,,,,,,,,,,,,,,,,,
quarterly,T2,16.453237539774886,15.121795153694023,653.8543262837678,427525.48,629.1499999999999,2.6300195950359235,16.453237539774886,15.121795153694023,653.8543262837678,427525.48,629.1499999999999,2.6300195950359235,53.13257148672527,41.5893749840312,1752.6306682286515,3071714.2592156096,1719.224853515625,7.186831523514043,49.38844385803326,39.5571148316212,1641.1133893383128,2693253.1566654844,1635.0756180298388,6.835064634481364,,,,,,,,,,,,,,,,,,,,,,,,,,,,,,,,,,,,,,,,,,,,,,,,,,,,,,,,,,,,,,,,,,,,,,,,,,,,,,,,,,,,
yearly,T54,24.022240299609624,21.102472708305562,1926.6271023907736,3711891.9916666686,1762.7833333333338,2.6947692934851855,24.022240299609624,21.102472708305562,1926.6271023907736,3711891.9916666686,1762.7833333333338,2.6947692934851855,41.70369530088161,33.83419633491651,2968.143635350453,8809876.640071405,2782.218277994792,4.253180888167535,87.98238378922166,59.182370164888034,5200.33378451137,27043471.470330354,4898.501575987643,7.488346061282036,16.65143834530117,15.23830518601072,1361.576674928803,1853891.0417101753,1265.508475837417,1.9345845384658218,16.65143834530117,15.23830518601072,1361.576674928803,1853891.0417101753,1265.508475837417,1.9345845384658218,26.17298734558699,23.02186189839801,1965.3376885718737,3862552.2301210356,1890.8176723642919,2.890495562736822,27.97715673430123,24.44381321832839,2061.7320118407383,4250738.888648859,2000.4619078512333,3.0581088555396065,71.10121408589242,52.19053670401308,4187.418782960609,17534476.06389131,4172.861466471354,6.379059033052595,72.00241932552444,52.70306790851097,4231.990576205637,17909744.23709332,4216.935952728036,6.446435760495356,68.04139101265825,50.673472782351666,4096.542126923457,16781657.39765856,4075.4647786458336,6.230168583116769,63.64785249008632,48.23562968816134,3903.251837858922,15235374.909749052,3883.3871185199346,5.936539201284011,69.62551503222042,51.47448782009931,4136.564716008336,17111167.649725124,4123.459244791667,6.303537789179344,73.10750874127069,53.06204742266759,4359.931773628726,19009005.070697326,4277.34165760873,6.538778044192817,71.03464298508435,51.28894968442703,4108.195278325725,16877268.44485778,4050.1900390625,6.1915310541351385,79.41286252548832,56.44255143675602,4516.7514804396005,20401043.93605332,4504.824882161937,6.886531960807059,63.90014992866671,48.166620518546075,3861.733040282354,14912982.074408395,3846.828426106771,5.880651878172853,67.06661530277057,50.13771088981316,4041.846822984154,16336525.740467101,4026.869478938648,6.155880881966902
yearly,T55,12.439710650722493,13.621038451159647,428.9343993743877,183984.7189666667,360.55333333333334,0.7503711411723899,12.439710650722493,13.621038451159647,428.9343993743877,183984.7189666667,360.55333333333334,0.7503711411723899,23.30196259045301,27.718615700312537,964.8886150937221,931010.039537481,757.7436263020833,1.576989857028269,12.43422196461008,12.077187106143352,464.45635796048526,215719.7084499184,353.90415665453617,0.736533104379888,31.08636559596412,38.207832991903025,1137.2014980349027,1293227.2471328268,1050.43641248497,2.1861319718729866,31.08636559596412,38.207832991903025,1137.2014980349027,1293227.2471328268,1050.43641248497,2.1861319718729866,38.89393316969147,50.43683827253628,1526.8610908425874,2331304.7907290156,1406.1065648915867,2.9263404056016373,46.8175856929003,64.94686711935454,2030.7979390831604,4124140.2693844116,1830.7643948026468,3.8101236104113356,43.44169692874851,59.27242174296899,1762.9158617495077,3107872.3356080097,1613.4826513671876,3.3579243524811395,50.1643491684702,69.32701406297778,1977.4607851601006,3910351.1568460013,1913.793383896554,3.9829206740823184,43.24289692895369,58.53986696869408,1723.4542500034092,2970294.5518548135,1594.1733658854166,3.3177385346210544,49.06475663433953,67.25328994726243,1917.2768720727877,3675950.6041852124,1856.128945014527,3.8629114360343957,45.500645829402565,63.43722648729101,1905.9055828423602,3632476.0907096765,1728.3501643880209,3.5969826522123225,52.157585905248716,73.43127293776942,2116.605450784183,4480018.634289316,2031.9669436770585,4.228859404114586,42.716094415092144,56.31263973380872,1612.3539144109375,2599685.145316273,1545.7724869791666,3.217008297563302,44.53011584330491,59.127746508159916,1687.456594027803,2847509.756727914,1630.6212882608534,3.3935926914898094,41.61503889670462,54.617559946492314,1612.3066981853838,2599532.889013454,1517.7258968098959,3.1586387030382848,38.64194503900896,49.68281940757117,1479.7489838964939,2189657.0553427064,1383.8840053754668,2.8800915824671525
yearly,T59,28.400229611661526,24.397257089878888,1767.0104522422423,3122325.938333334,1605.8833333333334,6.056315623555532,28.400229611661526,24.397257089878888,1767.0104522422423,3122325.938333334,1605.8833333333334,6.056315623555532,48.473336700578805,37.47611713188989,2685.714824943399,7213064.120920751,2441.8441080729167,9.2089993806165,28.15084881080138,24.20468887198646,1755.928874257298,3083286.2114505023,1593.860710976441,6.01097434993697,17.33015153195453,15.771936860060928,1133.3652846398677,1284516.8684268082,1036.0276186230344,3.907201801564071,17.33015153195453,15.771936860060928,1133.3652846398677,1284516.8684268082,1036.0276186230344,3.907201801564071,18.107032570981815,16.40525130881266,1182.8592065047458,1399155.9024130367,1078.5953005582098,4.06773856772343,16.90077084630254,15.42025130576929,1104.6349975551382,1220218.4778236402,1012.1292860320723,3.8170733083894506,34.86255468340452,29.381179208699994,2008.622286257642,4034563.4888508767,1904.2091796875002,7.181400769333142,37.60997615336164,31.19223514280865,2173.1313618669164,4722499.915929559,2032.4359893078529,7.664986353878983,34.56125441833978,29.159647412998634,1994.6311331940838,3978553.3575071148,1890.1411458333334,7.128345574441215,37.05046693122742,30.799972751915945,2148.0222174212427,4613999.446535272,2007.4313529992785,7.570685624558499,36.25147910523158,30.53990703226141,2018.9738054464524,4076255.2270789295,1957.3355224609377,7.381757727452435,40.592008169472926,33.380181790988466,2280.6317250259763,5201281.06519496,2162.526325719828,8.155599912492896,31.618728412941177,27.249018689876873,1758.8529390061346,3093563.6610505176,1729.6619384765627,6.523125562129848,44.97886266213975,36.324929912915664,2469.1819216400345,6096859.362153973,2350.0745785738395,8.862906221957237,26.957066071207166,23.559031927690818,1606.5595852189622,2581033.700858924,1525.2467773437502,5.75220857933101,35.60074304878227,29.618138568174984,2115.371347614659,4474795.9383090595,1942.7795612893276,7.326862397742208
yearly,T82,55.62648089626519,80.55858406687416,1739.7874089478098,3026860.228333334,1698.2833333333335,5.826783672033078,55.62648089626519,80.55858406687416,1739.7874089478098,3026860.228333334,1698.2833333333335,5.826783672033078,70.72239396476895,51.99956834625763,1217.743596238311,1482899.466179415,1082.461678059896,3.713909161989614,18.255628304930728,20.657799694112853,509.84955268643444,259946.5663745573,408.79739963679214,1.402577512609738,52.402018908665795,79.14161972102174,1783.3494768798337,3180335.356687576,1611.580109901648,5.529306262528746,52.402018908665795,79.14161972102174,1783.3494768798337,3180335.356687576,1611.580109901648,5.529306262528746,44.37467195320683,62.628826342139675,1403.02677446005,1968484.1298517722,1266.0973693058884,4.343960359191487,55.4197524379759,85.90525505001632,1919.0103127073578,3682600.580277191,1740.5425317050233,5.97177432361185,19.402850058197156,22.53195677355957,529.7553113391278,280640.6898920163,445.4010416666667,1.5281640384446202,14.343951709731648,15.066722135736299,347.4800681270309,120742.39774556605,316.6264369892482,1.0863403749961007,19.176637083383145,22.886560059549534,556.9232010240044,310163.4518388236,442.7295328776042,1.5189981333884544,13.446395263286211,14.300471556654923,331.34942241155517,109792.4397324712,295.03692185247877,1.0122670847406237,15.009781526987853,15.329051639814425,462.68189624524877,214074.53711309913,346.33083902994787,1.1882557158588867,13.323542020714887,13.56260328686045,342.76413245934395,117487.25050060668,292.83212918260045,1.0047024754219598,24.384698203622833,28.102430397136622,666.1014163699598,443691.0968900665,567.9218750000001,1.9485311097915017,17.231520100231744,16.497264089933555,423.2411269622976,179133.0515523157,380.7662157492712,1.3064029571761744,57.36697632079078,84.94602328378012,1845.523270484443,3405956.1418995946,1782.2736572265624,6.114953165464583,38.40638936108814,48.13416800667004,1047.5339512638384,1097327.37905043,1042.2284983175919,3.5758697487803355
yearly,T117,16.641278558719076,17.689384220650982,1860.6461955460531,3462004.265000001,1412.0833333333333,1.9041234903412965,16.641278558719076,17.689384220650982,1860.6461955460531,3462004.265000001,1412.0833333333333,1.9041234903412965,86.69704468309075,59.45947888116092,5515.289250997963,30418415.52217367,5248.694612630207,7.077601207816104,148.2769518217796,82.60530208329044,7682.500243071857,59020809.98479915,7253.664250018653,9.781202117091343,21.554938799208948,29.629657593608734,2888.39874392693,8342847.303918667,1943.8583437818936,2.62119539755045,21.554938799208948,29.629657593608734,2888.39874392693,8342847.303918667,1943.8583437818936,2.62119539755045,19.345872087237467,26.559352061690163,2688.708267594687,7229152.148232023,1702.815161285731,2.296160765993601,42.975563202282366,68.69526146019727,6211.391542398795,38581384.89298328,4986.029233176076,6.7234101290662505,52.00472881732252,41.66081921389247,4049.57354620639,16399045.906134596,3781.7779134114585,5.099537676138556,62.02810649232078,46.28343174873182,4682.16931878209,21922709.529744346,4266.53021834025,5.753201825430027,50.977435491574,40.79930043622497,3944.7263633113444,15560866.081403546,3702.329345703125,4.992405270793681,66.27065867179674,48.78929195436667,4869.366621124853,23710731.290924862,4477.216239129163,6.037301348312792,52.59135720710012,41.87453324676741,4048.841977828282,16393121.361424433,3793.8887532552085,5.115868535720199,71.29905281915238,51.63190166933717,5078.601241374141,25792190.568886966,4715.373520155236,6.3584444866055465,63.300502100781785,46.002930409301065,4790.230564753401,22946308.863497686,4316.195792643229,5.820173359233457,76.80929026024324,54.6988306487899,5301.259459292571,28103351.854738954,4968.452757700063,6.699709134201959,21.043945579609016,26.902738471570746,2634.1741013309993,6938873.196122977,1870.0200846354164,2.5216282116713953,43.42720469737233,33.54862050336305,3885.6707847575626,15098437.447518451,3141.03308065379,4.235525433682127
yearly,T126,43.333066777905785,33.58320158459027,3215.090338025771,10336805.881666666,2490.1499999999996,7.9162570611107,43.333066777905785,33.58320158459027,3215.090338025771,10336805.881666666,2490.1499999999996,7.9162570611107,88.17110216113625,59.284914045695814,4244.142496798901,18012745.533134412,3865.771936035156,12.289397982162477,126.65318341367706,77.2459881335355,5408.300195668472,29249711.00646763,5020.925635042266,15.961664161482268,31.99875507378693,26.012957507900346,2637.0933586356314,6954261.382160154,1972.3330488323888,6.270102373223057,31.99875507378693,26.012957507900346,2637.0933586356314,6954261.382160154,1972.3330488323888,6.270102373223057,26.9846641853432,22.29168875226071,2404.855519864342,5783330.071421995,1731.7708806176427,5.505348457689421,47.540165346141535,36.263565923073585,3400.0782689476882,11560532.234970307,2666.456928254051,8.476741757098441,70.5315437845535,51.96526717938291,3662.690161582855,13415299.219755841,3387.1421549479164,10.767820412863546,83.93865871642156,57.960546460257156,4460.724461665716,19898062.72290289,3928.4539640973003,12.48866591672533,72.76609457553069,53.1632768843124,3771.9582207510925,14227668.819091747,3473.97939453125,11.043878445921365,85.41140382475231,58.80503556186504,4483.667121979214,20103270.860717367,3969.775830087183,12.620029293799272,74.51834840813669,53.53655939795434,3886.978509270854,15108601.93153347,3532.0008382161454,11.228330251341276,81.3141229738965,55.69644481519691,4515.358055811853,20388458.37218499,3858.572691579086,12.266511381050083,82.31704558645508,58.19835327768511,3924.0015346091927,15397788.043615298,3715.5862874348954,11.811953570697584,100.99619363937407,66.52398013411302,4825.649002604113,23286888.29633407,4393.535602171136,13.967173557387513,41.14485640478196,33.04257979970078,2896.5260811515896,8389863.338791385,2360.9585205078124,7.505553705182196,58.25886875621754,42.626750458939576,3850.5067004957127,14826401.850562379,3087.294096773276,9.81459498155004
yearly,T237,9.831285996462823,9.784297957814625,294.5176848113992,86740.66666666667,271.0,0.4948183971575208,9.831285996462823,9.784297957814625,294.5176848113992,86740.66666666667,271.0,0.4948183971575208,14.897928782996859,17.163096640632876,605.4870506265091,366614.5684763889,459.0010172526042,0.8380891057217902,20.465756067070192,23.955109315017676,758.219574908258,574896.9237740595,646.4486428034587,1.1803493774046572,12.23783137107987,11.568963969953792,368.845336412695,136046.88219339415,334.6760863129869,0.6110844450049604,12.23783137107987,11.568963969953792,368.845336412695,136046.88219339415,334.6760863129869,0.6110844450049604,13.30149729525333,12.457714346388148,397.30388169201905,157850.37440754587,362.2157300462572,0.6613690293975285,14.469809561128747,13.36637043805882,435.73353955580905,189863.71749383383,391.8269713757132,0.7154361399971076,28.106088710180106,34.62959822760656,1164.614339456089,1356326.5596667428,974.1215413411459,1.778646714845164,26.25883860589259,31.581565402162166,1023.2304478706077,1047000.5494494844,882.7308106151651,1.611776549188764,25.79603965302902,30.68141015615467,994.7557794045346,989539.0606587231,854.6683349609375,1.5605373269618383,27.659921549852545,34.416269672430204,1189.8452751294644,1415731.7787479106,965.4952366318716,1.7628959610826715,18.075273130013823,18.506488470392636,685.0303889861265,469266.63383448374,533.1111450195312,0.973406650499539,27.415304234962235,35.04800826822017,1138.0093509441872,1295065.2828364104,916.9797340002023,1.6743115948483758,18.332017018541503,20.473666985087068,625.4047444005662,391131.09431873757,565.0100504557291,1.0316508027468407,25.5380253848916,30.86641252523055,939.0864803096259,881883.4175003214,823.937687643754,1.5044262950463334,12.11114112422849,10.704209326660203,493.47024638269954,243512.8840650022,322.4736735026042,0.5888040820961487,9.952495155148677,10.688480814661066,339.702254813912,115397.62192565603,284.31365593506786,0.5191277768257754
yearly,T259,6.353966468835683,6.141573760486323,352.41157283305364,124193.91666666667,336.6666666666667,3.6556950571202353,6.353966468835683,6.141573760486323,352.41157283305364,124193.91666666667,336.6666666666667,3.6556950571202353,20.55060515569335,18.428950617754527,1059.2207616565356,1121948.6219242513,1004.6304931640625,10.908780380471667,19.83335638633713,18.013021830098253,994.5213821283205,989072.7795104248,984.0236211951615,10.68502065770111,2.1938542068989997,2.197711218183898,134.1573451748401,17998.19326436119,119.89708869955423,1.301902557986337,2.1938542068989997,2.197711218183898,134.1573451748401,17998.19326436119,119.89708869955423,1.301902557986337,2.230815788234237,2.2240386178870657,134.228639991945,18017.327794087174,121.40100556019752,1.318232839472793,2.3359578975036515,2.3583072274394508,153.93042703473802,23694.5763670968,128.46470688998988,1.3949340415607996,11.720116336759032,10.996325939637195,636.9248512876749,405673.2661878268,601.16650390625,6.527766584662369,14.71273122192908,13.665751186201867,764.0443340497759,583763.7443935656,747.4758274433303,8.11646639911319,15.710359362601054,14.552133064543057,798.7741258507308,638040.1041285992,793.5872395833334,8.617167175658862,16.955469857745996,15.58840132500541,866.2276434431151,750350.3302650126,851.2172884692113,9.242943071263916,11.40189659837868,10.753526876628529,603.5404773652268,364261.1078182459,586.938720703125,6.373274198337292,12.427340866075372,11.694087305372356,642.3585356302111,412624.4882969892,638.5339897014142,6.933521435509078,9.511649585467506,8.982750087259895,543.8724657521115,295797.2590032816,489.7645670572917,5.318108634487049,15.080258834699462,14.005637429497572,773.4437369622689,598215.2142461593,765.3357801030689,8.310398698099153,2.7410574621115886,2.7098959034525567,161.53010961108274,26091.9763109684,148.32893880208334,1.6106298071485128,2.359777475930623,2.338345090838423,140.61171426307442,19771.654188000488,127.84199799227615,1.3881723568893236
yearly,T269,12.07988078446004,11.294136498311985,729.4823221527259,532144.4583333334,673.75,4.944954128440367,12.07988078446004,11.294136498311985,729.4823221527259,532144.4583333334,673.75,4.944954128440367,30.48517067407775,25.94336658655622,1644.205988496042,2703413.332606246,1535.0453694661458,11.266388032779052,24.173443070850784,21.442913917768887,1310.9059857448522,1718474.5034616825,1269.1222028953428,9.314658369874076,2.928156201934727,2.882512419751758,178.29604648119292,31789.480190823702,170.57710911235804,1.2519420852283158,2.928156201934727,2.882512419751758,178.29604648119292,31789.480190823702,170.57710911235804,1.2519420852283158,3.3869172058425967,3.3264253450969354,205.16563506258493,42092.937810633775,196.87497695761536,1.4449539593219476,1.2411231889193262,1.233607274527184,78.30445855490672,6131.588229577103,71.81526888034598,0.5270845422410715,11.036766008054828,10.31753800263755,705.704598248623,498018.9799892505,618.2860514322916,4.537879276567278,13.76865565924411,12.576904723286052,898.3452289182675,807024.1503202143,757.5113462521535,5.559716302768099,11.4632828583211,10.684264419454069,727.8888851529709,529822.2291292349,640.3243815104166,4.6996284881498465,8.727581143816094,8.186130584800482,603.7143961777607,364471.07215227815,490.5133270026863,3.6000978128637526,19.887855533559943,17.97551385694796,1104.6486851175623,1220248.7175319593,1063.1773274739583,7.803136348432721,19.341964359631238,17.5555833490329,1073.2360021649313,1151835.5163429645,1039.0001913181618,7.625689477564491,16.60634986592495,15.29681414661467,918.5821047967717,843793.0832528671,901.2159016927084,6.614428636276759,19.063124844869442,17.30701761606066,1066.5412366342082,1137510.2094412262,1025.808076554779,7.52886661691581,8.827650668161063,8.402551398172786,540.8686275466038,292538.8722641468,500.9778645833333,3.6769017584097856,7.21085999868456,6.93017142653941,441.3555340209875,194794.70741095106,412.67833846400873,3.028831841937679
yearly,T272,3.6690362430448564,3.7527171122570793,208.22503852002686,43357.666666666664,189.66666666666666,1.2462696783025324,3.6690362430448564,3.7527171122570793,208.22503852002686,43357.666666666664,189.66666666666666,1.2462696783025324,29.95865690325688,25.449266140335098,1400.0426966767232,1960119.5525178313,1298.635986328125,8.533131737679671,23.767681291480134,21.175515509543498,1093.5240149433805,1195794.7712578906,1078.7725752983567,7.088444026601112,13.662696218662433,14.817255188291394,805.1997420647517,648346.6246211426,752.3262786193824,4.943417025835777,13.662696218662433,14.817255188291394,805.1997420647517,648346.6246211426,752.3262786193824,4.943417025835777,12.69165939378154,13.694174707790117,748.2706093854282,559908.90487004,695.1973737914574,4.568032024913067,16.38141861988459,18.12933751428676,1003.4158414106242,1006843.350793791,920.8112899655624,6.050505396077617,6.068560707006202,5.834788238248784,358.0846069031019,128224.58570094903,298.2803548177083,1.9599530501368925,9.94583861956803,9.453439292099908,494.40573285259194,244437.0286775085,482.7418596308224,3.1720204328924675,6.4088725532009745,6.141201823728807,385.97385500655236,148975.81674861908,315.3201497395833,2.0719188483915127,15.82393485950345,14.645328916339844,754.0113410672493,568533.1024580317,747.1024902930436,4.90909233868119,7.814993861593868,7.449481574174434,420.31317600134435,176663.16592033705,377.4117838541667,2.4799131587953456,4.129521204844314,4.0052423723161095,251.01313225325626,63007.59256359071,205.0438021731252,1.347310404422999,11.210101641077523,10.617687962375715,587.4136338128145,345054.7771891753,541.92138671875,3.560879748459959,13.46232274991038,12.600000491600358,649.489619858871,421836.76630442083,643.1641247565171,4.226129772527423,9.0643252517631,9.570947929982689,526.0704210310539,276750.0878837903,485.8815104166667,3.192650581793292,8.896388795086366,9.371838475202598,507.7533512783607,257813.46573440637,475.39665057337214,3.1237562255334512
yearly,T286,8.40099538800374,8.00302193936398,496.3981097197423,246411.08333333334,451.8333333333333,2.712695434646654,8.40099538800374,8.00302193936398,496.3981097197423,246411.08333333334,451.8333333333333,2.712695434646654,26.402186085363784,21.855937918740473,1550.1841528021157,2403070.9075988135,1232.7980143229167,7.4014139696685435,46.99633418834328,38.01120474366854,2123.765628843563,4510380.446257294,2115.370011296116,12.700157666318145,2.455812367917495,2.4902695076389576,153.27237820987665,23492.421922111473,140.41001544192827,0.8429869595012579,2.455812367917495,2.4902695076389576,153.27237820987665,23492.421922111473,140.41001544192827,0.8429869595012579,2.515997604215789,2.552868837522208,157.58366625862973,24832.611871511195,143.94783533273116,0.8642271539676167,0.9738639920037135,0.9762288904142482,56.71770289720989,3216.897821936171,54.40658302709577,0.3266436504441022,4.5853164331111635,4.436948405593996,298.17896650771894,88910.69606761138,246.24910481770834,1.478418640556598,18.73800662026982,16.363571014556243,1146.792760761241,1315133.6361343886,920.6384152136019,5.527285044434382,8.706891576070596,8.220407281931262,536.5925754705476,287931.5920501153,459.7640787760417,2.7603096661976236,11.63997603061983,10.853249211293328,689.7336254657995,475732.47409819573,612.5727574316642,3.6777351290456384,16.474002488752713,15.157994729985521,872.4795354254854,761220.5397362709,847.0162760416666,5.085275953721076,19.82813149023558,17.94972162417084,1039.5300060536904,1080622.6334859855,1006.0261470707322,6.039931839824283,9.661300489211232,9.145094570442625,562.3737913734725,316264.28122377396,515.1373697916666,3.0927571919949965,12.582618644694366,11.776991813157963,695.4085557518861,483593.05941292405,661.6580660944436,3.97243116604544,4.145320671350394,4.2525211478533675,266.03259700773344,70773.34267067909,239.69807942708334,1.4390879065040652,5.389618219393819,5.585124042492255,364.2968607831977,132712.20277649252,316.3988825463495,1.8995805331112916
yearly,T287,4.996724342661013,4.836034478751536,303.9825241687423,92405.375,262.0833333333333,2.423892100192678,4.996724342661013,4.836034478751536,303.9825241687423,92405.375,262.0833333333333,2.423892100192678,21.37372378933705,19.098937723430485,1080.0124652212728,1166426.925033331,1022.2145182291666,9.454007105009634,21.358743413802397,19.214574934964403,1056.7054229476084,1116626.3508868841,1030.1776255575967,9.52765434041708,1.8534522773409137,1.873988140659587,110.17466517657004,12138.456846769317,100.60041213350041,0.9304084359167668,1.8534522773409137,1.873988140659587,110.17466517657004,12138.456846769317,100.60041213350041,0.9304084359167668,2.1430865404663018,2.169522714457374,124.85738327844855,15589.366159141404,116.35433937940404,1.0761094971505576,1.056496307035592,1.0638470958721362,65.11275138198172,4239.670392531763,56.726177218515204,0.5246351650267302,3.0807095412937047,3.002549596916619,214.23985032537485,45898.71346743902,163.13818359375,1.5087924494219653,6.478827622979881,6.180065233759416,416.26937550220265,173280.1929809938,335.9094207109345,3.1066767233381225,2.064261143115755,2.0483325517326296,130.20019349231788,16952.09038543701,110.02229817708333,1.0175472663776493,4.4577004232711746,4.335440462962373,265.44120713909706,70459.03444746103,234.54618769176037,2.1692132965711943,11.612161820494242,10.932582965563022,610.399872024536,372588.00376756984,587.0721028645834,5.429568581406551,10.531154441440425,9.968570715402823,557.1430842859431,310408.4163676536,535.4374854333713,4.952022986667018,6.686353263221728,6.461212584527015,353.62318212077406,125049.35493322213,345.6654459635417,3.1969058586223507,8.98327195998354,8.551819903786125,490.79812079997805,240882.79538078987,460.4858092091179,4.258828293263519,1.8985971579520873,1.8763785816704632,116.59855523589789,13595.22308309873,101.48372395833333,0.9385777938342966,0.8885648848973671,0.8942188123781487,56.22727294623638,3161.5062229705654,47.26199539140407,0.4371051596892862
yearly,T319,24.917057056243543,21.63983686526992,1567.6370886358445,2457486.0416666665,1405.75,4.335807228915662,24.917057056243543,21.63983686526992,1567.6370886358445,2457486.0416666665,1405.75,4.335807228915662,53.377513222479514,41.5561502288599,2719.7041652132216,7396790.746278147,2613.1751302083335,8.059913654618475,51.37411713955743,40.43106931674343,2648.015253449616,7011984.782501834,2548.379245041021,7.860061285909655,13.925660716148167,12.87408015873767,927.5167006211336,860287.2299311137,831.3016695010306,2.5640147878586004,13.925660716148167,12.87408015873767,927.5167006211336,860287.2299311137,831.3016695010306,2.5640147878586004,14.20558034119925,13.063173856867063,958.7227854318095,919149.3793061273,848.0930934966267,2.6158052040377884,8.770716090682832,8.344684585079525,625.2488493642023,390936.12363125896,531.8229935014738,1.6403215221250276,30.191833453540838,26.056678322315292,1701.531664398673,2895210.0049513183,1632.9606119791667,5.03660140562249,46.683728484389434,37.50599995607335,2465.4394039516196,6078391.454557318,2369.947842011099,7.309718645239053,31.379255299860464,27.004937450948113,1740.5804999130082,3029620.4766774178,1688.0398763020833,5.206484437751004,47.7060532947444,38.19206757860581,2504.3296803709236,6271667.147986732,2411.4307333298357,7.4376658762944325,30.326771945671833,25.74603608002124,1814.562393220952,3292636.678891748,1649.8124593098958,5.088578187751004,33.530014014644955,28.295338185651563,1932.7328179097822,3735456.145425487,1809.029765703779,5.579658072532138,27.036746973387753,21.037535653137475,2016.5332961511704,4066406.5344863036,1395.2403564453125,4.303391942771085,25.26497192905726,21.89625473794481,1588.2365150991495,2522495.227894291,1422.790494661166,4.388365863051307,10.545477862374332,9.840069771916903,784.3652545283774,615228.8525113662,637.7290852864584,1.966971636546185,5.162238293210422,5.018617619431931,417.57038928961265,174365.03001147867,314.92952211075664,0.9713488874741409
yearly,T325,42.724698712658025,34.27442191786896,3170.1705790067513,10049981.5,2881.1666666666665,10.45202735895401,42.724698712658025,34.27442191786896,3170.1705790067513,10049981.5,2881.1666666666665,10.45202735895401,63.232693777570844,46.90500453172241,4179.041736602132,17464389.836262565,3886.5879720052085,14.09940087338926,56.04395428707337,42.86724816521093,3823.888898987188,14622126.31179745,3555.0038697517152,12.896511034129338,33.26794857554215,27.857863202913453,2597.308493830514,6746011.412124135,2347.6259768755504,8.516498272306723,33.26794857554215,27.857863202913453,2597.308493830514,6746011.412124135,2347.6259768755504,8.516498272306723,32.740758803662864,27.46472495794345,2569.191622936366,6600745.595366399,2317.206880778751,8.406146716349623,32.6521200420053,27.425972954040873,2556.0802189289916,6533546.085600081,2310.6156213906215,8.38223556110417,41.17905178250316,33.35379682652257,3057.9397661783955,9350995.613575181,2792.1551920572915,10.129119844216453,39.89063212957296,32.45946216059036,2997.248980121611,8983501.448840037,2725.090822435511,9.885829987295812,49.94133968332417,39.29853980025666,3480.849148528218,12116310.794809619,3247.845458984375,11.782230437308694,49.388059295506665,38.77089258689879,3491.75428991452,12192348.021136455,3221.8933733204444,11.688083884622403,44.60934597409696,35.599552834113105,3254.267589520847,10590257.544205824,2979.9348958333335,10.810329516683671,44.58943730458886,35.5865960423161,3253.9112167489325,10587938.206484517,2979.037172649029,10.807072840354714,46.09530234324373,36.81998149788638,3272.9084674438245,10711929.836265484,3048.8440755208335,11.060311803272494,54.09128644384387,41.62175021035444,3737.6806286475125,13970256.481766865,3461.031346358981,12.555606289931685,44.12719351293719,35.2935975001401,3227.662537151863,10417805.453733603,2954.4383138020835,10.717835397536183,47.082101173055364,37.146814205469816,3397.5527702607296,11543364.82670636,3109.6704780236214,11.28097214564742
yearly,T330,22.08133056533349,19.688132926944913,1423.8258174135392,2027279.9583333333,1345.25,6.133067388516883,22.08133056533349,19.688132926944913,1423.8258174135392,2027279.9583333333,1345.25,6.133067388516883,56.64661155744785,43.97167017036161,2997.9146985206025,8987492.539605876,2956.080078125,13.476928693546089,48.3342195803013,38.461342193637044,2642.637017514375,6983530.406337271,2571.1773489008096,11.722136367691396,12.020602702149686,11.263509631496527,817.7893854934124,668779.4790256931,767.845611790508,3.500649604971685,12.020602702149686,11.263509631496527,817.7893854934124,668779.4790256931,767.845611790508,3.500649604971685,12.616105517844222,11.791319278201684,852.0968282443307,726069.0047040484,803.2959142306732,3.662269447981414,8.701247628264932,8.265910969844468,619.470563515402,383743.7790620897,560.4677078636555,2.555202543330528,40.44399326910775,33.41247266352133,2318.219658348835,5374142.384354989,2257.4348958333335,10.29176758322648,43.113086671579666,35.2889103769236,2434.4581972363653,5926586.7140913345,2383.4721375392633,10.866378173707997,44.0241578335184,35.991110011170036,2435.8261960613613,5933249.257418762,2412.550333658854,10.998947239932088,49.22016230465514,39.346261794222244,2698.54675279845,7282154.57703906,2653.359174029996,12.096807745969494,33.770358172727704,28.71421897591455,1973.2167525064876,3893584.352372249,1927.6827799479167,8.788409881512086,43.4788554436875,35.52087935042277,2457.3900483352218,6038765.849656984,2402.255697003802,10.952013435549462,34.23560792649401,28.979548047548526,1951.2367407300333,3807324.818374763,1917.5423583984375,8.742179152122809,59.315567359829416,45.57727926721926,3116.6896949345537,9713754.654511241,3071.751218156364,14.004279666762166,12.094646727255544,11.296988069972635,823.5529547381582,678239.4692579508,760.4317220052084,3.466849281117918,21.579289254365417,19.28874724409233,1394.6780184187442,1945126.7750604346,1317.9158088802358,6.00844933525681
yearly,T352,41.1737791251642,76.82851598565391,3347.9521103703582,11208783.333333334,2640.0,2.498107494322483,41.1737791251642,76.82851598565391,3347.9521103703582,11208783.333333334,2640.0,2.498107494322483,63.21604192420948,54.59544884339631,3956.294171509844,15652263.571522763,3672.3629150390625,3.474983833307213,59.247952859826306,54.78494284604333,3756.601040296105,14112051.375953779,3402.7202248942085,3.219833672307162,42.41146666186863,81.63670525796404,3564.5218368353453,12705815.925276024,2769.2703034404117,2.6204298859201476,42.41146666186863,81.63670525796404,3564.5218368353453,12705815.925276024,2769.2703034404117,2.6204298859201476,42.021482107372435,83.61702863761273,3687.9521704070116,13600991.211209787,2756.1662524021126,2.6080301404259205,45.78484089414184,96.68829595862181,4269.453809546717,18228235.831852976,3212.830156656106,3.0401496561848087,67.58119840642084,67.05502190545417,4015.27868927174,16122462.952519784,3851.435017903646,3.644431318985282,57.38253681195563,60.23491724745996,3717.6600921879976,13820996.56104727,3384.269752895816,3.2023748608022484,44.45184078785216,37.51014703563675,3252.038306683301,10575753.148135593,2775.9437255859375,2.626744630569585,66.63630378294262,58.078099009276215,3999.5557567049486,15996446.250991693,3541.0987272748534,3.350774723007999,80.66682960743773,95.09877844349597,5195.45220600495,26992723.624881703,4797.392822265625,4.539546576708578,75.55330105321504,49.373521689534336,5302.672615673984,28118336.869018774,4224.374569435446,3.9973264283075753,52.03590081516817,77.61623244900218,3685.179865980957,13580550.644631425,3292.7899576822915,3.115811844892403,46.40402199462909,52.567702626488014,3147.3023441108876,9905512.045245888,2801.149287143782,2.6505954647461984,46.07251140184128,88.49666495801888,3910.5209826161663,15292174.355481306,3117.86279296875,2.950286518706236,41.74009788688553,76.24921587043424,3396.6174941460717,11537010.40153914,2659.411002126837,2.5164752101881502
yearly,T405,5.972216181748242,5.789427893048419,647.7781500380105,419616.53166666726,628.8166666666672,3.491340819603108,5.972216181748242,5.789427893048419,647.7781500380105,419616.53166666726,628.8166666666672,3.491340819603108,39.10877477834182,32.350953759517694,3604.8174301717895,12994708.704870345,3504.0706868489583,19.455440150182287,41.9754328792232,34.64856330431793,3767.1130881233244,14191141.018710049,3752.740605209671,20.836115126852956,1.3964693648550228,1.3866379518572827,176.20862707352993,31049.480255138344,150.06673764571556,0.8332064886010604,1.3964693648550228,1.3866379518572827,176.20862707352993,31049.480255138344,150.06673764571556,0.8332064886010604,1.499165083129157,1.4834590993757566,196.30023526555644,38533.78236531281,160.27155185633546,0.8898660625256326,2.53255795910378,2.575240026427238,342.2056684295129,117104.71950528973,280.20855933054344,1.555785069086758,28.2589557636033,24.722087346319057,2688.7161364352696,7229194.462327403,2674.6464518229163,14.850278038520965,45.02173094467807,36.06921436782737,4083.693472171107,16676552.37465291,3914.4756769258006,21.734107002350253,33.82075824444874,28.63977727432862,3182.126432773846,10125928.634158002,3092.9922363281253,17.17303408424482,47.37888419179374,37.893615611877074,4204.670389620722,17679253.08535327,4108.116113904365,22.809245111416033,12.013699982852897,11.296237515110473,1256.5665003812355,1578959.3698803454,1223.2006510416666,6.791503135858672,23.276823782628554,20.672233676790132,2334.2789529451916,5448858.230162899,2245.347713003385,12.466708565736482,7.401856011244239,7.1137587202058565,803.6609650224295,645870.9467007826,769.2631510416664,4.271133356699004,11.222117255607978,10.605733576913188,1172.7888715015613,1375433.7371179059,1150.845315612698,6.389768974710644,4.255276498604045,4.149456099731377,490.85898539765435,240942.54354561467,448.98792317708313,2.4928885425486604,11.95371887906152,11.19131589833498,1299.6065503721522,1688977.1857702052,1217.1244009794393,6.757766339433053
yearly,T413,4.0644560772462786,3.9764025815241606,366.1511527588936,134066.66666666666,350.0,1.2466607301869992,4.0644560772462786,3.9764025815241606,366.1511527588936,134066.66666666666,350.0,1.2466607301869992,31.528184704929735,26.93904781435798,2448.461650475465,5994964.453849037,2364.7159016927085,8.422852721968686,22.406061863534653,20.10985126138761,1782.575146603359,3177574.1532879863,1765.391405059862,6.2881261088508,2.5810979598561907,2.609345058668205,252.15108590276031,63580.17012194121,228.50065919995663,0.8138937104183673,2.5810979598561907,2.609345058668205,252.15108590276031,63580.17012194121,228.50065919995663,0.8138937104183673,2.4906568941859346,2.5118507557573397,236.47643940067036,55921.10639161892,220.0387758212919,0.7837534312423576,3.4772573714679,3.5690084796652477,390.27001141333403,152310.68180856388,312.28970270057135,1.1123408822816432,32.06875938592338,27.288441172257144,2484.7395102431533,6173930.433763385,2392.3189290364585,8.521171608322202,47.73066656211609,37.869108502677456,3450.580200189002,11906503.717936374,3325.98085362169,11.8467706273257,32.08464733338557,27.56616654145328,2442.3315112229934,5964983.2107127905,2418.4195149739585,8.61413896695978,27.08179996416391,23.486572214724397,2178.174048194999,4744442.184230191,2061.6449435585337,7.343347973494332,11.903793727812252,11.180633227582337,1022.6693382537514,1045852.5754043659,981.6914876302084,3.4966749336783916,10.28580118167341,9.7305362712447,900.8082522488777,811455.5073196776,855.4637600004171,3.0470659305446737,9.348405700666316,8.896712469929046,814.5649170618337,663516.0041079521,781.62646484375,2.7840657697016917,10.295165375579936,9.751009910532725,893.3652508328956,798101.4713957226,857.5188966005502,3.054386096529119,4.84017308528338,4.77077339333114,464.43708002346705,215701.80130072436,418.511474609375,1.490690915794746,14.227685707417034,13.159759126753357,1231.47639771707,1516534.1181342115,1155.8518313765924,4.117014537405494
yearly,T435,10.55835183482884,9.939551440947685,389.3659375617407,151605.83333333334,353.8333333333333,4.05042245843554,10.55835183482884,9.939551440947685,389.3659375617407,151605.83333333334,353.8333333333333,4.05042245843554,14.889420970740689,13.72411879808334,525.1992154983529,275834.2159600854,486.4264322916667,5.568250247001908,18.670559996851253,16.92928663524085,635.1743252717054,403446.4234843662,599.4199013860351,6.861715960265324,7.417253848556538,7.0935485385128185,284.84913367814426,81139.02895718931,253.12785890297832,2.8976206252180674,7.417253848556538,7.0935485385128185,284.84913367814426,81139.02895718931,253.12785890297832,2.8976206252180674,4.72038047588379,4.5578660758150225,204.8230115798552,41952.466072641495,164.32076481578338,1.8810226552910607,4.4314188832231896,4.284481255920204,194.988548811775,38020.53416772196,154.6123454743597,1.7698878468037904,11.763602897903597,11.038194878019807,418.02678031349313,174746.38905926546,390.8631184895833,4.474312067746661,15.590141830893375,14.418860619682158,522.4003409023079,272902.11617484747,507.95398316553974,5.814681736972654,12.279839519350837,11.501945519438909,431.66917020443486,186338.27250498533,406.7997233072917,4.656742539903584,16.27549052487229,14.968460081750967,553.4555843868004,306313.0838889347,529.0941175907782,6.056678369804493,11.207146869202662,10.58508800108263,385.40107211409844,148533.9863866965,373.0421549479167,4.270310849771736,12.179994041530982,11.394813493057542,434.30911024648174,188624.40324309064,403.70679019285353,4.621336927800449,11.20815676219909,10.57036736999548,391.85689305766596,153551.82463680705,373.6368408203125,4.277118374067355,12.58522562132053,11.758582287975818,446.16085154256996,199059.50544919117,416.99513448236013,4.773452070934621,13.699457223458033,12.795009850602149,460.76801594673304,212307.1645194888,450.2588704427083,5.154230732786521,14.25295844409766,13.213206833779356,497.1943023980131,247202.17433704692,467.9030329778615,5.356208063524171
yearly,T453,2.0783915005341718,2.1025475697791367,209.73415712913018,43988.416666666664,185.33333333333334,0.9683398644025627,2.0783915005341718,2.1025475697791367,209.73415712913018,43988.416666666664,185.33333333333334,0.9683398644025627,7.35731107298007,7.001766641180887,729.1165259901206,531610.9084719023,623.57080078125,3.2580672554347827,6.77333854697342,6.525010252246961,620.5789530932612,385118.2370223282,582.8927013903589,3.045530068843077,5.191804382102564,5.377704632386296,545.3414490520175,297397.2960541543,472.9178678296069,2.4709274676672877,5.191804382102564,5.377704632386296,545.3414490520175,297397.2960541543,472.9178678296069,2.4709274676672877,4.007017044274653,4.109087297157286,409.9505482580708,168059.45201709284,361.8233836633326,1.8904748539976326,4.442329979109283,4.572403082819638,458.1401525702209,209892.39939706528,402.4026564931589,2.1024956860997293,5.176993419016468,4.96312254492566,577.9916597859974,334074.3587821722,446.4711100260417,2.33274698278208,8.847015512796458,8.44340763332484,784.818090550183,615939.4352548352,753.0684868201969,3.934673937481902,5.319572156462929,5.1287454350787565,552.231954545697,304960.1316213608,459.63671875,2.401535384400075,8.75856080406253,8.381367877895318,756.2582925646158,571926.605072748,745.2813027752869,3.8939870270028054,6.085644032097421,5.85857488106209,589.1206549193121,347063.1460525592,521.8749186197916,2.7267209780470547,5.396716644714981,5.24993022723504,476.09525431312835,226666.69117948238,467.0454909298105,2.4402451476086386,11.195894964412153,10.584435922281553,957.2570259851213,916341.0137978792,941.3773600260416,4.918560567406077,8.105333272171213,7.756057414708491,732.4781368987078,536524.2210346021,692.4784790520079,3.618099909209968,2.0747780063829038,2.084056078428486,246.81952014933123,60919.87552674612,186.00065104166666,0.971826502923431,4.971746734702053,4.838664599340605,449.9429965554749,202448.7001493201,428.82929835114584,2.2405710680783884
yearly,T463,2.439048416023377,2.432223978038266,192.28754509848005,36974.5,184.0,0.8867469879518072,2.439048416023377,2.432223978038266,192.28754509848005,36974.5,184.0,0.8867469879518072,13.725742243442449,12.76923458684692,1014.9841243161214,1030192.7726137638,971.2516276041666,4.680730735441767,13.942331709011684,12.824394852854345,1099.7183932537177,1209380.5444605388,982.7918690598896,4.7363463569151305,4.059833445828776,4.1725818055906325,365.576307841259,133646.03685484696,312.2818776521046,1.504972904347492,4.059833445828776,4.1725818055906325,365.576307841259,133646.03685484696,312.2818776521046,1.504972904347492,3.466482964646215,3.548176701580018,316.986159644931,100480.22540644168,265.23625296280534,1.2782470022303871,2.729292273490343,2.747861189367807,239.69688980075227,57454.598980153976,206.09545999242255,0.9932311324936026,10.44456960756554,9.79895619266628,844.6090657641613,713364.4739710093,750.8793131510416,3.618695485065261,13.107032310854146,12.26194017656844,960.2359972114481,922053.1703406641,933.656452999464,4.499549171081754,9.010192790242462,8.49978162109996,753.4141672702231,567632.9074434837,651.6781412760416,3.140617548318273,11.984816722628675,11.277777836418785,880.7038614539457,775639.2915798909,858.6970614043868,4.138299091105479,8.890021548970072,8.279957933223745,814.0633030325015,662699.0613441864,633.283935546875,3.0519707737198796,14.703529705806567,13.584604593212699,1099.5157251185794,1208934.8297830354,1037.0384933258515,4.997775871449886,15.717535462658807,14.550942493386607,1346.4669587520207,1812973.2710109155,1110.374755859375,5.351203642695783,18.55975298715825,16.58008743269661,1429.1049263583723,2042340.8905417686,1265.8830056520762,6.100640991094343,1.9887196420629885,1.9699422335419516,193.05158819735698,37268.915705521904,149.55989583333334,0.7207705823293173,4.349392465363962,4.215346753159941,391.8322304541013,153532.49682263596,323.6401326916177,1.5597114828511696
yearly,T478,2.484213280256184,2.526009462270112,193.1243122965102,37297.0,168.0,5.352212389380531,2.484213280256184,2.526009462270112,193.1243122965102,37297.0,168.0,5.352212389380531,3.86790535878473,3.9609276099600583,289.97482275706227,84085.39783298969,263.9502766927083,8.409035363661504,2.7191381130083014,2.764214780356326,200.93320397353983,40374.15245907216,184.18816611767093,5.867941575430224,1.0068148148054235,1.015071449687145,85.14888894692946,7250.333288896526,67.31927638529139,2.144684911389814,1.0068148148054235,1.015071449687145,85.14888894692946,7250.333288896526,67.31927638529139,2.144684911389814,0.4738603799190637,0.4760782252044082,43.937455558313495,1930.5000009387732,31.50000001490116,1.0035398234835768,0.5043392009375074,0.5068133460178665,46.420156353861394,2154.8309159169385,33.53910625441904,1.0685025001407835,3.103418087091201,3.1588251547255863,223.25531224617288,49842.934446136154,210.808349609375,6.716018217643805,6.0585953873311995,6.27111491569326,441.86513708808263,195244.79937387005,418.61758343776665,13.336489383858053,4.281052807173092,4.376895431121514,295.7848281101177,87488.66454013188,292.927734375,9.332211006637168,5.6847948979589225,5.867218466145496,408.6745765556461,167014.90952293665,391.8044726800228,12.482266386266213,3.821824415803196,3.912957424189739,286.8467176163138,82281.03940725327,260.6793619791667,8.304829231194692,4.01497282063148,4.121835794376055,310.6954344821592,96531.65300805769,274.2734402752647,8.737914911424362,3.5509509145578084,3.6191301531702837,248.44629084342876,61725.5594338576,241.85465494791666,7.705104051438052,5.717471330431026,5.907147136823284,416.7054891031694,173643.46464871164,394.1716907590094,12.557682183472865,3.0406475137534956,3.0975108624907333,225.9879542183399,51070.55545179049,206.37679036458334,6.574835799225664,3.856842783509138,3.9559566656610112,299.0452673212638,89428.07190724614,263.209157785993,8.385424495836945
yearly,T479,5.983727162720426,5.76616233392489,383.6156931096537,147161.0,340.3333333333333,3.5349105597230235,5.983727162720426,5.76616233392489,383.6156931096537,147161.0,340.3333333333333,3.5349105597230235,12.993845182446574,12.125427336647576,746.0466202399851,556585.5595715046,709.2975260416666,7.367198770196191,12.781921384471026,11.962103943160445,728.5093061776291,530725.8091874105,700.7171599157347,7.27807782947676,3.7726025129397933,3.687074209585713,242.20933189452884,58665.36045679403,217.4147224821239,2.2582025416492963,3.7726025129397933,3.687074209585713,242.20933189452884,58665.36045679403,217.4147224821239,2.2582025416492963,3.835989943376026,3.747270563776127,246.59263606039988,60807.92815921683,220.9926698334601,2.295365295442748,3.7917757425918777,3.7052642866003134,243.529866188132,59306.79572560947,218.49422360214416,2.2694149018110763,9.490942698021732,8.959076732421039,593.123573082466,351795.5729461114,528.4390462239584,5.488691766896279,2.6210636786965344,2.5760739827561454,178.8010519777869,31969.816188363253,152.16249096695614,1.5804528779026028,10.378861012257229,9.714460508355948,660.527856161195,436297.0487649043,573.6070149739584,5.957833969723746,9.590934854437991,9.061018874222187,591.6613443096171,350063.1463502633,533.5785735883725,5.542074047657649,11.359925733077967,10.74372340214184,628.5037237341303,395016.93074766797,624.99609375,6.4915924336410855,12.12117634746698,11.419132745850726,672.3565580108119,452063.34110014635,665.7336268299637,6.914717416583581,11.29148865568916,10.680761088658054,628.4799491089738,394987.0464320183,622.7766927083334,6.468540374350837,12.242370739267852,11.518523932776288,684.2211582140292,468158.5933477476,672.7267260274274,6.987352030290649,11.168752867918071,10.569709876911132,622.6999556668875,387755.2347875436,616.39501953125,6.402256405979515,11.820798394083427,11.146784702637612,660.18751304114,435847.55237544543,650.6228759909903,6.757767898348429
yearly,T497,13.41302291607673,12.358323736302427,1296.2241465374211,1680197.0380666659,1128.343333333333,3.6413833907056796,13.41302291607673,12.358323736302427,1296.2241465374211,1680197.0380666659,1128.343333333333,3.6413833907056796,68.04685527357918,49.288216150900496,4659.039662807939,21706650.57961751,4396.506499023438,14.18838155881058,57.6600015059903,44.19191902439403,4069.3224262995996,16559385.009184862,3930.1295628529697,12.683292479086608,0.924462179283809,0.9181280504934608,115.38460197461066,13313.606372839326,85.14769592005344,0.27478817530137734,0.924462179283809,0.9181280504934608,115.38460197461066,13313.606372839326,85.14769592005344,0.27478817530137734,1.7996977738664532,1.7676687847287753,239.89076857793435,57547.58084891206,166.6299977818153,0.5377474110858929,0.9138447103047539,0.9062488126078245,119.83537056012283,14360.516037281952,84.85526260571653,0.2738444361199975,29.95631393090829,25.982386035018745,2337.8879335642364,5465719.989905256,2300.96609375,7.425665104614889,68.59810145905033,49.513670192922845,4672.711881989708,21834236.332087796,4417.9284479875105,14.257514354520797,4.530379533963006,4.345293111160452,564.7945659095747,318992.9016809848,403.8325390625,1.3032461458557447,21.04319063339597,18.173191813330877,2079.2717427704138,4323370.980283514,1679.7426028149669,5.420856076210092,35.567840427514135,29.298291022489803,2946.0340430786814,8679116.582978522,2656.0849088541663,8.571702588815082,20.633775324216476,18.457475682595845,1808.8563394792445,3271961.256874252,1667.0246828505587,5.379812874948017,16.847008111143477,15.482599626390684,1432.5847582509723,2052299.0895729968,1382.3629850260415,4.461154211572854,26.234812845008964,22.87989024019071,2213.2229335417883,4898355.753555318,2062.021815688717,6.654545446499734,23.337486798041223,20.543877927952035,2037.321842145874,4150680.288484657,1858.978544921875,5.999285321391594,29.77853995108115,25.132877578710584,2581.852930958182,6665964.557097353,2287.5919783260088,7.382504232979806
yearly,T501,3.105091599498395,3.204265980261298,289.80332868458663,83985.96931666655,200.44166666666675,0.9033303570338787,3.105091599498395,3.204265980261298,289.80332868458663,83985.96931666655,200.44166666666675,0.9033303570338787,11.742550358151108,11.351088009974386,803.4322319325224,645503.3513080745,743.7738053385418,3.3519650295376606,10.164540806528873,10.896804965857502,789.584010539705,623442.9096999649,695.1302615122505,3.132743195361482,4.172321367450851,4.119822320888822,291.3549677056515,84887.71720676123,270.06578601357097,1.217105340218388,4.172321367450851,4.119822320888822,291.3549677056515,84887.71720676123,270.06578601357097,1.217105340218388,6.19213616172962,5.981510991346641,420.3726247692898,176713.1436554221,392.36264076457974,1.7682605132097775,6.994371799746574,6.730559956764619,468.35051792157,219352.2076374028,440.78807130971046,1.9864993763728866,6.641854137785265,6.935605067033103,516.7190656372009,266998.5927929818,444.47158854166673,2.0030998816052494,14.049563964870462,15.595966608864224,1167.5532527976834,1363180.5981184512,991.4281249129134,4.468068625374018,6.353000153461179,6.604809376030124,464.5033924046541,215763.4015554321,426.0247363281249,1.9199654621338658,7.439003615973477,7.841453520499781,581.3075294215492,337918.44376218534,500.5389114963106,2.2557784573964716,5.368995433216616,5.5992382658053454,433.18646895938764,187650.51688950253,354.9584114583333,1.5996908920542192,8.080628465153977,8.599040289067606,657.6281463069623,432474.7788151314,545.6252485811607,2.4589690297635314,5.1757052739297125,5.35932239874205,387.9313137371237,150490.7041778107,342.0317350260416,1.5414342459634525,5.782302122018964,6.05379107197374,469.8048687693939,220716.61471942742,383.2772749550304,1.7273154997452271,3.5056295560738,3.6244576084146862,309.8899040711899,96031.7526452513,227.5632552083333,1.025559206295108,3.531280735518955,3.69506169584278,362.43212331394557,131357.04400985505,229.2349477161879,1.0330930220684642
yearly,T530,0.805896917610483,0.8019291684289106,44.64489519157444,1993.1666666666667,35.5,1.2263636363636363,0.805896917610483,0.8019291684289106,44.64489519157444,1993.1666666666667,35.5,1.2263636363636363,1.7430596433947658,1.757054582421387,81.75961039693136,6684.633892258008,77.14054361979167,2.664855143229167,1.627293353696387,1.6457382994104108,84.39777354728015,7122.984179737981,71.98972827779987,2.4869178859603593,1.4858033597057239,1.464442560012959,91.262272748385,8328.802427200617,65.00595768736791,2.2456603564727096,1.4858033597057239,1.464442560012959,91.262272748385,8328.802427200617,65.00595768736791,2.2456603564727096,1.5551603080547851,1.5321244198828008,94.73999656506211,8975.666949147982,68.00000148266554,2.349090960310264,1.544136506222467,1.5213869848969797,94.15455994415281,8865.081158277066,67.52454181948922,2.3326659901278095,2.2745784481222664,2.275715764493913,103.51406333983338,10715.16130912304,100.09285481770833,3.4577531664299244,2.6993327364573516,2.7371354042371787,121.78058346607374,14830.510509337351,120.38007614607159,4.158584448682474,1.1302026189337318,1.1215133446097008,60.498879636421506,3660.114437262217,49.552571614583336,1.7118161103219698,0.8149721924451748,0.8205248403966673,48.4356639474613,2346.0135420314023,36.04337281209928,1.245134697145248,1.2309035935952153,1.231176815514532,55.54067549485267,3084.7666344245276,54.220621744791664,1.873076023910985,1.9998171286195767,2.0212691605832473,91.43569731611463,8360.48674368413,88.81270455082328,3.06807524811935,2.034182688017926,2.0588779878161576,100.526397906174,10105.556675990423,90.15901692708333,3.114584221117424,2.9273678004598773,2.972829475830964,133.27103926632094,17761.16990712526,130.53167811744365,4.509276153148053,0.8036432285153411,0.7999895350428727,43.6544008393576,1905.7067126433055,35.404134114583336,1.2230519057765152,1.0881149782620578,1.0947923147843692,50.86869261680826,2587.623888543323,48.09417714190234,1.6614352103566266
yearly,T533,18.554485849232815,21.040989362970762,539.400284266394,290952.6666666667,485.6666666666667,3.074920858248329,18.554485849232815,21.040989362970762,539.400284266394,290952.6666666667,485.6666666666667,3.074920858248329,55.79045563208166,82.73838469988189,2115.327630878174,4474610.985956669,1943.6238606770833,12.305743753847167,53.83692647886606,74.63124917089715,1800.2950062096522,3241062.1093834117,1781.9494559279683,11.282128106473243,1.8314621626861236,1.79705819399532,60.146681329716735,3617.6232749784954,40.91723404823991,0.25906092608804726,1.8314621626861236,1.79705819399532,60.146681329716735,3617.6232749784954,40.91723404823991,0.25906092608804726,4.518625894895984,4.662966085928044,124.99866438017008,15624.666096826402,107.66666442404191,0.6816742735254148,5.932896968897308,6.182165620442257,163.68043455328717,26791.28465555292,142.0611385770243,0.8994373881063796,26.331393457672554,30.825088632832937,759.5050708878056,576847.9527042905,731.3921712239584,4.6306926071161625,54.54571305296588,82.39981698555302,2188.581331912149,4789888.246394357,1938.0653220400266,12.270550755089861,33.22856316835291,40.46681712387417,991.6900002076001,983449.0565117499,962.1319580078125,6.091584679613304,42.24323710705728,55.496231372184,1375.7620554721452,1892721.233276942,1303.9765306222237,8.255918941681331,18.879868413673847,22.09777747920203,616.497326745021,380068.9538837572,502.2122802734375,3.179676765712935,19.17404198426901,21.975950474077923,573.4606212188511,328857.08408871054,504.6485109613427,3.1951013708421274,25.62590849935475,29.452199972773695,710.1239482198981,504276.02183541656,708.9690348307291,4.488724103747142,37.94889921446939,47.84025765338824,1162.1914582615098,1350688.9856560144,1128.0093214703008,7.141810688169333,10.446205498946089,9.7045688824909,259.485089539225,67332.51169317961,222.15787760416666,1.4065570864843473,3.2982105573764,3.178790456690766,104.78318895723206,10979.516688046999,72.93204083133492,0.46175755714527905
yearly,T534,36.25829104552003,29.416540639008886,3509.2017135905235,12314496.666666666,2903.0,9.435536294691223,36.25829104552003,29.416540639008886,3509.2017135905235,12314496.666666666,2903.0,9.435536294691223,96.51196945119774,63.87221756755381,6272.266999195265,39341333.309193976,5869.410868326823,19.07717508665273,71.34977737292506,51.92720557675218,5179.6369654066475,26828639.093406986,4804.541967303588,15.616062732297683,18.077070018488676,15.888453263540223,2159.588463564356,4663822.331960256,1633.133265978406,5.3081254582180035,18.077070018488676,15.888453263540223,2159.588463564356,4663822.331960256,1633.133265978406,5.3081254582180035,20.681871869364954,18.03022768847241,2338.809687408609,5470030.753916356,1826.167941965463,5.935540439757734,8.654891432487965,8.027075056078266,1228.9898285078345,1510415.9985757165,853.6408199764722,2.774563878580083,41.724521122600514,34.26236742192174,3384.44734599997,11454483.83784624,3160.3885904947915,10.272118929018824,51.0675663067597,39.16062921492179,4395.38810192263,19319436.56652302,3778.233033134477,12.28028071441325,44.97630565240646,36.584150264736174,3544.2898531213905,12561990.562939247,3342.6202799479165,10.864421278270584,72.90377845993922,52.77926096708261,5193.566718970211,26973135.264395,4863.3965807351,15.807356167069662,52.427102289735494,41.047952916295344,4154.8577963465705,17262843.307861883,3818.6687825520835,12.41170785228196,60.75877977506322,45.78127153851737,4731.170127101804,22383970.7715805,4292.306416487504,13.951158450121898,32.63761171921208,27.85669999482337,2827.77410672166,7996306.39864548,2594.7307942708335,8.433577879536836,49.57500170371018,38.67510091786321,4197.32613768645,17617546.70610585,3693.9566352809766,12.006359594629393,22.675612013339062,19.58272233698034,2494.973286735834,6224891.70152541,1973.6812337239583,6.414998592818932,21.197220124759696,18.43020908338684,2382.943480943706,5678419.633372107,1864.9142024450193,6.0614762809697265
yearly,T593,15.354067990907927,14.052258643718089,1420.9266342777871,2019032.5,1272.5,2.3824630746827546,15.354067990907927,14.052258643718089,1420.9266342777871,2019032.5,1272.5,2.3824630746827546,69.50040959677347,50.892766486785945,4538.597933589044,20598871.202778745,4456.3092041015625,8.343412281446653,96.16777257495488,63.99954966882452,5645.631155695373,31873151.146158278,5584.081832641076,10.454906697268502,6.876439605827629,6.591261073692754,676.3421498537366,457438.7036687743,594.181869914128,1.1124686559657067,6.876439605827629,6.591261073692754,676.3421498537366,457438.7036687743,594.181869914128,1.1124686559657067,2.7874500563955653,2.859330047637688,354.066549641532,125363.12157505944,248.92921379524918,0.46606260123928495,7.6921275894281935,8.163315042975881,909.9562895282105,828020.4488519485,733.388676472677,1.3731013289482201,74.5070762648254,53.61780197681583,4719.759358475488,22276128.40191695,4671.1777750651045,8.745704176323267,113.23503387094922,68.88227879676018,6419.496761816673,41209938.674974754,6024.910658767672,11.280257110236958,54.57421342505599,42.081565507747094,3723.175883105429,13862038.65653789,3644.6166178385415,6.823704922102533,108.18491728123321,68.30915614947621,6143.674949962166,37744741.890792616,5987.7309196824235,11.210646614758023,98.96480670898292,63.35437326409061,6003.008329246758,36036109.001005955,5639.0619710286455,10.557844339350492,108.56003385182336,69.824948473439,6218.507017568381,38669829.5275472,6147.017814825221,11.508874627299145,34.56566954896616,27.07176257522752,2899.8993513305454,8409416.247847319,2349.0694986979165,4.398091426727949,125.95705687159106,76.71183309356184,6846.128504815434,46869475.50444641,6764.394066674945,12.664769419611922,23.08763149975889,20.193996924135167,2068.9778226787867,4280669.230736653,1827.6839192708333,3.421917052930622,34.092416056664725,28.405646549199865,2807.132453354196,7879992.610674347,2561.2392213550006,4.795330349946954
yearly,T612,14.753625960017303,13.128903024866908,996.7323278259481,993475.3333333334,748.0,3.241213288396726,14.753625960017303,13.128903024866908,996.7323278259481,993475.3333333334,748.0,3.241213288396726,27.716542245589814,24.059340561037533,1380.9537535597854,1907033.2694708605,1276.8922932942708,5.532995011867326,29.302729009652385,25.02774330821891,1500.7519475412353,2252256.408048811,1344.3134643842461,5.825142599642858,12.414544927622918,11.784104975129555,719.132724964799,517151.8761152972,635.4808890947719,2.7536485324279956,12.414544927622918,11.784104975129555,719.132724964799,517151.8761152972,635.4808890947719,2.7536485324279956,15.296552758673275,13.57638212517581,1022.3760197376284,1045252.7257345555,772.279999054225,3.3464227209860495,16.35682833375453,14.44122693531327,1072.4688628019642,1150189.4616797382,819.1944740177963,3.549711249956749,30.39573726707227,25.2119642203187,1656.4005587650613,2743662.8110772073,1386.7778727213542,6.009148220747322,29.979558012599355,25.129655572517688,1595.212505047172,2544702.936258874,1370.5433501851812,5.938801228534729,32.56953389244288,26.867691277489204,1727.53989185783,2984394.0779601634,1470.3046468098958,6.371084170095841,29.61007209162138,25.135723740578687,1530.8298559197826,2343440.0477753826,1356.051409344307,5.876005144005183,32.4658070580212,26.822650125455656,1720.5318350944694,2960229.7955735424,1468.9179280598958,6.365075278064064,29.58752673994866,25.06783216227869,1542.2105293794796,2378413.3169289343,1356.6212730181908,5.878474461802464,29.839722537744446,25.33255109023947,1546.7484952636814,2392430.9076004624,1369.22998046875,5.933110170543452,30.424881372829617,25.780703342050266,1566.1565670146344,2452846.392403065,1391.4181701599084,6.029255431602877,17.736704111171886,15.558202097719706,1130.2376713776641,1277437.1938012044,879.1304524739584,3.8094242042684763,19.53226005612049,16.99765479196579,1210.3673036764112,1464989.0098089057,955.8670342915202,4.141937076853001
quarterly,T57,8.665418863632333,8.527638108947302,388.9319108147337,151268.03125,269.9375,0.5734274568622845,8.665418863632333,8.527638108947302,388.9319108147337,151268.03125,269.9375,0.5734274568622845,13.430364613534682,13.077948737207057,514.1502164296518,264350.44505465776,419.3067932128906,0.8907322179287712,9.083268125861169,9.506770591941393,393.09569661094633,154524.22669404518,286.3496183806602,0.608291672855782,10.053230983269568,11.276314740302249,462.59117592448854,213990.5960432011,320.4474699619793,0.6807256411511965,10.053230983269568,11.276314740302249,462.59117592448854,213990.5960432011,320.4474699619793,0.6807256411511965,9.630009127530583,9.759762051994272,372.5657687400595,138805.2520368715,305.6094294960831,0.6492052343563698,9.72607006363702,9.790364580460158,376.02685865842477,141396.19843252297,307.5905241918832,0.6534136681353594,23.633821879751054,27.95748975026647,992.2839657885297,984627.468761012,888.1505737304688,1.8866957158788296,17.80231972550489,20.658725420015088,766.8207300517229,588014.0320370573,631.5418619257271,1.3415825655425484,21.68323821925884,25.545565469159666,895.5807717987572,802064.9188156575,779.2930297851562,1.6554499475627011,16.725411094637426,19.22095627591411,691.7986971566288,478585.43738760904,594.6506082564104,1.2632145812052196,6.835925222601198,6.4643068534154455,307.9696060033168,94845.27822183818,221.05673217773438,0.4695901820049654,9.33808654121336,9.465163641885844,366.52147566265717,134337.9921219318,302.9678698657471,0.6435937768116653,14.07241564483883,15.449470856201703,564.1684163278126,318286.0019818321,493.0901794433594,1.0474700536308332,8.42259726071335,9.444863524026028,397.81898651898524,158259.94603499255,269.67928765943134,0.5728789371279654,18.639500343835984,21.23746319133594,765.4854625104662,585967.9933148623,681.9609375,1.4486876631444106,18.231111254692316,20.498546038798217,739.5877197092782,546989.9951447698,671.5990894763434,1.4266760191134815
quarterly,T74,13.82964852450047,12.695033412369966,1162.624960853671,1351696.7995999998,995.3199999999999,2.060093476441375,13.82964852450047,12.695033412369966,1162.624960853671,1351696.7995999998,995.3199999999999,2.060093476441375,39.751119209985994,32.49225581942875,2756.1368759710417,7596290.479087412,2539.1534423828125,5.255489131471781,36.070783374470174,29.852121629737084,2593.1245726829857,6724295.049452318,2346.4682084261995,4.856673078864983,11.10582771478353,10.453721562387983,1004.0164951073656,1008049.1224476786,833.8834277690781,1.7259552803717906,11.10582771478353,10.453721562387983,1004.0164951073656,1008049.1224476786,833.8834277690781,1.7259552803717906,6.992296774896667,6.604480846363822,732.9627680806404,537234.4193924346,545.4203608639735,1.1289001801774028,4.841615860910617,4.761990938622992,409.1237535108309,167382.24568679114,372.5030594658498,0.7709993999518253,24.799192657165996,21.761277291513682,1807.20005786033,3265972.04913038,1670.92431640625,3.4584458102477393,54.6420921272567,42.252067587661514,3432.6856261775474,11783330.608165942,3261.200672955335,6.749968082346892,21.01619464880603,18.64551708859816,1624.5537093922974,2639174.7547002733,1448.1113891601562,2.9972720592063813,54.52994173033188,41.68177698734888,3460.4244267684285,11974537.213375606,3224.256707387458,6.673502199555168,28.74101640049377,24.44732243885491,2150.2150399429993,4623424.717997074,1913.93505859375,3.961424595649063,25.530052025956856,21.937148252880473,2033.0082536550851,4133122.559429699,1748.596073419359,3.6192092631336914,20.20037660940975,18.302021895703366,1439.1242662592945,2071078.653736353,1393.80322265625,2.884866099784096,32.54880185860364,27.726687432691964,2279.469680916178,5195982.026216101,2147.0665016482253,4.443955404825899,8.859909630231316,8.51937916254568,784.3351115794013,615181.5672562718,667.1376953125,1.3808282904004894,11.365991036404433,10.585407248977655,1055.0371385515748,1113103.363723095,853.1811501298291,1.765897321067808
quarterly,T97,5.629131354788654,5.443615007702274,512.7151066869396,262876.78062499984,462.07499999999993,0.588237166226409,5.629131354788654,5.443615007702274,512.7151066869396,262876.78062499984,462.07499999999993,0.588237166226409,24.294633631404164,21.344740574033295,1932.948710868195,3736290.718847017,1805.3595458984373,2.2982840086546417,16.68438046338561,15.332990965852147,1336.0551263087823,1785043.3005359764,1292.558977421555,1.645471471209134,2.891426111908067,2.843897067983336,302.9898528925833,91802.85095586927,243.66819197335315,0.3101978829106052,2.891426111908067,2.843897067983336,302.9898528925833,91802.85095586927,243.66819197335315,0.3101978829106052,3.685121697843203,3.599939459654016,355.924719951097,126682.40627226685,305.0629494185604,0.38835549399262964,4.042816653828468,3.9354741171286505,395.143717149568,156138.5572027778,332.57313770415135,0.4233768978761355,16.760762325677263,15.30484981833751,1368.8564961081686,1873768.1069375323,1286.3341552734373,1.6375470612309442,25.607607954030936,22.594215729904153,1947.240892065718,3791747.0917328936,1901.4865182379913,2.4206569087400034,17.325082797623942,15.663859773102995,1454.2473644876561,2114835.397119294,1314.978869628906,1.6740127553278459,22.64691966553636,20.305228522598235,1719.5967641188422,2957013.0311679933,1702.73046043943,2.1676336977682826,14.123879262344685,13.135135492510807,1142.4557927182373,1305205.2383154558,1103.6234619140623,1.4049501440616943,21.850155721472795,19.61127436436259,1690.8266649010159,2858894.810740292,1650.0645291437186,2.1005881787896232,7.026008437833959,6.743097297238075,621.5631278812551,386340.72194152954,568.2053100585937,0.7233446549232598,12.365569489610474,11.50803690985377,1079.4898724249865,1165298.3846681137,976.0852623702261,1.2425896850771474,5.084976388788943,4.892620590918111,525.2992444504143,275939.2962201761,418.00834960937493,0.5321388238558606,15.35335335826612,13.97052045021824,1348.938709227424,1819635.6412521484,1184.534530824294,1.5079526823771288
quarterly,T121,19.01726817963973,16.951599466781943,1168.523510674903,1365447.1950000003,1005.5000000000001,2.8967369660817335,19.01726817963973,16.951599466781943,1168.523510674903,1365447.1950000003,1005.5000000000001,2.8967369660817335,48.96590616631353,38.217547708688485,2406.006287521864,5788866.255594743,2218.607940673828,6.391569999992388,43.26529212572838,35.28709553743053,2111.370380988992,4457884.885717602,2029.579906726749,5.84700063792351,15.570370992275299,14.225284199141614,946.5503396651611,895957.545520232,838.870552762805,2.4166955146150513,15.570370992275299,14.225284199141614,946.5503396651611,895957.545520232,838.870552762805,2.4166955146150513,10.746894473856145,9.989282837161714,732.0211977743255,535855.0339909581,599.86131898563,1.7281357108187174,9.311192017477602,8.740772657724813,638.6308902542847,407849.41398698033,524.3721820870239,1.5106596557299092,43.62771097221063,35.6315824995536,2033.722498018598,4136027.198947006,2005.9327392578125,5.7788757009266,41.51527933803821,34.05972778218832,2009.5836604669953,4038426.4884159276,1942.2936131153544,5.595538247733167,42.62896872593025,34.841058149930205,2059.3833892430052,4241059.943890007,1987.8066711425781,5.726656455218877,56.74537799574868,43.961243426312876,2554.133509673468,6523597.985236906,2500.0636497616933,7.202413517475795,27.82471450818572,24.21954531622969,1479.8183556485249,2189862.3657143037,1400.3760681152344,4.034332295301432,35.10815684255725,29.379333299413556,1841.5764679447018,3391403.887287683,1709.4357658323734,4.924699924444429,18.507196858762313,16.72977395637647,1058.779212907691,1121013.42168543,964.8554077148439,2.779644282895525,23.64541621150686,20.764581822070856,1355.146834306472,1836422.9425308527,1220.202938554229,3.515272956968267,17.457310932317764,15.819924484764917,1038.0879901048736,1077626.6751999762,930.5058593750001,2.680686941827164,15.142991316277088,13.880973654961917,915.100695974136,837409.2837723481,816.5078792524604,2.3522710660642487
quarterly,T141,3.108508331378336,3.0471450283375354,248.83379995490964,61918.25999999999,186.04999999999995,0.63732122976792,3.108508331378336,3.0471450283375354,248.83379995490964,61918.25999999999,186.04999999999995,0.63732122976792,11.104910954875239,10.43379872711469,686.3424043653026,471065.8960299446,631.7040771484376,2.1639259301136864,12.214517898752655,11.349618218045002,780.8368807908597,609706.2344031993,691.4588267021353,2.368618058412728,3.009361543691692,3.061098512085851,216.37818448068697,46819.5187191582,179.94280782675264,0.6164008146844318,3.009361543691692,3.061098512085851,216.37818448068697,46819.5187191582,179.94280782675264,0.6164008146844318,1.9956087155540931,1.995740703284387,146.01563520455295,21320.56572418908,120.7623435277253,0.413675921992722,2.0529474971088346,2.063644574341735,144.9401584083588,21007.649519440143,124.33043551588719,0.4258985544776475,7.490366118599931,7.116334540208842,509.3299332901046,259416.98094530238,428.89688720703134,1.4692023197980015,11.157401816584297,10.433032186528605,713.2445445401094,508717.78031622805,634.0403758634375,2.1719290086955136,6.4261966040517065,6.062651063278237,494.79879186301656,244825.8444291008,362.23575439453134,1.2408521174771998,12.547706792909825,11.661760957531056,772.7940021304781,597210.5697288414,702.3494350900055,2.405924244549134,6.98203708290187,6.627946151915884,493.0707285293871,243118.74333250054,397.041259765625,1.3600796771966266,14.225491156696613,13.113306614084102,876.4947898433926,768243.116622613,796.0618423094263,2.726939598559311,5.404494774440796,5.180755509459926,394.10276223609634,155316.98720212106,307.76898193359375,1.0542741523802137,12.333879365488206,11.56378993556598,724.8736648873999,525441.8300472905,695.2970533496684,2.3817660472712814,4.568048111017917,4.428217161232778,333.4211051450183,111169.63335612536,263.89472656249995,0.9039812505352406,56.52379374658834,42.81132956242972,2756.144922313055,7596334.832792036,2588.8956306708214,8.86835875882786
quarterly,T170,5.055287982383591,4.981646360033853,244.78712946149764,59920.738750000004,212.16250000000002,0.6057458957887225,5.055287982383591,4.981646360033853,244.78712946149764,59920.738750000004,212.16250000000002,0.6057458957887225,14.124280395894829,12.575955960735245,699.136168240746,488791.3817423526,530.8943481445311,1.5157583101913812,16.498902672615195,14.845586481605133,739.2412589538728,546477.6389397068,625.4241969360019,1.785650812094224,11.27160000679128,11.50787211337329,527.7868484083901,278558.95735286095,476.7480625512447,1.3611650608172585,11.27160000679128,11.50787211337329,527.7868484083901,278558.95735286095,476.7480625512447,1.3611650608172585,3.5324441790005157,3.590561181353468,214.89347095446203,46179.20385885622,151.2292635777879,0.4317751993655615,3.204903391180236,3.3043973331940926,209.6924639104521,43970.929420836255,138.1524216108952,0.39443946212960806,9.796934935952507,9.314712419299456,444.63763277378735,197702.62447867738,391.6888427734374,1.1183121849348678,9.827191783411537,9.210944414691054,492.84360952196573,242894.8234466398,379.10608472020505,1.0823871084088654,18.725191237951517,16.66977923360306,758.5643606065203,575419.889182379,659.1334777832031,1.8818942977393383,17.970254374713218,16.23187381949821,754.5537303110276,569351.3319262869,635.51584947719,1.8144635245601433,24.064772014120432,21.563943218425692,944.04057649643,891212.6100717119,851.5681945800782,2.4313153307068616,16.95309273074603,15.598553264345535,736.4894731204155,542416.7440171873,627.3026962684023,1.7910141221082154,6.067599430097441,5.784507811342578,325.5464198981697,105980.47150851542,246.00676269531243,0.7023747685804782,7.286881828244384,6.880937374701435,440.9931668843098,194474.97323865272,303.58136963927205,0.8667562302334678,9.47086948918155,10.116739770547719,481.4282909198647,231773.1992980219,410.9268798828126,1.173238771970914,11.934977537368713,11.036941680093566,654.7159856188543,428653.02182486793,486.18287550834907,1.3881024282893624
quarterly,T236,5.53585904176654,5.561470649825405,466.0835493771476,217233.875,410.625,1.0364216808196616,5.53585904176654,5.561470649825405,466.0835493771476,217233.875,410.625,1.0364216808196616,31.523875276495662,26.044703472830417,2166.4289586119257,4693414.432712354,1916.1804504394531,4.836458966692808,92.2684608990926,62.521886187865924,4691.073986847408,22006175.15007644,4627.669539790604,11.680285035513492,1.5146915516149657,1.5324725081348296,141.80831675303037,20109.598700327795,113.78102905688877,0.28718447581255746,1.5146915516149657,1.5324725081348296,141.80831675303037,20109.598700327795,113.78102905688877,0.28718447581255746,1.536873916423984,1.5544420940571895,140.9267791302283,19860.357076020155,115.4066302716401,0.2912875098298118,3.408737181050328,3.4888174677667876,304.1740240650035,92521.83691589732,259.9397285070862,0.6560905213543277,2.675513188116629,2.6979174894091114,214.6353038408174,46068.31365483999,199.1036376953125,0.5025396087366447,7.629700477706214,7.102905099082868,746.5178022342034,557288.8290525852,530.6716317533076,1.339420601631843,7.744315841881411,7.390830336066576,597.1656873141086,356606.85810533166,541.0259399414062,1.3655549809220324,20.858194073954255,18.416066048621282,1536.4140080147677,2360568.0040240022,1370.5107301251046,3.459183036828353,3.8500960333235823,3.965256966153699,378.4472733877952,143222.33873465657,294.25469970703125,0.7427018580443132,4.7341544046520685,4.6120723078700365,372.89615110336047,139051.53950770025,343.3087228452554,0.8665147118936523,8.903884555061591,9.454483993614454,806.1733691989357,649915.5012055635,698.9827880859375,1.7642396738923365,1.6882142290775533,1.7183898885821465,178.60126081604818,31898.410365082065,124.11949540390992,0.3132788701345719,4.909957343755757,5.0680458357020415,428.2739356496341,183418.56395682693,377.39385986328125,0.952545944768394,5.374727977552013,5.56806079675859,475.1502913410324,225767.799361468,414.69160927886696,1.0466858440441125
quarterly,T239,3.609678525192149,3.499660292804486,258.519825158536,66832.5,194.25,0.789183891660727,3.609678525192149,3.499660292804486,258.519825158536,66832.5,194.25,0.789183891660727,10.931088031226107,10.281146718939471,609.7591616035683,371806.23515948653,563.8414916992188,2.290731648385992,15.476271327440305,14.298266152323375,812.5844418028584,660293.475060063,783.3630464424873,3.1825868601013383,2.4066299473451376,2.3901995965420544,159.51914398065438,25446.357296320744,131.4458747540482,0.5340281440470953,2.4066299473451376,2.3901995965420544,159.51914398065438,25446.357296320744,131.4458747540482,0.5340281440470953,2.077333769753995,2.065979072791689,135.88559726928332,18464.89554522986,113.50198587594866,0.4611270987119796,2.0624405231015426,2.0533310403132337,134.75734558935505,18159.542190288867,112.6746595231142,0.4577659011274062,21.712861169602284,19.31150723561595,1139.5464900952136,1298566.2030883208,1060.8227233886719,4.309828598229101,30.14212731024687,25.912030989105507,1477.9785985144204,2184420.73766665,1418.2621887144571,5.76200604110649,8.018515182395792,7.642936448590401,463.60855145677124,214932.8889838457,418.34130859375,1.6996047462468817,25.769527306838143,22.441820758720183,1326.1326692851042,1758627.8565452353,1233.0359358213348,5.009483131989742,2.5869698214623296,2.549245383484928,166.07341177469635,27580.378098487854,140.685546875,0.5715663700552388,14.529075281296155,13.317885614831274,824.6696572155394,680080.0435319953,734.189728796144,2.9828093044462016,3.4011341815490077,3.338492205184388,211.3017839432619,44648.44389760494,184.4957275390625,0.7495549871508598,5.157070414939256,4.972760106709212,337.4189071147577,113851.51887851748,276.09160441378367,1.1216836387445237,6.377461422409415,6.2592384972505215,371.93259690610927,138333.85664132237,340.18023681640625,1.382057982789391,2.8252059020490834,2.7693919988410047,204.33794011036534,41753.99376854725,153.96799074585863,0.6255292567721983
quarterly,T246,21.366797736215165,18.99865135898322,1350.061445360914,1822665.90625,1240.3125,2.6117818722819868,21.366797736215165,18.99865135898322,1350.061445360914,1822665.90625,1240.3125,2.6117818722819868,29.96687839261048,24.941748818729273,1925.9812243627334,3709403.676597774,1651.7244873046875,3.478110616434682,26.55481100728992,22.97223947165579,1637.0459738603583,2679919.520532409,1499.6693396593455,3.157921246249938,14.36369329268971,13.150773685354899,1010.191061287093,1020485.9803043433,871.3792893301356,1.8349026005578504,14.36369329268971,13.150773685354899,1010.191061287093,1020485.9803043433,871.3792893301356,1.8349026005578504,16.15467399586908,14.663012148564059,1109.8488780598432,1231764.5321306926,969.3144317936029,2.0411290392540966,16.795165513473357,15.197032531715383,1145.3322280600626,1311785.9126330274,1003.8079026064097,2.11376349370084,24.99818116983523,22.116847219873904,1433.3811801390298,2054581.6075767577,1398.0131225585938,2.943859173160692,21.9295764302665,19.65517136282898,1261.550072082065,1591508.5843702634,1232.9037128810803,2.59618085568916,23.721739042435235,21.13751353826563,1354.0980719105523,1833581.5883518755,1333.2916870117188,2.807572332457728,25.132890851312002,22.120793730156354,1462.354757239966,2138481.4360223594,1401.9675523363849,2.952186193979112,33.09363214822999,28.00793925542183,1933.2746442709154,3737550.8501808345,1813.9086303710938,3.819629068302601,10.03757334890271,9.535307003788219,724.3403390829843,524668.9268228527,620.1786476148404,1.3059380998069425,22.854833605484412,20.983136822520684,1378.5993879840678,1900536.2725500464,1335.05322265625,2.8112816773718245,13.22495604946382,14.611531157415818,1072.4386588483228,1150124.6769923891,876.800680793699,1.846318668643175,16.319902826313836,14.867341202175895,1099.231651665197,1208310.224022597,971.3049926757812,2.045320652922222,11.078341421760308,11.39568944385317,775.8057319104045,601874.5336650383,713.3550865501893,1.5021439222388973
quarterly,T268,11.791034429716191,11.248387290145768,289.0231392120707,83534.375,248.125,0.3058237469186524,11.791034429716191,11.248387290145768,289.0231392120707,83534.375,248.125,0.3058237469186524,36.142310729812586,47.16978081639063,1156.9678095316415,1338574.5122924447,1012.233154296875,1.2476168705384654,28.223957525132658,34.533604259209355,822.6243377433555,676710.8010476942,727.3322109380396,0.896465338050172,40.76688633724857,33.126715360811765,789.0230337341679,622557.3477630699,735.9980423537048,0.9071463135008687,40.76688633724857,33.126715360811765,789.0230337341679,622557.3477630699,735.9980423537048,0.9071463135008687,24.944103937500145,21.1514625363585,565.9963691085466,320351.8898440581,468.4640015466755,0.5774001662448752,21.836156007666734,19.267574683780776,478.49382655067,228956.34204710266,429.07019929236947,0.5288457674104801,25.2349501864718,31.02138708807451,823.0939767522812,677483.6945658848,665.5329895019531,0.8202953855817006,25.104477489406307,29.94842531835129,822.6437609447045,676742.7574212481,654.9710188892345,0.8072773445635594,19.9012856834129,23.82797683975165,638.1718100440886,407263.25913494825,498.998779296875,0.6150354716066659,10.489932251240777,10.50542115595285,290.57991318409506,84436.68594607622,230.3726309698763,0.2839432592069141,21.93033344416129,24.92857940478454,554.6645205118851,307652.73031467944,534.3641662597656,0.6586246913637209,22.858969005915593,26.119498940990027,578.5879466777657,334764.01204079296,559.7188904753274,0.6898753785644955,24.527508373961464,28.686211942679773,655.7004489441492,429943.07874555886,609.6602172851562,0.7514300130877029,25.725825401340185,29.94935717186885,674.2808709912024,454654.69298465457,646.2063847939742,0.7964745909539533,26.855580292406284,23.458372449565395,540.1153557560534,291724.5975234881,516.5741271972656,0.6366977738668023,10.211847650375047,9.63185368121981,235.04082425337694,55244.18906570683,214.05721513276058,0.2638338723904198
quarterly,T273,18.43035787148361,16.279883259369477,1076.4568035922296,1158759.25,894.25,0.9435134467741211,18.43035787148361,16.279883259369477,1076.4568035922296,1158759.25,894.25,0.9435134467741211,24.877835072182712,21.823437477789973,1282.304852868336,1644305.7356896847,1190.2176513671875,1.2557856960054283,29.907309805724342,25.76656236364345,1480.7503010491628,2192621.454057186,1403.8092954454169,1.4811439160852735,7.95055754184562,7.61284561715263,510.1220621691477,260224.51831170378,424.551494780417,0.4479396635989673,7.95055754184562,7.61284561715263,510.1220621691477,260224.51831170378,424.551494780417,0.4479396635989673,8.002826192264221,7.519365164274114,544.0004342649282,295936.47248043044,423.2942425327001,0.4466131504295987,10.666652157097223,9.946751325958264,654.3437822394546,428165.7853554348,551.5739103003895,0.5819596323826675,24.392857837673372,20.199406315476942,1395.7453278158382,1948105.0201197416,1079.5888061523438,1.1390624049108822,32.29324269529673,26.622529431670817,1620.9549017069453,2627494.7933677724,1426.1767374219164,1.5047435607872777,23.15938086196611,19.460384968356088,1361.6854107441939,1854187.1578335837,1070.8975524902344,1.1298923577210302,34.42556067695816,27.600677763219654,1768.2630834776728,3126754.332389967,1503.2735192339005,1.58608753656879,29.315563373499792,24.624300187623977,1472.007907427052,2166807.2795277685,1300.3316650390625,1.3719657939396563,29.436810490109316,24.836002687504596,1454.764592745435,2116340.0203057914,1315.9556535672023,1.3884504942679141,25.896247779541937,22.5367217673546,1314.5748463013865,1728107.0265283138,1216.5366821289062,1.2835546190467964,25.467023481672673,22.303703324051423,1301.201751837455,1693125.998984862,1213.0430762648273,1.2798685535052952,8.631269064992255,8.78804458554416,538.1220395528459,289575.32945251465,465.68701171875,0.49134130002202775,18.20548715858285,16.267995543893633,1054.079658028836,1111083.925470188,905.9532606761175,0.955861429797906
quarterly,T301,2.5727711564472093,2.6118130848139924,160.34883847412178,25711.75,148.75,0.9858338165852043,2.5727711564472093,2.6118130848139924,160.34883847412178,25711.75,148.75,0.9858338165852043,6.291024948629609,5.942487743636891,461.9973842992677,213441.58309936523,339.0753173828125,2.247206146187143,4.674656124456693,4.561696660289311,267.9017637973281,71771.35504571936,260.2337770201583,1.7246874460784247,2.2745680491835363,2.3089987538293366,150.48499023328876,22645.732285513015,131.38292080095277,0.8707342940995959,2.2745680491835363,2.3089987538293366,150.48499023328876,22645.732285513015,131.38292080095277,0.8707342940995959,1.6022794339978532,1.5818411182572198,114.23894875605865,13050.537412889395,90.02157992420928,0.5966139005829462,1.4676614856581565,1.4506950796146147,104.26215088827406,10870.59610784923,82.56352584059948,0.54718598850534,2.6280574724921393,2.630774644827299,202.15606535653836,40867.07476043701,150.0780029296875,0.9946350952178776,11.413430864533844,10.63872915021673,680.377369367563,462913.3647475253,605.6249204910976,4.013751440583863,6.099964328287487,5.878160484090053,372.65957692034766,138875.1602704525,335.4129638671875,2.2229340658913928,20.57164702891361,18.476688739125574,1099.658338163891,1209248.46069337,1052.1572637647362,6.973124107462422,1.4822794449765924,1.4778074277053204,120.42268115192422,14501.622135818005,84.11669921875,0.5574795739789579,3.024873084737809,2.953440709637674,212.01589517581812,44950.7398072035,168.07315191918087,1.113897121492376,1.3417184046555442,1.3537970199911038,95.32496599769661,9086.849142462015,77.03070068359375,0.5105174430194268,3.696188148838991,3.6153207496868225,226.06468768620482,51105.24301866132,205.8459525201522,1.3642346285819051,4.926307573428672,5.073444949243467,313.6037858797859,98347.3345181346,288.8057861328125,1.9140471287072323,5.379890083485717,5.5594051731783045,347.07785943596394,120463.04051065074,316.45165673617396,2.097268870755854
quarterly,T328,4.2275770605124965,4.09807850116324,298.6074450679353,89166.40625,240.9375,1.462665047806951,4.2275770605124965,4.09807850116324,298.6074450679353,89166.40625,240.9375,1.462665047806951,13.861165671059744,12.915796927990609,769.090047194662,591499.5006938875,749.9282836914062,4.552607580460806,12.410892197750362,11.654556123207009,697.3579634726873,486308.1292187739,679.9770427360064,4.127952907791813,1.4155067587876304,1.4361177414422766,125.63872132412904,15785.088295962158,82.60899726610012,0.5014964168529374,1.4155067587876304,1.4361177414422766,125.63872132412904,15785.088295962158,82.60899726610012,0.5014964168529374,1.368850245055285,1.383800880436824,118.23109561990431,13978.591971482956,79.90960338186085,0.4851091417930542,1.6259641767867692,1.6521146510391111,139.9325378854309,19581.115159057554,95.128010322004,0.5774958890393322,4.654224739446646,4.52349984030168,302.33470939362746,91406.27650412917,265.21624755859375,1.6100546216943012,7.8306648416312115,7.442737439228137,506.1208492888688,256158.31408488585,436.13466480994816,2.6476531480342884,9.495689182750544,8.988184710058691,572.2033516585041,327416.6756492257,524.526123046875,3.1842532890992565,10.095569944461971,9.567599632865662,578.2281788290212,334347.8267919265,555.2235232352845,3.370608731129364,5.07111563281894,4.912209827133343,327.01867213965045,106941.21192798018,288.15130615234375,1.7492870308231523,6.644302833499468,6.406791633156223,397.3455657356073,157883.49860974983,374.69936971955224,2.274696431747168,4.68906184585791,4.5722873210354775,280.68244530398584,78782.635101825,266.54302978515625,1.6181091503120733,6.996394367041633,6.744019100707406,409.1010758232581,167363.69023974717,393.9551504352279,2.3915929606023854,1.89529682689659,1.9189015035457466,134.542613311073,18101.714796572924,110.44122314453125,0.6704581766248672,7.017403598540669,7.382548817693984,511.42715111406716,261557.73089665087,429.3899853827187,2.606708061209402
quarterly,T343,10.01673368565073,9.545407660143907,824.357837198143,679565.84375,464.1875,0.43323805634953044,10.01673368565073,9.545407660143907,824.357837198143,679565.84375,464.1875,0.43323805634953044,30.272661413404123,35.43127831109959,1687.842233264463,2848811.4043911695,1543.6751708984375,1.4407514865761535,24.386256106416315,29.035285530489986,1397.372277933885,1952649.283138135,1220.9999477178894,1.1395904546162416,7.680048065213245,7.1390008842097386,650.9148699333854,423690.1679003959,361.8049790548123,0.33768183310254896,7.680048065213245,7.1390008842097386,650.9148699333854,423690.1679003959,361.8049790548123,0.33768183310254896,14.734036005634815,15.441634576046853,766.5951576058703,587668.1356647692,688.0133014245977,0.6421403968263176,14.408605573204799,15.073130901718146,748.4241757318183,560138.7468198516,671.7687597222971,0.6269789509162197,30.55837640308473,32.72028390174344,1681.3000652358314,2826769.9093620107,1499.5226745605469,1.3995428333995654,25.538252209453326,30.354148946968206,1573.9645594970093,2477364.4345526146,1335.6421533541143,1.246588954889216,29.58803304724934,34.902474022785555,1636.6942063062668,2678767.9249565005,1518.8917236328125,1.417620461886776,20.604347299756032,22.471684647303043,1100.8662218757343,1211906.4384669536,1007.394111028553,0.9402266684044127,31.782609998688567,38.421255789611486,1749.575358976431,3061013.9367375076,1677.3899536132812,1.5655509104481422,26.415037651264957,30.58998107126696,1464.3878270955622,2144431.708145662,1353.704032890478,1.2634465686430407,32.951087229560834,40.69546868734562,1889.4262769936595,3569931.6561941206,1742.8495483398438,1.6266460230669952,31.512667875643952,38.56538654033987,1792.0717191558774,3211521.0465983017,1647.3912235902062,1.5375523290814501,29.122792404817517,35.14853360717071,1682.1939480721132,2829776.4789304435,1520.6054077148438,1.4192198870347956,41.859503817670316,54.4421554111725,2490.112687284281,6200661.195374143,2340.865547239626,2.1847896375100047
quarterly,T347,7.11421457284882,7.415196909423508,381.6330043379372,145643.75,348.875,1.5072635956148404,7.11421457284882,7.415196909423508,381.6330043379372,145643.75,348.875,1.5072635956148404,4.917375873293701,4.872435897962298,250.7520810209794,62876.606136351824,232.71563720703125,1.005413996682103,4.773005668862389,4.642002887175041,246.32543972377644,60676.22225511182,223.85710613460742,0.967142004145844,3.1523197826379112,3.2112460213225456,169.00175503492025,28561.593204883193,150.64686620981252,0.6508478315485771,3.1523197826379112,3.2112460213225456,169.00175503492025,28561.593204883193,150.64686620981252,0.6508478315485771,14.574495733998043,13.067780760532486,804.6369804896198,647440.6703714528,636.6549544994969,2.750574950583774,12.42628529428409,11.311650185094594,698.6957698592174,488175.7788191645,551.2369907473106,2.381539086233453,10.768195446455723,11.440052296475328,561.426327315878,315199.5210033953,539.5927124023438,2.3312316785757683,9.417480977019151,9.985519588809415,515.0381013948223,265264.24588838324,469.21398942680935,2.0271706623181265,9.73689510032579,10.312908083553385,518.5608002260492,268905.3035310805,485.44012451171875,2.097273314302398,7.845860422005506,8.186414491926186,397.143420514548,157722.8964579951,386.9492742925871,1.671757949095802,7.686139568594511,8.087676851178536,428.7934460236831,183863.81935286522,378.205810546875,1.6339830881757305,9.879040744060319,10.440404475668917,511.18271652560003,261307.76967449198,492.06115745153727,2.125878522229464,9.668458094305684,10.249049059934464,518.8545585860184,269210.052965492,481.12493896484375,2.078630184003213,11.064057328177668,11.751670138485446,568.5559902509773,323255.9140502694,554.9867728418575,2.397739473313636,4.084369640240602,4.1346450711229,211.81248243004845,44864.52771317959,195.88525390625,0.8462936929578225,3.6106832215127014,3.688261955792908,200.17042286497244,40068.198189941875,172.98452980185766,0.7473544518090735
quarterly,T354,13.17632207480311,12.258297702522675,980.6436183700988,961661.90625,923.1875,2.951956513050082,13.17632207480311,12.258297702522675,980.6436183700988,961661.90625,923.1875,2.951956513050082,37.16679271880847,31.134909831652802,2402.937484730886,5774108.555524796,2355.5757446289062,7.5321179731529035,30.64075978230532,26.518538925142188,2021.5629639079687,4086716.8170443713,2005.2639996488706,6.411971700384094,1.50472238581989,1.517133107557032,135.3158035688044,18310.36669547126,114.47748063575875,0.3660497402318518,1.50472238581989,1.517133107557032,135.3158035688044,18310.36669547126,114.47748063575875,0.3660497402318518,8.340508986679305,8.847633168210303,794.3833150021794,631044.8511538518,672.5622132755808,2.150564653345316,10.249715302361972,11.039229371497964,1000.8425049522922,1001685.7197191791,839.645301360124,2.6848244977341187,38.19842241842024,31.951878165970133,2444.0473940316692,5973367.664272994,2416.0180053710938,7.725386323581578,32.62611358248012,28.02165417918629,2123.482306683227,4509177.106796717,2115.81075898607,6.765452684715041,33.81810918211513,28.890005612990294,2193.327147700685,4810683.976840824,2182.7348022460938,6.979446987477017,35.921838270085495,30.363249106539275,2319.7581313193564,5381277.787822272,2296.522531789507,7.343291200414107,22.786281443350347,20.385431541750982,1561.2097531137238,2437375.8932174146,1538.0769653320312,4.918108526582297,31.905894410430857,27.438138962632607,2098.5870869991995,4404067.761719787,2075.5934359208595,6.63685498515803,6.962696854616366,6.788578471054403,567.9153240280053,322527.81526583433,510.4171142578125,1.6320943739008353,15.065027189380848,13.996287781600142,1066.056841210457,1136477.1886916175,1057.8474810008133,3.38254120788461,4.690626865227661,4.865068511940075,459.77758899018204,211395.4313376248,369.50543212890625,1.1815194280471841,6.649995198758823,6.994884031610482,652.0903885833756,425221.8748828177,531.9073102852886,1.7008107767226144
quarterly,T422,5.260892764157045,5.097264355306759,379.54907456085306,144057.5,342.25,0.9597588334268087,5.260892764157045,5.097264355306759,379.54907456085306,144057.5,342.25,0.9597588334268087,36.74053763569222,30.819363647535802,2084.676140221542,4345874.6096089855,2045.9753723144531,5.737451969474069,48.95336212733231,39.22559807270412,2623.849184213978,6884584.541500358,2607.7144178345966,7.312715697797522,1.8329182333436969,1.8633449345272897,166.25647789477884,27641.216441977085,123.94701112762198,0.34757995268542335,1.8329182333436969,1.8633449345272897,166.25647789477884,27641.216441977085,123.94701112762198,0.34757995268542335,2.8177833035856645,2.7649019843090725,218.05211214910585,47546.72361268624,186.16489099491287,0.5220552187182077,2.9023700053489883,2.846079525565961,224.78237982780075,50527.11828104968,191.6124249309596,0.5373315337379686,13.026165223568958,12.151424513392142,846.0204102336545,715750.5345319211,804.8782348632812,2.2570898341651184,32.30472979455933,27.045973849728743,1978.1604009189407,3913118.5717637846,1811.9472307243298,5.081175632990268,23.977069429516153,21.357304684311835,1431.608717481143,2049503.519968003,1417.6502075195312,3.9754632852482645,45.150364263572875,35.52110188861947,2581.583229331827,6664571.969967345,2378.5980452737463,6.670213250907869,8.274477737069324,7.865072338101936,593.383981307089,352104.5492718518,528.1799926757812,1.4811553356023028,6.070292363571605,5.860170183888652,429.50991086982,184478.7635354007,393.40414207349727,1.103208474687317,6.62279650045151,6.391403977115717,449.28712358858814,201858.9194225073,427.7835693359375,1.1996174126077888,9.817077054614447,9.288996081346731,672.719136709919,452551.0368957386,622.976715650142,1.7469902289684294,2.19387256761759,2.166544574238025,167.38784168134967,28018.689542740583,145.48699951171875,0.4079837339083532,2.3891909112565504,2.4397413866199926,215.71571913237688,46533.27148079851,162.70297126166804,0.45626183752570953
quarterly,T474,2.211425781891916,2.2573733008040144,151.84140574955174,23055.8125,112.25,1.0246462802373346,2.211425781891916,2.2573733008040144,151.84140574955174,23055.8125,112.25,1.0246462802373346,3.2499375090849902,3.1884353080778314,205.43798386163135,42204.765213131905,161.9921875,1.4787054997717937,2.094389792328273,2.0794075684574764,118.27250848448325,13988.386263212162,105.46169464968364,0.96268091875567,6.506407326869761,6.742162706676458,349.9008520035276,122430.60623279453,338.3652133894208,3.0886829154671,6.506407326869761,6.742162706676458,349.9008520035276,122430.60623279453,338.3652133894208,3.0886829154671,5.892477825718477,6.088234586928258,318.1975837173481,101249.70228355876,305.4143132954823,2.787898797767981,5.914198471570932,6.111288478021479,319.3255195957092,101968.78746506966,306.5898422904105,2.7986293225961707,2.2341087202309495,2.26755592738743,131.60526067157923,17319.944636434317,114.55780029296875,1.0457124627381904,1.933848989654494,1.9593566496430979,115.06322685052419,13239.54617325519,98.46535526306957,0.8988165701786359,3.1787760690627547,3.2445821236349293,183.0119116010796,33493.359787881374,162.4195556640625,1.4826066240443863,1.7612804105879116,1.761144075400741,113.02801615185103,12775.3324352231,89.90904622251412,0.8207124255820549,2.1333896508554298,2.161975999108746,120.15637330667744,14437.554046213627,108.2708740234375,0.9883238158232542,2.0011540279719022,2.02063925330056,109.67447080126963,12028.489545538547,101.29014007606668,0.9246019176272632,2.7159808436891923,2.7581026441381384,146.14875575515418,21359.458808779716,138.23974609375,1.26188723043131,2.1884665279848186,2.216775310086644,119.68056391536027,14323.437379098636,111.06859327643474,1.013862102021312,4.045558896363376,4.140263222462962,219.76340765419275,48295.9553437829,207.3441162109375,1.8926893309989732,4.459606492841653,4.572292429044323,240.07289455652062,57634.994700746276,229.14492855933395,2.091692638606426
quarterly,T497,1.3625935291058935,1.3693895746500027,137.30695539556635,18853.200000000048,102.50000000000023,0.2859773450142297,1.3625935291058935,1.3693895746500027,137.30695539556635,18853.200000000048,102.50000000000023,0.2859773450142297,21.79010356502059,19.45487667495176,1521.1341065444676,2313848.970092836,1456.9845458984375,4.065020216222414,26.897037739843395,23.696330245102924,1780.4312552634358,3169935.454718934,1777.729297029542,4.959905409936783,5.075459895479466,5.224610654073898,417.56918484598526,174364.02413294063,392.7602116853749,1.095809976244001,5.075459895479466,5.224610654073898,417.56918484598526,174364.02413294063,392.7602116853749,1.095809976244001,1.2882227248899856,1.2775879522721458,130.5608097656882,17046.12504667222,96.56354133929574,0.2694144895354493,6.158441438809223,6.386157472453529,519.04989433123,269412.792805261,480.5696219237792,1.3408002397293097,11.366428510267488,10.745230190442644,813.492644309902,661770.2823463166,806.6678344726563,2.2506217132767596,39.34289003686999,31.28858142870764,2663.245103364073,7092874.480592713,2360.2981809099274,6.585285924083275,8.11195417691081,7.7423179315715185,628.7747535919889,395357.69075466634,581.3517333984375,1.6219846364556596,16.116594889015992,14.643015735718839,1229.0623530634102,1510594.267717767,1103.954096150635,3.080057184729186,2.9953204533688944,2.9616379818494485,295.1465137309074,87111.46456750871,223.79128417968764,0.6243828028003114,3.116818808099227,3.0549349622306545,267.1718737859044,71380.8101422712,230.83783440024013,0.6440428391279508,2.870147567317415,2.902741757726577,227.763882396187,51876.3861241841,217.25275878906245,0.6061401673708566,1.9100495739136907,1.933185861360057,163.58251577586586,26759.239467561398,144.09033198703196,0.40201532276946583,5.191221742813179,5.345853915679917,424.9690532346096,180598.69620712043,401.77143554687495,1.1209514969780563,5.486689160619941,5.663323605594078,455.39106491660505,207381.02200587958,425.88786342389506,1.1882368824951035
quarterly,T501,0.9997194249867912,0.9909861204415498,110.0560766155144,12112.339999999975,81.64999999999986,0.3184353184353179,0.9997194249867912,0.9909861204415498,110.0560766155144,12112.339999999975,81.64999999999986,0.3184353184353179,17.432016029353363,15.94759141235251,1342.679434802271,1802788.0646409462,1302.4905029296874,5.079718041143822,13.69843483975346,12.80025444227951,1059.723924189827,1123014.795500286,1046.6747433087435,4.082035580939681,2.2664479687417605,2.2948160219383515,196.75175195223167,38711.2518962725,187.95132369610815,0.7330108954257173,2.2664479687417605,2.2948160219383515,196.75175195223167,38711.2518962725,187.95132369610815,0.7330108954257173,1.5432617535532294,1.5555228227341642,128.456732675194,16501.13216958625,127.08477819246798,0.4956311305817558,1.7342560395413487,1.749761509523903,144.6439284292203,20921.866031437403,143.0143563669452,0.5577565475876339,15.900938886710858,14.673453093188698,1223.1461303117574,1496086.4560966264,1196.6217895507812,4.6668296460776935,33.26325095155245,28.22022771223652,2388.9963003726393,5707303.323194157,2309.939996120871,9.00877499364639,13.116004935385254,12.238410169063222,1042.1478388868697,1086072.118096573,999.1853271484374,3.896826672705579,29.4152964541404,25.04516266837934,2223.448627700128,4943723.800021582,2054.0456212175563,8.010785933534404,4.014595775403403,3.9272070882918264,344.2617521154059,118516.15396956919,321.527099609375,1.253956942433505,7.152628802818012,6.8859466131220595,587.7194611378374,345414.16500014986,564.061548817978,2.1998422402323543,1.4530428635502795,1.4649234823627166,128.39025558125604,16484.05772822025,119.80106201171884,0.4672246090703126,5.257105202598964,5.051332353695341,517.519926629514,267826.87445861753,415.6516513324683,1.6210430612396878,2.525109714980178,2.5592045628419484,215.42223768517357,46406.74048928742,209.4115966796876,0.8167060437568254,3.5824184700734203,3.656321229527321,319.4415086065849,102042.87742085083,299.68796796033587,1.168784243829554
quarterly,T510,1.8899923899722775,1.868154736106867,127.27332792066058,16198.5,114.0,1.8362416107382549,1.8899923899722775,1.868154736106867,127.27332792066058,16198.5,114.0,1.8362416107382549,2.673511200940174,2.6205970575174966,217.26902919757987,47205.831048458815,161.81976318359375,2.6064928298028525,2.4275316860627623,2.3858642532057956,194.38940266153296,37787.2398671076,147.66222037138073,2.3784518717537835,1.4486423684960343,1.4363816903158675,118.69340162951634,14088.123590385672,88.86000492771007,1.43130209279533,1.4486423684960343,1.4363816903158675,118.69340162951634,14088.123590385672,88.86000492771007,1.43130209279533,2.7438696869461032,2.7031690728645015,172.7965615466408,29858.65168234202,164.56243115020197,2.650670031949562,2.753720564649389,2.7127211283506156,173.48851898229745,30098.266218670982,165.17467200073997,2.6605316295421204,2.1116427713142385,2.081652619586697,149.74539490936354,22423.68329656124,127.479736328125,2.05336488045302,1.8385668114440548,1.809643864747668,149.4559021736221,22337.0666945313,112.08689754621332,1.8054265376571272,2.141236182218599,2.1091088913542633,155.59258737233148,24209.053245216608,129.38983154296875,2.084131514786074,1.889751421550965,1.8606061360111132,150.23506030526397,22570.5733449263,115.12057699017771,1.8542911729961509,2.1302026421094076,2.0996492482644458,151.00713151757196,22803.153769165277,128.62982177734375,2.071889746749161,1.7948031426272544,1.7558519732939835,173.9013222155582,30241.66986831939,109.97416788512601,1.7713959927805532,1.2967313539493894,1.2837980606277162,98.65682610384957,9733.169336885214,78.65374755859375,1.2669060009437918,2.1453187573714687,2.101935694668656,183.06788518997752,33513.85058793079,130.74495215406318,2.1059589608708165,2.7733119364080205,2.7290619049512284,181.06424176394256,32784.25964555144,166.67950439453125,2.6847705405830538,2.30735443459832,2.2590067653781474,193.16181194448794,37311.485593677724,140.2964241857727,2.2598081748043923
quarterly,T528,2.754878965859666,2.69235464488202,170.06469357276953,28922.0,130.5,0.9787499999999999,2.754878965859666,2.69235464488202,170.06469357276953,28922.0,130.5,0.9787499999999999,7.2363572621455345,6.90977821541386,397.1652127665414,157740.2062318921,333.6939697265625,2.5027047729492184,4.919285229461257,4.774059224011472,275.42692944027766,75859.9934608997,232.43845916119278,1.7432884437089458,3.2985419602592847,3.3509321631560742,182.96867229599383,33477.535041758776,156.9576216667773,1.1771821625008296,3.2985419602592847,3.3509321631560742,182.96867229599383,33477.535041758776,156.9576216667773,1.1771821625008296,1.649733688573459,1.6528102895147876,95.889304722857,9194.758760232926,79.3252989718278,0.5949397422887085,1.8223806251669032,1.830786927923548,103.73908276482794,10761.79729288782,88.20660185410486,0.6615495139057864,4.747030945566809,4.623513766744988,234.51451557951012,54997.058017492294,220.4854736328125,1.6536410522460936,9.139616992197201,8.623862894870754,484.07499148439905,234328.597380621,420.5583280422625,3.1541874603169684,4.162629054538132,4.0690755759996575,205.14103283283373,42082.84335172176,194.67919921875,1.4600939941406248,8.60726205502094,8.162833343091217,449.2115013961201,201790.97298655641,396.16627948190364,2.971247096114277,3.9310695671424782,3.8155655028272317,230.46056110452596,53112.07022461295,184.18975830078125,1.3814231872558593,9.935159662645091,9.37359645076423,505.30724350066697,255335.41033424233,455.2683144790103,3.414512358592577,6.025925111861708,5.824626265949848,303.88354738489227,92345.21037122607,281.68634033203125,2.1126475524902344,7.740329490367986,7.373147008378295,410.78533688223,168744.5929974472,359.48073470983604,2.69610551032377,1.4537397501716636,1.4554425935481963,89.04599124659333,7929.188557088375,70.9981689453125,0.5324862670898437,8.939897504800651,8.421404271924477,487.1471680382577,237312.36332769447,411.11428858489774,3.083357164386733
quarterly,T543,1.8899923899722775,1.868154736106867,127.27332792066058,16198.5,114.0,1.8362416107382549,1.8899923899722775,1.868154736106867,127.27332792066058,16198.5,114.0,1.8362416107382549,3.3535479870791876,3.272842059621643,260.2783608683286,67744.8251363039,201.9871826171875,3.25348482067953,2.736079994643365,2.67502662222586,224.28965453570743,50305.84913174699,166.01831391706708,2.6741204926238993,1.4486423684960343,1.4363816903158675,118.69340162951634,14088.123590385672,88.86000492771007,1.43130209279533,1.4486423684960343,1.4363816903158675,118.69340162951634,14088.123590385672,88.86000492771007,1.43130209279533,2.7438696869461032,2.7031690728645015,172.7965615466408,29858.65168234202,164.56243115020197,2.650670031949562,2.753720564649389,2.7127211283506156,173.48851898229745,30098.266218670982,165.17467200073997,2.6605316295421204,2.1420637022204794,2.1095595187091596,155.91753230587537,24310.27688035369,129.36151123046875,2.083675348678691,1.8759697148287562,1.8463517778267868,151.42405757312227,22929.24521190825,114.35407622353432,1.8419448519227004,2.089962993052961,2.0584560731160795,153.3755061427659,23524.045884549618,126.1695556640625,2.0322612992869127,1.8537419886020188,1.8243313434250608,151.23030315413916,22870.604592092837,113.09704822580363,1.8216974210867698,2.0276405137953213,2.00037317494386,143.0521000062557,20463.90331619978,122.5687255859375,1.9742613517197987,1.7815618784514202,1.7523181508773251,150.51247506690916,22654.005150766956,108.79606726115992,1.7524198753475422,1.152444131180547,1.1413177063366804,95.74813091907097,9167.704574495554,69.91033935546875,1.1260725802223155,2.0987131781216495,2.0563307239681325,180.98962088328196,32757.24286747413,128.00181615268048,2.0617742199089473,2.657575134863642,2.6161669805243877,175.86909254917444,30929.93771407008,160.12518310546875,2.5791975802223153,2.027690987273016,1.9891338392859887,173.36330902505458,30054.836916116565,123.69488526778275,1.9924008365280443
quarterly,T581,4.116837343192621,4.107388241285613,266.11786004982827,70818.7154375,223.69375000000002,0.8169111168933139,4.116837343192621,4.107388241285613,266.11786004982827,70818.7154375,223.69375000000002,0.8169111168933139,40.412257935385995,33.23192672295805,1877.8311665849233,3526249.890197694,1821.3638708496096,6.651470566365327,52.26251705023313,41.40000097316854,2262.515281835962,5118975.400541264,2260.2156281437174,8.25412097211749,8.737452650942643,9.30748941086343,588.5208995892505,346356.8492533406,499.64586261881493,1.8246654619677989,8.737452650942643,9.30748941086343,588.5208995892505,346356.8492533406,499.64586261881493,1.8246654619677989,12.335291664815312,13.476821594505042,845.6047325804312,715047.3637624227,723.8961971511524,2.643609179646594,13.998371462446752,15.490895109409678,973.9854681612069,948647.6921892053,831.9717336167754,3.0382921209579905,11.103496706403957,10.386138817631151,673.0040881378908,452934.5026503139,574.6649584960938,2.098629009905256,53.724749698238774,40.93834048838147,2347.6769144575082,5511586.894676726,2216.9164064692104,8.09599578740074,29.69802365341475,25.58156110336735,1462.2329067991923,2138125.0737264156,1405.1163122558596,5.131368829079706,59.36336177034494,45.34554062768459,2501.644399735797,6258224.702729475,2467.8786038350245,9.012489024016011,8.207405232764934,7.773629514076223,502.9299397834283,252938.52433056285,429.8087158203126,1.5696259644771142,11.6044323246454,10.961052912708299,602.1617575122326,362598.7822102208,598.8443948023021,2.186930316127514,6.8088268809905035,6.936906450760569,446.88844002553543,199709.27782845657,375.5461035156251,1.3714633818239503,20.09654666517448,18.041718672448507,1026.6532407132086,1054016.8766669333,976.8370151556896,3.5673281755684516,16.379579863316643,18.454851263401032,1160.6376505706698,1347079.7559222043,991.1271874999999,3.6195147058152215,17.89495945401284,20.34815999100936,1268.9797506716222,1610309.6076146127,1093.4922173781588,3.9933433482720813
quarterly,T588,1.6790015927921416,1.6563269778818908,144.94408421870844,21008.78755000005,110.37250000000017,0.6876394190442624,1.6790015927921416,1.6563269778818908,144.94408421870844,21008.78755000005,110.37250000000017,0.6876394190442624,12.350941874737789,11.494725098137723,833.094516585974,694046.4735656178,760.1872436523438,4.7360956269900205,15.2859031454396,14.156127416108447,956.9533921487964,915759.7947450881,935.4808511682239,5.8282045711055614,0.3046656768282231,0.30531022050887135,26.22512238868725,687.7570443016252,20.08414093433214,0.12512760881639196,0.3046656768282231,0.30531022050887135,26.22512238868725,687.7570443016252,20.08414093433214,0.12512760881639196,3.445869780743312,3.366274288584554,263.0319775641719,69185.82122131903,223.78744418701058,1.3942337820576323,3.4151962827233846,3.3368156626447516,261.048365286367,68146.24901868451,221.83702753725584,1.3820823550995438,3.9497473454999543,3.838011201671179,310.394326409946,96344.63786748413,254.8187011718751,1.587563782966241,3.444042281918954,3.357417245737202,274.89843774251545,75569.15107327564,223.49358783379466,1.3924030070728501,4.066850782959406,3.962167108853646,298.622696819178,89175.5150555587,261.87199707031255,1.6315070142416837,7.925292618011892,7.513983435897711,587.4987006736277,345154.72329320083,499.4892624124195,3.1119029307492605,2.7511377803960544,2.6982945946823875,215.77208272275442,46557.59168251517,179.29130859375005,1.117015300741504,4.626766679977936,4.49562817097958,336.0963358871367,112960.74699675903,298.4300732615717,1.8592700373999276,1.2910194208650188,1.2751034858497217,122.28940198344911,14954.697837469608,85.13361816406268,0.5303968990053867,2.1047355392782197,2.067522319955458,181.20466090140923,32835.12913239471,137.905533784697,0.8591748953289797,1.501685733091174,1.4818408040909008,132.47993160564877,17550.932278237375,98.81638183593759,0.6156428403607785,0.3292133569703304,0.3291440383122107,28.791759386805218,828.9654085876864,21.808605189226682,0.13587131398206528
quarterly,T626,1.91808316572536,1.88913412820547,54.534713715210756,2974.034999999996,42.07499999999993,0.051578989446753994,1.91808316572536,1.88913412820547,54.534713715210756,2974.034999999996,42.07499999999993,0.051578989446753994,22.733271291643863,26.43574628704215,681.5350991713659,464490.0914025235,587.0542358398437,0.7196592806905663,3.3429224327210685,3.2673500842433785,86.85597049166059,7543.959610048214,73.71217915398466,0.09036244113322925,36.15015135432075,28.850786597359434,750.9430895703664,563915.5237734873,642.4761929452841,0.7876000659706606,36.15015135432075,28.850786597359434,750.9430895703664,563915.5237734873,642.4761929452841,0.7876000659706606,3.7266759658454474,3.8349517869703176,108.43639799377672,11758.452409864743,83.16735638605377,0.10195337367440767,8.070257808681015,7.655924287270379,200.14430949989176,40057.74462518847,171.94725605043098,0.2107870637010933,12.668485107096197,12.342588276352643,351.02664365308067,123219.70455434688,278.0367889404297,0.3408403232933527,21.708446831730864,24.64636835974391,627.3673072126724,393589.7381592796,545.8173703022767,0.6691077452804799,12.736780252335347,12.291664696979737,334.9632094792232,112200.35170462196,273.7074432373047,0.33553305588199595,13.850897511592692,13.709192365177184,372.98099014654923,139114.81901070024,304.74065481620073,0.37357611452790834,4.724052983868324,4.605503650808271,138.30134586715246,19127.262268665727,104.02179565429685,0.12751845752312266,6.709703839265741,6.450249299297011,164.04211858181168,26909.816668809166,144.94449154620233,0.1776848579875628,5.467518584162021,5.278915849090574,139.38669703075567,19428.65130914367,117.98470153808591,0.144635333939664,8.471752858501008,8.078145533228783,195.66290094545278,38283.97080639006,181.59354750108187,0.22261227974229203,8.66013252096163,9.168892999128714,226.1486218404432,51143.19916033179,200.93877563476565,0.24632724867282857,9.261222520060342,9.832299126901892,240.36927350865247,57777.38764707738,215.74119656589585,0.26447327156036693
quarterly,T665,19.216592521179138,22.297662591720567,1266.4073200643227,1603787.5003125,1014.3687499999999,1.1366809482204667,19.216592521179138,22.297662591720567,1266.4073200643227,1603787.5003125,1014.3687499999999,1.1366809482204667,28.082387583791814,33.595969534220174,1697.3040638448176,2880841.0851441324,1613.4250854492186,1.8079712688419332,22.81585708596819,27.25309008997927,1447.889664331499,2096384.480077981,1258.5232987468903,1.4102755596297356,23.237362993784906,20.21490385469382,1280.5784699211847,1639881.2176256825,1096.5266562629556,1.2287454235848594,23.237362993784906,20.21490385469382,1280.5784699211847,1639881.2176256825,1096.5266562629556,1.2287454235848594,21.454078836006957,19.108398345119138,1173.4849797060626,1377066.9975957382,1024.1650809733092,1.1476585170580544,19.65219220145957,17.770447743800723,1077.0979498040008,1160139.993471982,947.9136584173345,1.062212726960435,29.193245247165468,36.357433437249256,1913.554243177193,3661689.8415814396,1697.8532470703124,1.902579746092416,30.853965796699345,38.17452649395542,1945.0077728738822,3783055.2365398193,1803.8386087075696,2.021344782341144,27.747699377877378,33.48046824511191,1711.0017330659336,2927526.9305546284,1586.5063232421874,1.7778066525222669,30.906613068617244,37.29088518459527,1869.7360957807055,3495913.067865276,1815.1974160771815,2.03407323038486,27.174083698114913,32.04500912472772,1624.3584464642781,2638540.362599843,1561.9350952148436,1.750272635161162,27.91354404558225,32.85637467877627,1643.677499824011,2701675.7234277115,1610.7747927191692,1.8050014048221137,31.88906067643142,38.71851907823623,1915.3259895755932,3668473.6463437257,1872.500891113281,2.0982863366545095,31.25214163903449,37.860791461126134,1876.610144858853,3521665.635787165,1826.7768874103333,2.0470489499689446,21.69555110668153,24.895254953896444,1258.7740633745018,1584512.1426243542,1195.3788818359374,1.3395172129346402,28.929538354325008,34.12678763299902,1711.9892950592096,2930907.346397329,1688.8949540743774,1.8925412655328995
quarterly,T672,43.48452104445414,56.515132731595386,2942.534699126333,8658510.4555625,2877.5012500000003,2.4757131249842046,43.48452104445414,56.515132731595386,2942.534699126333,8658510.4555625,2877.5012500000003,2.4757131249842046,23.756199792568072,25.750244062033644,1490.3745269188275,2221216.2304885187,1315.776845703125,1.1320537242016986,12.415061419517812,10.834458745560438,1026.444110343198,1053587.511658239,646.0540355505324,0.5558449210965468,18.433298392605813,21.0014782233114,1148.9952828120768,1320190.1599244042,1014.8375563897631,0.873134862436996,18.433298392605813,21.0014782233114,1148.9952828120768,1320190.1599244042,1014.8375563897631,0.873134862436996,39.468033427492344,29.560532905254927,1740.5019848369952,3029347.15922152,1412.2991492072542,1.2150985303990482,8.084223603073887,7.549988101630961,464.23460508606485,215513.76855941457,359.6499298844062,0.3094316820242818,27.15729970473823,32.90446079738019,1847.2668098751533,3412394.6668663253,1660.118154296875,1.42831434169397,19.432196356911373,20.44011593022621,1243.2291074906652,1545618.613712036,1094.785574642286,0.941919665955065,38.6175544561411,52.08977764581131,2908.7232707175185,8460671.065613618,2519.419851074219,2.1676309585096423,30.361955058279904,24.21492725952612,1435.9628033432205,2061989.1725853202,1161.559484896357,0.9993698741947732,15.992978119848342,17.37191107842563,1076.016996930148,1157812.5776825743,937.5357263183594,0.8066267574298921,35.254840706964394,43.53158805106689,2231.9683262601625,4981682.609428592,2186.923600963478,1.8815614631767756,34.18274960758897,42.248921975342455,2224.4846526388537,4948331.969825802,2119.6632788085935,1.8236927611737745,21.608780450276505,24.490741122727005,1292.8994705341802,1671589.0409075632,1246.03274375945,1.0720480548480564,27.376829232507127,32.141764349891055,1667.89965208967,2781889.249440843,1620.8184912109375,1.394502126422365,49.87772058559028,71.49514750304145,3809.374657788558,14511335.283401696,3494.4642629955124,3.0065290295482043
quarterly,T704,3.6293340554787874,3.557940069285978,214.781866087433,46131.25,203.75,0.978,3.6293340554787874,3.557940069285978,214.781866087433,46131.25,203.75,0.978,16.166185958835648,14.640880745659107,946.3320242254181,895544.3000745773,838.5843505859375,4.0252048828125,17.10511125705975,15.717776204132411,913.8752194369636,835167.9167009583,898.6746164991469,4.3136381591959045,1.5492443099791129,1.5638115613118473,98.8270595556217,9766.7877004104,89.74899315103983,0.43079516712499116,1.5492443099791129,1.5638115613118473,98.8270595556217,9766.7877004104,89.74899315103983,0.43079516712499116,1.4016312480259279,1.414357971538583,92.40785592348904,8539.21183637631,81.2455658112242,0.3899787158938761,1.5375973444505808,1.5535570001899608,103.63242805912202,10739.680145429102,89.29818963206765,0.4286313102339247,3.778985824091219,3.6779210980733152,264.3751731209154,69894.232162714,209.4586181640625,1.0054013671875,8.069645772102966,7.55453537544704,564.937827853392,319154.74933970877,435.62334123127323,2.0909920379101115,2.4527225980580694,2.40599974425194,171.2331917745633,29320.805965304375,136.6529541015625,0.6559341796875,9.84741207739029,9.248050524182418,609.4511446672985,371430.69773628045,531.355757219669,2.5505076346544113,4.626619000118158,4.51082678475703,270.3200692051998,73072.93981510401,257.0745849609375,1.2339580078124999,9.175934641241394,8.755231023050507,513.5777686665965,263762.12446856016,500.90795471468346,2.4043581826304803,2.412452721259803,2.448961664688615,157.01579540534598,24653.960006773472,140.6151123046875,0.6749525390625,1.8832858174768394,1.9045221054366668,119.39698792251922,14255.6407249702,109.27079787605726,0.5244998298050748,1.2923834421395612,1.3033229734317375,85.73734476859887,7350.892287969589,74.900390625,0.359521875,1.7653894504339562,1.7857627847791053,117.1319609405964,13719.8962737894,102.61045236306256,0.4925301713427003
quarterly,T708,5.619210689380654,5.853068120531573,310.0746394821738,96146.28205000004,261.995,1.5150656492787393,5.619210689380654,5.853068120531573,310.0746394821738,96146.28205000004,261.995,1.5150656492787393,11.659344477704998,12.520935741972872,609.1338540174045,371044.0521100966,564.5728955078124,3.264814215911455,11.046350028312927,11.77932320010433,561.2213214087044,314969.37160373235,532.6131742599864,3.0799974223730096,3.4745645197115795,3.565512401469188,195.30249726986779,38143.065439846716,159.028533604529,0.9196307888295255,3.4745645197115795,3.565512401469188,195.30249726986779,38143.065439846716,159.028533604529,0.9196307888295255,3.645218213323989,3.7565344342985743,212.32985310507692,45083.966519623544,167.02631412859262,0.9658803834495728,3.634372647080302,3.7439795664068147,210.90660921778715,44481.597811744374,166.51422197885734,0.9629190550832711,7.941375502909198,8.522525539157893,495.87004245785636,245887.09900715627,379.1084204101561,2.192309567418273,7.884430252711283,8.330713505705608,431.82516330347505,186472.97166207287,373.1184251329116,2.1576706007055684,7.177264646767702,7.598386928904125,420.07334204440536,176461.61269635597,339.06587890624985,1.9607514111848081,4.67256836197591,4.83381602059004,256.89078718180275,65992.87653888628,216.28435216097637,1.250729946890594,8.706617529892972,9.339989070799753,517.276803239472,267575.29116964736,416.0174755859374,2.405747387392547,5.847556128327915,6.121280284438201,335.30436446034923,112429.01682615872,272.8270250662971,1.5777051236583,11.280152977930834,12.082602930474268,587.1572955956508,344753.6897711984,544.7208447265624,3.1500137036634768,11.494015171061116,12.315381750566148,594.8970995157613,353902.5590122656,555.8333359455494,3.2142750587420044,9.413046774239593,10.147663141691202,558.4795938889009,311899.4567903117,452.16438720703115,2.6147778808165953,9.95433707475666,10.735592113717098,577.0341059968598,332968.35948359524,479.3908226856529,2.7722230120059836
monthly,T44,37.18377429770512,45.838811905300425,2148.739940833542,4617083.333333333,1736.111111111111,0.7560952912711707,37.18377429770512,45.838811905300425,2148.739940833542,4617083.333333333,1736.111111111111,0.7560952912711707,40.943295535055384,57.97460024272303,2386.746221120876,5696557.524034781,2049.653062608507,0.8926462249216277,32.7215448763355,43.90233129049337,1818.260670718592,3306071.8666820247,1542.0854918100054,0.6715950215587962,28.350972906865792,36.45020586898517,1598.8900936487464,2556449.531568097,1280.2192829804817,0.5575494364739116,28.350972906865792,36.45020586898517,1598.8900936487464,2556449.531568097,1280.2192829804817,0.5575494364739116,26.52057289829691,34.662093095162305,1632.5859722152438,2665336.956673993,1243.9107244863828,0.541736663930418,26.112937974953503,34.1180766304898,1607.2711743841082,2583320.6280060704,1210.8031162019604,0.5273179400544551,39.86023439632135,62.71261074915753,2777.340732936136,7713621.546826233,2148.4732666015625,0.9356834996924728,40.22150550622416,61.73459298609577,2554.5774277002315,6525865.834115531,2083.67007709187,0.9074610050986369,37.299165380482044,50.09894647547743,2240.8809479800525,5021547.423019979,1930.7730848524307,0.8408727002707403,41.841503688323044,62.958158966040614,2738.2142128343994,7497817.07536831,2141.693918510925,0.9327310197870025,37.412412442762765,55.417531355944895,2579.030096311127,6651396.237678581,1957.4713541666667,0.8525000872417644,38.80135566021699,48.68252996198044,2176.444028411611,4736908.60880856,1849.615557647672,0.8055277135483998,32.77302597622167,43.88314127806468,1909.5781825044257,3646488.8350969055,1541.5742323133682,0.6713723624815339,40.47503746842796,56.598525274120924,2328.668434068358,5422696.675826378,2021.1277031280042,0.8802231202902531,30.633953409071403,41.27008514474449,1814.0110061650319,3290635.930487871,1417.1553819444443,0.617186598501768,59.06017474318186,101.8102588601121,3985.1193631216015,15881176.338326719,3550.7512318718564,1.5463908212507247
monthly,T50,33.602387213417025,41.31208482897129,1307.1172692438715,1708555.5555555555,1076.6666666666667,0.6446116057721831,33.602387213417025,41.31208482897129,1307.1172692438715,1708555.5555555555,1076.6666666666667,0.6446116057721831,50.1993446079674,77.45676739817131,2176.2486812803045,4736058.322774265,1942.5637749565972,1.163033270238061,43.488024133831324,66.07993737116671,1837.952935400455,3378070.9927471494,1586.5388141516423,0.9498773987091503,22.008732990366422,27.825422496580508,875.4004985268047,766326.0328209782,654.0212057197659,0.391569343307812,22.008732990366422,27.825422496580508,875.4004985268047,766326.0328209782,654.0212057197659,0.391569343307812,38.49844991717356,39.50055570186633,1374.6120514721829,1889558.2920525633,1102.9976316683947,0.6603762301975344,27.82045964733974,30.363868553067665,1047.1576740039222,1096539.1942253048,821.885816149641,0.49207164307393303,29.683462138435463,36.429543686462154,1246.9855910548915,1554973.064298517,990.6889377170139,0.5931358392840581,40.58462780708875,56.643989671020776,1976.902089309062,3908141.8707145345,1579.3445717707707,0.9455701304737498,31.291976634085884,37.94789501485491,1283.589383575828,1647601.705628574,979.5744357638889,0.5864814705985826,33.93786552041171,46.55215074731477,1545.8994867571178,2389805.22315592,1231.661765524187,0.7374087942192707,42.88544944976975,58.804521662201296,1769.3214635284842,3130498.4413025775,1594.4207356770833,0.9545963876482384,49.95618365662935,77.62747143927331,2126.168272969286,4520591.524981196,1916.476594371707,1.147414602095434,25.60936142735754,35.59249935056174,1057.9739545557584,1119308.88851835,810.2970784505209,0.485133344482197,42.47398561603282,63.03640281065586,1704.2288695654327,2904396.039860273,1515.1656758493186,0.907145553548103,30.791600963262972,28.056195159821222,918.0242954831828,842768.607097394,800.6265733506945,0.4793435118310882,44.795747057971184,67.43983144471896,1905.7978168609666,3632065.3187520267,1657.3678586405704,0.9922834892075875
monthly,T112,14.843416987899168,15.832254731051018,1228.481447424692,1509166.6666666667,1044.4444444444443,0.9629629629629629,14.843416987899168,15.832254731051018,1228.481447424692,1509166.6666666667,1044.4444444444443,0.9629629629629629,13.890259821501195,15.289854978904744,1175.4162023608753,1381603.2487724621,966.1532118055555,0.8907795569838456,11.94455756197677,12.646208494462188,1078.497546790045,1163156.9584321452,807.5536091046787,0.7445529729333917,20.055375516925324,22.98060009778061,1606.6669290229715,2581378.620816106,1456.1891584104171,1.3425857488890371,20.055375516925324,22.98060009778061,1606.6669290229715,2581378.620816106,1456.1891584104171,1.3425857488890371,14.933221104073457,16.806139777118563,1271.8470662274901,1617594.959871474,1052.7883724787284,0.9706559462569837,86.1687289564133,1.109328200068438e+159,inf,inf,7.231745517614931e+160,6.667566789290363e+157,15.537900999316728,17.243720568359173,1269.5187137432547,1611677.764544328,1112.925075954861,1.026101133859092,10.286572523899167,10.91444418780605,888.9089662122625,790159.1502125533,692.2310395895906,0.6382271996216085,13.51703156193744,15.525930323465994,1322.6012484824007,1749274.0624872048,975.15234375,0.8990766289893618,15.057919975485456,16.30234756908503,1236.6743597252575,1529363.4720018758,1046.3793291441084,0.9647468992108802,17.018166212378468,18.582441436592127,1419.9583916807437,2016281.8341045645,1223.184353298611,1.1277586236086485,10.038692550788085,10.491635368157228,908.0241041715914,824507.7737566209,688.8236067584544,0.6350855948836814,12.66476384610413,13.875478195763266,1055.987978065202,1115110.6098182334,892.787841796875,0.8231377264793883,11.151287800629328,11.69894236267535,939.0865183652398,881883.488975348,755.7265645626135,0.6967691730009912,29.37800320253348,35.223190688054366,2382.9715049638544,5678553.193469697,2277.9732259114585,2.100259002613402,16.520094342952373,16.399323088059965,1341.8456676157812,1800549.7956992413,1082.581349606598,0.9981246485734592
monthly,T128,25.088687118766234,29.115510060836968,1257.7537296483936,1581944.4444444445,1050.0,1.199121522693997,25.088687118766234,29.115510060836968,1257.7537296483936,1581944.4444444445,1050.0,1.199121522693997,19.233999024402582,21.77049964250796,917.9209322048531,842578.8377798266,792.2759602864584,0.9047953865643302,22.872647097810564,26.45462862240447,1066.766927272494,1137991.6771223985,951.8378683641822,1.0870183562577775,17.006069241037306,18.830477981366972,784.5826582514841,615569.947628965,675.1616811887696,0.7710484792492538,17.006069241037306,18.830477981366972,784.5826582514841,615569.947628965,675.1616811887696,0.7710484792492538,21.353828072360294,25.34672224101604,1064.1423874747645,1132399.020820492,882.5742095106247,1.0079178380941247,21.700943115308245,25.88582686019729,1088.7918127120208,1185467.611428728,899.9578953284828,1.0277703636255,21.497172389560802,24.740802959420844,1037.7114307928182,1076845.013598078,892.5627983940972,1.0193250113431855,27.467543567511616,33.52397947943806,1343.445355193047,1804845.4223897718,1181.5018516030188,1.349299332723799,19.90468666851678,22.026901413714526,944.5664937660923,892205.8611455692,802.3523491753472,0.9163028292192837,25.926033342508653,30.931075997556,1302.6031576279518,1696774.9862623108,1114.7247927743347,1.273038562758391,20.12461102735806,23.187933072777447,1025.7744016310476,1052213.1230415339,828.1913384331597,0.945811484594238,20.74128712729146,25.016248549731745,1068.1489218939334,1140942.1193431723,852.2535038622622,0.9732909707358192,19.10564712431849,22.08048614938561,917.0884612811652,841051.2458150552,772.679701063368,0.8824160568512841,20.557015764106165,23.911022533684235,976.0657273797716,952704.3041654027,839.7642889759004,0.9590280313341176,19.96194875312004,22.35186749103634,973.3936046229513,947495.1095208625,804.4554714626736,0.9187046379807985,26.63245018369978,32.857059985639026,1340.7620964602409,1797642.9993044601,1146.5241406227935,1.3093540698181243
monthly,T161,12.386610091977738,11.76861419102461,1087.6835732673155,1183055.5555555555,833.3333333333334,0.6385068762278979,12.386610091977738,11.76861419102461,1087.6835732673155,1183055.5555555555,833.3333333333334,0.6385068762278979,43.17541539826995,34.21991496334514,2760.207064380993,7618743.038258738,2458.2396375868057,1.8835234944181811,37.232947041574214,30.71656280462593,2320.5073992240714,5384754.589853664,2151.6408812652535,1.6486049974331018,18.890753830536045,21.483128619582452,1585.390092018059,2513461.74386903,1399.2799757182643,1.0721398635169412,18.890753830536045,21.483128619582452,1585.390092018059,2513461.74386903,1399.2799757182643,1.0721398635169412,21.195460678404718,24.221245840778423,1718.800223224747,2954274.20735744,1593.871311497101,1.221237350655932,21.814794888844215,24.927750889348296,1786.4934308859276,3191558.7785985726,1660.5372416164969,1.2723173364055673,32.570600616839656,26.932618730739243,2243.0784604323812,5031400.979655703,1921.8074815538193,1.4725047501099993,35.98806251087612,28.931333210029038,2437.144055995457,5939671.149673988,2053.8596578620686,1.5736842172224101,26.474759208136483,22.520940503876595,1849.6069728143605,3421045.953883502,1576.5554741753472,1.207969813218832,29.048393606599436,24.76784202874568,2052.8889920592774,4214353.213718155,1786.054291760683,1.3684895359266531,24.325222710454497,21.062825409340675,1912.2038962392537,3656523.7407925823,1521.2706298828125,1.1656101093404654,20.23109216492085,17.630816285871333,1627.929364695589,2650154.016438184,1302.5584368067653,0.9980310223077377,16.570508015741755,15.504520623109128,1436.8058002943708,2064410.9077595472,1116.282958984375,0.8553052141530575,19.513799433772395,17.169522648125735,1556.0318234000695,2421235.035433745,1262.2757523254304,0.9671660970666363,24.97852652460249,29.537462924482476,2087.9822710336407,4359669.964150799,1914.7745768229167,1.4671160804733547,43.13423206343144,58.75491625645145,4339.384388244359,18830256.86893887,3891.8363594750094,2.981957132014251
monthly,T306,45.95534676082564,46.82179914537545,1278.0736372456097,1633472.2222222222,1047.2222222222222,0.7452433901655547,45.95534676082564,46.82179914537545,1278.0736372456097,1633472.2222222222,1047.2222222222222,0.7452433901655547,44.68445097964552,69.48499174774466,1479.9771159027548,2190332.2635958362,1316.0056016710068,0.9365199240950086,44.63769010656332,69.7277493365988,1482.839062886119,2198811.6864209836,1305.6742545086781,0.9291677422745227,44.88346095262061,42.460199911265505,1244.9405274681214,1549876.9169326043,1066.3363430404902,0.7588457296655824,44.88346095262061,42.460199911265505,1244.9405274681214,1549876.9169326043,1066.3363430404902,0.7588457296655824,77.9605640863515,52.54543012189142,1790.4709609171025,3205786.261887412,1521.364004437498,1.0826608185767221,37.4663944031806,37.09304062293632,1067.9974293556868,1140618.509110355,912.172651960681,0.6491369502462964,100.4501323637845,69.91142065161715,2336.907029034228,5461134.462349581,1858.549289279514,1.3226147647949098,60.98039287658924,73.35278133419325,1863.4233950932692,3472346.749380926,1531.1338330968656,1.089613402352106,61.688912939128116,50.585020183461836,1731.2507886714063,2997229.293275366,1324.0028347439236,0.9422110610483074,82.5706124605338,82.57727408732892,2497.719509520148,6238602.748237571,1978.0460111008474,1.4076532028590167,33.73971507705885,30.77575321876077,1086.562911732886,1180618.9611534476,849.1370442708334,0.6042784006671609,35.95261097333132,36.532571884919456,1075.1029634954357,1155846.382116668,887.5506196321708,0.6316149702349029,39.059989053537855,37.71269440565138,1087.824170013246,1183361.4248650074,947.6873101128472,0.6744105394427972,39.025953669884785,40.698683595117096,1106.0304592609793,1223303.376813053,960.7643896520381,0.6837166894484482,30.417067992234877,40.32095557506867,997.1636692853438,994335.3833426104,771.1471082899305,0.5487777790647393,40.659536854195125,41.95282268198846,1134.3971526905977,1286856.9000325352,989.194308139296,0.7039485069041692
monthly,T335,33.977328570921756,41.42317019309266,741.297661012243,549522.2222222222,592.2222222222222,0.5333333333333332,33.977328570921756,41.42317019309266,741.297661012243,549522.2222222222,592.2222222222222,0.5333333333333332,60.2848481831829,110.50570966581846,1417.4970669922866,2009297.9349317353,1254.6487358940972,1.1298900435819261,73.5296396769964,142.4542432595324,1815.9415368827792,3297643.6653761906,1713.673602347985,1.543270786354658,52.39323247490354,90.33801365780137,1137.962685096208,1294959.0726713713,986.1607617245377,0.888099747894518,52.39323247490354,90.33801365780137,1137.962685096208,1294959.0726713713,986.1607617245377,0.888099747894518,61.27062028673919,44.16554546106701,714.276533102833,510190.96574140247,637.4208015121617,0.5740374947951925,23.566590795933568,28.459072052562174,423.63030155858684,179462.6323986192,342.075274088786,0.3080602843576309,53.59967902041133,86.45894640521709,1310.9295566373596,1718536.302465424,1036.1699896918403,0.9331362008481864,48.77254352207518,63.210698329060065,1169.0334797357116,1366639.2767429864,962.0518112478029,0.8663881226997099,58.26308866253092,94.18385372421425,1370.385292873899,1877955.850925082,1130.831495496962,1.0183848364700594,67.22775919533991,91.01931541192356,1791.1947696214625,3208378.702719284,1363.2380792072263,1.2276815722691719,35.23971934961991,49.703421337159284,674.9623140721236,455574.12541759596,550.1398315429688,0.4954354955734052,34.31929883398745,47.04812323307246,666.0189740327831,443581.2737716811,545.4054144586353,0.4911718554224107,34.20193981576655,50.38894112432541,670.4491094886165,449502.0084140789,537.3895060221354,0.48395302606121005,37.77092813796291,58.40223097230166,758.1464947666942,574786.107527025,612.0681687721277,0.5512058555546365,42.39788073633357,65.52798694272546,847.6573568668649,718522.9946505196,718.7256944444445,0.6472576610381489,41.49755128964488,64.03219722479244,828.5037859900633,686418.5233998686,693.1908353386739,0.6242619155019952
monthly,T344,51.01042641488114,66.58975508715707,1783.9858619270376,3182605.5555555555,1500.5555555555557,0.9406028947654805,51.01042641488114,66.58975508715707,1783.9858619270376,3182605.5555555555,1500.5555555555557,0.9406028947654805,55.65580601225458,77.40394485137926,1762.5095367016904,3106439.8669644073,1535.3474460177952,0.9624117193451409,52.08456960886291,67.91215876292353,1534.653009946837,2355159.860938887,1365.1637639740582,0.8557343868201736,44.554777669648956,63.49144454929173,1384.8333926833122,1917763.5254907731,1214.7227972052635,0.7614325075527607,44.554777669648956,63.49144454929173,1384.8333926833122,1917763.5254907731,1214.7227972052635,0.7614325075527607,54.11505032721246,81.9600093569518,1737.214343139893,3017913.674010969,1609.9747841173312,1.0091908539031262,56.51768101010908,87.53655084544472,1884.4217716439948,3551045.4134458923,1725.4972236079273,1.08160452802064,56.45369479352564,95.04426673708264,2157.464072815428,4654651.225489335,1786.6249864366318,1.1199216369436282,56.960783476904076,90.07815164824694,2170.226731018229,4709884.064026069,1862.4320488808246,1.1674402657039449,58.96378108368644,81.33834034758203,1946.6019586025384,3789259.1852352386,1615.2279324001736,1.012483718644575,61.97154030260565,73.69276821623696,1835.7775559063925,3370079.234769648,1604.0556391146229,1.005480518152163,33.15788570402256,38.965980688007214,946.1052159944137,895115.0797318361,726.3519761827257,0.455303883209544,34.502131924970556,45.11686847179001,1180.9617651284018,1394670.6906951903,947.3214651384086,0.5938156098810788,41.53398017480085,53.60256003393673,1402.6919527583025,1967544.7143329,1148.694363064236,0.7200434792958973,46.60896774616193,70.33491602035406,1778.6168960149794,3163478.06278996,1344.030947738815,0.8424875676325579,36.19493655577943,43.553059350351226,1070.0377309478627,1144980.7456520507,908.4420912000868,0.5694446017316901,58.98520138591653,66.47325204761943,1610.0016040323922,2592105.1649868754,1469.170086794331,0.9209293394205404
monthly,T394,32.077309139784624,29.043444057570454,1435.7170101845743,2061283.3333333333,1235.0,1.0809628008752736,32.077309139784624,29.043444057570454,1435.7170101845743,2061283.3333333333,1235.0,1.0809628008752736,33.02436377384829,28.051158160222084,1633.0585448661423,2666880.210960322,1269.112331814236,1.1108204217192439,37.830677423090165,31.349073937270045,1652.1436229164965,2729578.550743647,1338.5873125099365,1.1716300328314542,49.23557650214906,72.1571676578476,2613.3195851419173,6829439.254086322,2435.1217064754114,2.1313975549018918,49.23557650214906,72.1571676578476,2613.3195851419173,6829439.254086322,2435.1217064754114,2.1313975549018918,20.07148848665713,22.43303030268661,937.0162623717902,877999.4759491994,813.1086049014472,0.7116924331741332,20.39064971769056,23.435525973434984,1021.8022548456278,1044079.8480076093,845.2419664314124,0.7398179137255251,34.60146684872256,29.505622963711502,1974.3894903722598,3898213.859692432,1316.6253458658855,1.152407304915436,37.01058184097292,33.29093386014053,1756.3545284951767,3084781.229765515,1359.762284477916,1.1901639251447842,33.97259679975584,30.23991339358416,1790.145013052792,3204619.1677577803,1310.148661295573,1.1467384343943745,38.88009385349878,31.850354646988222,1908.5575667512478,3642591.9856034433,1373.0132830379505,1.2017621733373747,43.545089703073344,40.20028037484554,1846.927821950377,3411142.3794943634,1568.2623358832466,1.3726584996789903,37.03434423198347,34.02294141129383,1648.7505548114127,2718378.3919909415,1358.4014981067,1.1889728648636324,42.51461628985264,38.14509508871395,1802.1821045437723,3247860.3379378202,1543.9474419487847,1.351376316804188,38.58882773114928,31.99497317317128,1683.836320388249,2835304.7538586385,1313.6435761175785,1.1497974408031322,40.93888339197973,37.54768138691747,1956.2065955856935,3826744.2446129695,1531.960211859809,1.3408842116934871,41.0286485362978,34.09149859652503,1678.213993622343,2816402.2083898536,1371.5653822978227,1.2004948641556434
monthly,T431,21.11867041440644,22.89649271121276,2037.1112444395917,4149822.222222222,1615.5555555555557,1.0721231393151758,21.11867041440644,22.89649271121276,2037.1112444395917,4149822.222222222,1615.5555555555557,1.0721231393151758,26.559550712965695,23.941092019199985,2264.303502300956,5127070.350532376,1806.4951578776042,1.198835442805544,33.001578455961,29.03629340533654,2723.649553204822,7418266.888672828,2177.2672672491963,1.4448891031102091,54.77818830635272,83.01500271102859,5615.624351333145,31535236.855285805,5299.58992505736,3.516940638777178,54.77818830635272,83.01500271102859,5615.624351333145,31535236.855285805,5299.58992505736,3.516940638777178,21.862027222806795,27.534533798531967,2060.577863212762,4245981.130362473,1608.566464441374,1.0674850033621726,21.957401216564755,27.547904773884714,2126.6663397417788,4522709.720590694,1685.77455383476,1.1187222256887663,36.643634717695114,29.570721427106438,2806.359601669409,7875654.213882085,2296.426500108507,1.5239661551943637,35.55323663704249,29.86393241013739,2648.481401681938,7014453.735055123,2245.6847540877347,1.4902926613605871,33.23677877461812,25.80234223784282,2540.3293430432796,6453273.1711267,1942.3720567491318,1.2890067568637955,47.75107953309685,35.98093498868469,3167.7238201963623,10034474.201039435,2649.405732703287,1.7582120167255326,18.012734419881703,19.695515063741514,1604.8128146981776,2575424.1702194875,1265.735812717014,0.8399739943372967,17.04990823042265,18.13683882719461,1461.6705594080938,2136480.8242403697,1201.298161728489,0.7972115548592212,15.946969394275554,16.391830522559268,1450.4284603221406,2103742.7185124555,1127.809841579861,0.7484428645905341,13.227615530001346,12.499312608875998,1293.1362084131497,1672201.2535091366,923.6536416592483,0.6129596958335949,44.84636848500866,64.1076842157873,4387.6397139708615,19251382.259614307,4002.7012803819443,2.6562928447163463,43.170076119326296,61.30736448078954,4212.571800008991,17745761.17023099,3800.215143115686,2.5219179713749886
monthly,T494,3.2165428177639637,3.174986441263578,243.96037929685767,59516.666666666664,207.22222222222223,1.086629868138608,3.2165428177639637,3.174986441263578,243.96037929685767,59516.666666666664,207.22222222222223,1.086629868138608,3.3072781282581185,3.218022085736859,304.1556056590972,92510.63245385223,216.356201171875,1.1345265378837972,3.3192595435342547,3.202376040270342,351.06083497030954,123243.7098500509,218.69496681488212,1.1467905343558678,9.277515660000212,9.743288957509598,669.19389319671,447820.4666917696,608.7384688816063,3.192096846941266,9.277515660000212,9.743288957509598,669.19389319671,447820.4666917696,608.7384688816063,3.192096846941266,2.7554692497904707,2.7306198588319965,220.11209809128047,48449.33572614547,180.37089013904628,0.9458271148045666,2.8318254815498958,2.821866118457975,213.47248267390546,45570.50085896087,185.19776692044297,0.971138244201035,4.439298377657053,4.391827074565888,325.5498752419023,105982.72127001816,282.8286946614583,1.4830943510306462,4.363210741446361,4.340065065835106,327.025658821427,106945.78152758836,274.72251664668005,1.440587253805038,4.35137005782337,4.296723852941991,334.81250163562476,112099.41125150521,279.15318467881946,1.4638207476258243,3.9108605382850548,3.872556803120414,297.61056637550524,88572.049218349,248.9850583179059,1.3056254208022664,2.715996718739088,2.670700076484013,221.40026457670817,49018.07715463638,175.73589409722223,0.921522167759123,2.563953165156889,2.5235700976370805,222.93881846501364,49701.7167785763,167.74529838293554,0.8796211598737191,2.5860321248861586,2.5383883959003675,219.9839171885861,48392.923821634715,168.86284722222223,0.8854813515792702,2.223368524310323,2.1728447457267306,220.566026257777,48649.371939146375,146.3070105678456,0.7672032752867709,1.3564894887571646,1.3449355715775932,130.10301837938712,16926.795391427146,90.5810546875,0.47498805125919963,2.7412819350414903,2.684133029857345,245.4849448679894,60262.8581568398,173.10957840852208,0.9077503191615234
monthly,T582,28.184684258408865,24.28767457738399,1989.2943263043471,3957291.9166666665,1853.6666666666667,1.5292895886177862,28.184684258408865,24.28767457738399,1989.2943263043471,3957291.9166666665,1853.6666666666667,1.5292895886177862,14.182102341637561,12.865084000742494,1245.101637918313,1550278.0887468655,1022.4171549479166,0.843502199399065,8.96377742762672,8.47190389497448,797.4467427599625,635921.3075384737,670.6154314613598,0.5532630087935346,5.960179530445632,6.123333352300416,561.3863501275849,315154.63410957134,449.0463628081286,0.37046678337483696,5.960179530445632,6.123333352300416,561.3863501275849,315154.63410957134,449.0463628081286,0.37046678337483696,4.677818863123374,4.581620986550532,427.1241412323691,182435.03202348875,354.952880443449,0.2928389198950155,6.6402565695629425,6.381793115960354,588.6348304414817,346490.9636088719,498.79309667103513,0.411508230325538,9.186420704320467,9.831612567136006,876.2163440373168,767755.0815581216,727.5682508680555,0.6002495330307701,16.56494936458767,14.899076790209334,1471.8587187184016,2166368.087867375,1166.2476950276093,0.9621635269314228,8.940963784958416,9.149435331794283,859.5685364737848,738858.0688956843,690.1228841145834,0.5693568107588445,15.29343227429949,14.105840691792585,1318.734179673353,1739059.8366387514,1092.4115135157454,0.9012480960829854,18.67063596672632,16.585432491030705,1460.2036872863648,2132194.808364696,1251.799777560764,1.0327446683282162,55.31825087994691,42.97027466701688,3381.392492688941,11433815.18961313,3296.109719511584,2.719316459444861,5.456260364610037,5.432622916216892,570.5522035702481,325529.81699886586,409.7212185329861,0.33802322985341937,6.960763194849376,6.653638326405995,628.5125357150222,395028.00755092705,519.6329630073599,0.42870128406568964,8.217169159182996,8.081898050761925,704.2367748032946,495949.4349853463,619.4398871527778,0.5110427819802119,57.79195775181787,39.29653326193596,3862.0000994813063,14915044.768393619,3068.3956213815236,2.5314505363455315
monthly,T616,6.037727454242785,5.793688927198081,631.6446346201672,398974.94444444444,516.9444444444445,1.8256967894503136,6.037727454242785,5.793688927198081,631.6446346201672,398974.94444444444,516.9444444444445,1.8256967894503136,7.043343183583126,6.774333551166145,640.9153289932964,410772.45893858536,601.724853515625,2.1251164317600066,4.743301594989253,4.591693420213429,487.29290928604536,237454.37944045803,411.13837282508143,1.4520206481631799,3.0371357019862417,3.079845647853465,313.9113115581703,98540.31152417068,270.6541734054782,0.9558714882191058,3.0371357019862417,3.079845647853465,313.9113115581703,98540.31152417068,270.6541734054782,0.9558714882191058,3.223832762702554,3.2072472075055676,371.4109753117804,137946.11258204796,284.1097155442551,1.003392532979494,3.6523627029537318,3.6455031439158367,403.87178383393797,163112.4177772071,322.2366741367532,1.1380458146655679,3.1210375114520974,3.0461632285216136,380.5526573601386,144820.32502386306,271.7101779513889,0.9596009878391009,3.118584990701178,3.0480525912189678,382.6159301557003,146394.95000891172,273.84904434724046,0.9671548392324859,6.3931685932773155,6.139085715214701,620.558052409722,385092.29641054734,544.1333279079861,1.9217199845568456,5.669669674118381,5.461921066695958,576.5924704081633,332458.8769313887,485.392128007685,1.714263223547077,5.727744485152456,5.538809177267769,541.4748490098195,293195.0121102068,493.4606119791667,1.7427587523041297,5.234355766297874,5.07083378116003,504.6670949291438,254688.87670422145,452.1745293209328,1.5969483671299092,5.59412901358286,5.414578854415278,527.9362455706795,278716.67938726477,482.343505859375,1.7034963805560503,5.972364820646185,5.775329225639731,552.2319876183054,304960.1681488643,513.5496827574734,1.8137074827086332,2.116435205295461,2.083768375676239,243.98095977322336,59526.70873186323,187.21299913194446,0.6611816320530893,5.462358526825197,5.2977593128070755,504.18810801100716,254205.64825971902,470.780494577386,1.662659202014375
monthly,T621,13.860728779468173,12.730823988709494,1018.2364929403952,1036805.5555555555,736.1111111111111,0.9595959595959597,13.860728779468173,12.730823988709494,1018.2364929403952,1036805.5555555555,736.1111111111111,0.9595959595959597,12.382378392501248,11.6910921096034,828.6619032073443,686680.549827218,698.7882758246528,0.9109418346942302,9.428686378266683,9.357911717120853,744.0347704526656,553587.7396425508,541.209518559387,0.7055218423758733,8.70351573649715,8.712236360547669,630.1894572634101,397138.7520459513,498.26434069701827,0.6495384201196122,8.70351573649715,8.712236360547669,630.1894572634101,397138.7520459513,498.26434069701827,0.6495384201196122,8.799208587050188,8.628887374445185,608.1692538775355,369869.84136195824,501.6272371330723,0.653922298835566,8.999973379898472,8.67439621085915,625.8076998472591,391635.27718811715,510.11600744105294,0.6649882772816471,17.883717216150714,17.13067968451559,1168.782201466405,1366051.834464656,989.34130859375,1.2897073662628646,19.69762029035683,18.49988807168544,1303.3727615439973,1698780.5555348254,1066.7314039502717,1.390593253863133,13.596176389747894,13.127084556430876,955.382425365068,912755.5786964396,754.4974093967014,0.983564375885923,19.066438995809044,18.644794713193154,1237.5169531813353,1531448.2094112153,1058.460298087103,1.3798110232353316,8.905336451140576,8.261933323718372,810.5864318683805,657050.3635291127,483.39130316840277,0.6301498977838527,9.754672664105108,10.284050747780244,705.6436907989122,497933.0183643108,563.7280878293236,0.7348770956265626,11.226620871656525,11.364073776745487,744.9880408913083,555007.1810710696,639.3487413194445,0.833456335167715,9.079943470771019,9.00257127717303,632.2477694725454,399737.2420030089,518.2337357794509,0.6755705646524575,11.712533329123128,11.045909362353887,844.0965258453305,712498.9449441566,655.0818956163195,0.8539661074929723,10.797109631635577,10.437768139057866,732.7231674083584,536883.2400569373,615.7915203137215,0.8027470933763781
monthly,T662,5.194874277719327,5.002815621125517,463.30551475241475,214652.0,377.77777777777777,1.0373466390184898,5.194874277719327,5.002815621125517,463.30551475241475,214652.0,377.77777777777777,1.0373466390184898,10.335104465196327,9.744930860539297,801.6134317710645,642584.093995783,734.4197591145834,2.0166561231519227,8.406884717055817,7.972752447468285,694.211540763857,481929.66332972824,604.1549421153377,1.6589596728964124,3.3304048005033837,3.361708346272721,284.4337284150062,80902.54586006152,248.09240584662086,0.6812412971585381,3.3304048005033837,3.361708346272721,284.4337284150062,80902.54586006152,248.09240584662086,0.6812412971585381,1.9400280176396258,1.94180426769225,173.99220645662868,30273.287907646103,144.97396955511275,0.39808657075543696,1.945196278101653,1.9541079078864425,175.13336895073147,30671.696920033035,145.83821041705434,0.40045970492630106,10.53712294174249,9.903781861754476,820.6940450497165,673538.7155800661,742.1808810763889,2.037967524339812,11.150886735373795,10.403452931112925,894.5463518579368,800213.1756223437,783.2070318160472,2.150621952644181,13.599558458486003,12.644572564819159,1001.0269752810202,1002055.0052402682,947.3036838107639,2.601217833170109,10.287735149497236,9.67432460063034,808.1353410782434,653082.7294996488,725.2931672095522,1.9915952540503352,8.266016041264548,7.88906029275364,642.7944618384893,413184.720170233,592.9588758680555,1.6282161978297598,8.586290366802574,8.194640706078511,654.9699952068082,428985.6946212063,615.5614274805733,1.6902809415169322,7.865044236866335,7.531038877011932,603.606546965721,364340.8635398812,565.5005425347222,1.5528178777805115,9.835142325911741,9.350746431868423,717.7428029760872,515154.73122397036,697.9066108609669,1.9163940276849063,2.8688935635320836,2.8873122552826884,260.8734645163905,68054.96448878448,213.33683268229166,0.585805358016596,6.97191612424218,7.306209161863815,618.1353052969641,382091.25565457105,536.4683884708124,1.4730979757290485
monthly,T782,14.36750225726854,13.210054948745634,767.9418742471479,589734.7222222222,687.5,1.5135478408128704,14.36750225726854,13.210054948745634,767.9418742471479,589734.7222222222,687.5,1.5135478408128704,26.739757044609156,23.091826158016985,1331.692269038069,1773404.2994157607,1203.426052517361,2.6493714958045205,8.789395494834439,8.298412926293217,517.5975219760096,267907.1947557057,438.7379136498511,0.9658921045636011,8.633610613919801,8.188088178638438,506.6167923950119,256660.5743366106,431.62520660523995,0.9502333083603928,8.633610613919801,8.188088178638438,506.6167923950119,256660.5743366106,431.62520660523995,0.9502333083603928,3.4719876947730177,3.423464288669557,205.58143382474537,42263.72593343817,177.46666447032607,0.3906971444731988,3.072931186741406,3.0678614099614276,179.7051856563031,32293.953751766363,155.9682750943969,0.3433679214609923,11.281830416591147,10.519951428027175,641.4629387586236,411474.7018008497,549.2074110243055,1.2090933688934753,16.807341498365584,14.814318709932653,987.0528400244475,974273.3090003276,779.5596852939782,1.7162194595803075,8.260831378687932,7.81526234829621,514.8408015410336,265061.05093141395,410.74346245659723,0.9042616446969964,7.199958185801495,7.019400108479232,444.8689710493295,197908.40140248917,358.27399919185086,0.7887488551217716,14.26991501938121,13.165414387530285,747.0297153554325,558053.3956240184,680.4996066623264,1.49813630594585,7.197205368465245,6.864319075077814,425.68383005286046,181206.72316847258,361.77265592525464,0.7964512323502643,16.911738774442124,15.33174617363503,877.8863355318366,770684.4181135164,790.563720703125,1.740445109083933,31.14804893057965,26.781533863984603,1426.3450759857021,2034460.2757886583,1379.2998965451166,3.0365620076353115,6.41248082311388,6.111898424129793,408.39346787744324,166785.22460496426,320.08238389756946,0.7046690924078582,27.93161345847243,23.995205330086776,1371.8704526536026,1882028.5388640005,1253.3984254723132,2.7593868808027215
monthly,T791,34.78367380681572,28.26969218301103,1660.4540460033481,2757107.638888889,1286.9444444444443,1.6914754317048082,34.78367380681572,28.26969218301103,1660.4540460033481,2757107.638888889,1286.9444444444443,1.6914754317048082,32.43359291184093,27.223751224714903,1668.2195607497868,2782956.502868212,1257.0514458550347,1.6521860335398388,21.495172145692408,18.246421700950275,1324.6986603999194,1754826.540865341,895.5457298602764,1.1770466134462576,58.93440764406942,44.20835398152455,2286.719995937714,5229088.33982138,1972.8795006400096,2.59302351352641,58.93440764406942,44.20835398152455,2286.719995937714,5229088.33982138,1972.8795006400096,2.59302351352641,33.72460311675016,27.772001516045464,1627.4851162667296,2648707.8036697307,1287.3831450441958,1.6920520310207747,39.28503649856963,31.33486721988265,1808.897950092919,3272111.793850364,1453.166789496201,1.9099471878626888,51.52317319884796,39.23634039162658,2065.11229518699,4264688.791732478,1737.0306735568577,2.283039272691709,26.48227393702968,21.806353701231174,1174.0395139482148,1378368.7803117605,924.8994266138646,1.215627188623954,39.67046305387919,30.639033965875136,1851.7696866475815,3429050.9723868817,1375.512966579861,1.80788409243696,26.79921310255655,22.759775400002635,1206.9265235632329,1456671.633280431,1004.15336367391,1.319793369209019,26.905005694972218,23.989784643504702,1416.5306716582943,2006559.143748698,1052.6887953016494,1.3835851595383595,18.908487176622884,17.709313513582217,1145.93915532211,1313176.5477003513,777.6322525546317,1.0220688669006563,30.21242997515422,26.7765475021417,1534.3666136669945,2354280.90513592,1174.6641303168403,1.543901545644073,27.410850637668034,24.762308612369726,1386.6199626673572,1922714.920867623,1086.8579512142253,1.428494858630431,28.769811439829702,24.090607452173142,1468.8463354789376,2157509.5572499037,1134.0654296875,1.4905412743673185,29.112259208438413,24.49545631808151,1513.1002462069462,2289472.3550715214,1150.6297654765342,1.5123123517052801
monthly,T795,9.428009897787753,9.084563751576972,252.50610553674406,63759.333333333336,182.77777777777777,0.29586382598279315,9.428009897787753,9.084563751576972,252.50610553674406,63759.333333333336,182.77777777777777,0.29586382598279315,18.31932217583946,19.278469974478114,423.9139727237518,179703.0562704338,339.36748589409723,0.5493368177003664,25.03173051125443,29.799074395791248,524.0776762548018,274657.41074863286,473.4242586544698,0.7663355697916171,20.790414556068164,20.514312514417572,467.789531668475,218827.04593861118,382.70340168167024,0.6194850053152086,20.790414556068164,20.514312514417572,467.789531668475,218827.04593861118,382.70340168167024,0.6194850053152086,16.869595147515586,15.175917634561106,307.2592745382756,94408.26178978739,250.90315354529127,0.40613890737478586,15.032987372491702,13.564532761533007,327.34923692366385,107157.522914505,252.33404266775267,0.40845509884770825,15.806000805104887,15.703803853518275,331.79839851979324,110090.17726029952,273.89667426215277,0.44335870014618245,21.16345982933011,24.73969740307385,477.7567655027432,228251.52698364315,405.2515217213196,0.6559838245084301,15.894891697737915,16.322949795249425,373.760402500416,139696.83847727295,280.783209906684,0.4545059895395083,17.74702805532322,19.5516956884397,405.2868765152404,164257.4522754797,331.7509370027912,0.5370078501247425,20.945520855634157,18.552955477249906,371.25104353282563,137827.33732421199,322.60853407118054,0.5222089706170199,17.1476217853015,19.23110175244165,342.15677464008576,117071.25843210645,303.68496857770043,0.4915772463658145,11.45834358998073,10.879302286785848,234.4901469480323,54985.62901570979,190.6715833875868,0.30864159118859424,11.645244371311342,12.027767707233023,256.0639574556401,65568.75030784386,214.6147263863843,0.3473985450141846,18.68844855953133,17.288639116164177,334.38558445888935,111813.71909391301,291.46217854817706,0.4717921200430959,49.790757629057836,33.988639316826536,657.0558502168501,431722.3903041877,523.7910307370469,0.8478646597714294
monthly,T798,12.40971103446215,11.408198088919502,975.4429193391528,951488.8888888889,807.7777777777778,1.7130686967554831,12.40971103446215,11.408198088919502,975.4429193391528,951488.8888888889,807.7777777777778,1.7130686967554831,12.427077715604087,11.487366448395177,987.1667543908662,974498.2009745969,820.4734700520834,1.7399926771088228,13.303819688954524,12.218030859959859,1017.7230218931087,1035760.1492912411,869.5182232965633,1.8440027573989106,10.346673755676337,9.778044926298051,821.0059149093846,674050.7123161956,694.7911549487304,1.4734559566612553,10.346673755676337,9.778044926298051,821.0059149093846,674050.7123161956,694.7911549487304,1.4734559566612553,11.13329614493807,10.347618143181398,899.0010261111553,808202.8449489102,734.0931089522595,1.5568043093604198,10.879338605313885,10.131972532345412,882.1780334808283,778238.0827561014,718.8953826707261,1.5245742209982773,13.408525310709365,12.512731549311201,1016.2994685883697,1032864.6098530027,876.3713107638889,1.8585362218483779,12.937524143935844,12.206310477657764,947.370838943962,897511.5064813863,839.7573581491025,1.7808883614907558,13.549919881870762,12.773965640103446,998.9057347196343,997812.6668557724,888.2659776475695,1.8837614534124638,10.850891689315507,10.373050452618806,850.4862102967412,723326.7939049128,715.2993703815308,1.5169480937944373,10.449606618459867,9.78972754739223,853.0968689755864,727774.2678559489,695.1806911892361,1.4742820530929965,7.822537759692357,7.492911345506764,644.7588042092416,415713.9156053312,524.9088481168138,1.1131835278170603,10.14530914057507,9.547653773899098,851.7499805682752,725478.0293980571,677.5018717447916,1.4367902663429513,8.189342258865794,8.013227786141538,675.8543588735346,456779.1144083565,552.8975084886471,1.1725395775452547,9.415605139204835,9.0491248810166,769.1230395947871,591550.2500355244,634.35595703125,1.345289957815049,7.922825944201913,7.558008194038354,656.6443616775395,431181.8177229033,531.1890041611065,1.1265019664101767
monthly,T810,6.7595469371883725,6.495945053772595,447.4022028456176,200168.73111111112,405.788888888889,1.4456517601993826,6.7595469371883725,6.495945053772595,447.4022028456176,200168.73111111112,405.788888888889,1.4456517601993826,13.01765150502796,12.089810259357588,819.6214214778963,671779.2745454474,753.1161729600695,2.6830298977763816,7.86184605258468,7.531489492657786,499.12473765087077,249125.50373505056,469.7231558578446,1.673422130733199,1.0350574975804434,1.024953612121583,129.03640771959837,16650.39451717843,63.86490990847965,0.227523281075961,1.0350574975804434,1.024953612121583,129.03640771959837,16650.39451717843,63.86490990847965,0.227523281075961,1.0687780104210607,1.0602042349172636,126.62339111223773,16033.483176762726,65.9630782649852,0.23499815498412124,2.0555468494609137,2.0629180638045366,159.11467103085457,25317.478537257066,128.4393733793641,0.4575743971531586,2.6226264655930853,2.5936227637827733,202.62418858181917,41056.56179844062,160.86430664062507,0.573090526665331,20.007882439275132,17.54283937381473,1297.9834302845597,1684760.9852932724,1098.1267351183478,3.9121545488657383,6.120999300380947,5.909415452918297,399.6821102671027,159745.78926756443,367.6597656250001,1.3098140483482006,18.253896323337468,16.59054654536606,1084.3431320805232,1175800.028090199,1032.4619623452268,3.6782191283999803,5.485765058693175,5.310057065974659,366.4299542971521,134270.91140621298,331.30977647569455,1.180314628241331,7.514803868258981,7.202187954829007,486.6146928235464,236793.85927175445,449.89435585344097,1.6027806212835485,5.334174632558232,5.173052060504571,351.8360426709953,123788.60092238642,323.1444118923612,1.1512249365179144,6.855403278024065,6.591622524617631,447.9759730149154,200682.47239866017,411.9830460775019,1.467718885465402,2.766443553312036,2.7125000322262736,210.24915467955037,44204.7070434655,170.72037760416663,0.6082034800438926,1.0314489068828407,1.0211888248340288,128.87090538807135,16607.71025554124,63.64847958472663,0.22675223266369227
monthly,T855,8.247810671839554,7.876508337862082,228.01973598791838,51993.0,199.0,0.2200040395020782,8.247810671839554,7.876508337862082,228.01973598791838,51993.0,199.0,0.2200040395020782,29.059069135483647,34.886920296750226,912.0126301101666,831767.0374804636,852.4478488498264,0.9424219608634111,26.8880277430963,31.57240820348226,805.640128519281,649056.0166805636,770.3529654058062,0.851662131817498,19.049150010859464,17.032725614249532,482.79027345257435,233086.44814041152,430.9462789304163,0.4764317697139745,19.049150010859464,17.032725614249532,482.79027345257435,233086.44814041152,430.9462789304163,0.4764317697139745,12.066361382413355,11.2389427070579,317.7056190803243,100936.86039521213,284.7399471722535,0.31479366123368907,9.59924704049972,9.042660554268354,263.74545866126783,69561.66696444254,230.3915827476202,0.25470893905403896,23.817241187118313,28.23584048943013,803.0165506575614,644835.580629968,681.8018798828125,0.7537646618810526,27.04458750736786,31.062999094993454,1022.6322581235986,1045776.7353549703,772.0219322988303,0.8535072547233297,28.43610076161284,34.49546275070618,947.5551226917675,897860.7105394105,849.4241129557291,0.9390790758830652,9.057677720089167,9.67185389035094,282.79918330896885,79975.37808021976,236.40853978908638,0.2613609734994311,31.440833685173835,37.95349631993166,972.3592548514356,945482.5204952392,931.7557915581597,1.030100693327897,31.64278740999233,38.60982085376432,1011.1513944293567,1022427.1424564326,945.9573195994661,1.0458011633589999,27.10426343604317,31.762581382223036,802.0602007719192,643300.5656622914,775.6594780815972,0.857528735959925,28.154560015612184,33.192054386828076,838.2415921474403,702648.9668058758,811.3629765543006,0.8970006650471162,22.898300144877247,20.2736213893653,546.186768682336,298319.98628365167,510.1717258029514,0.5640192990773665,37.08998608543765,30.44365006485947,829.9211946686137,688769.1893601789,763.9893541531368,0.8446268545239896
monthly,T895,3.2445944519139536,3.1672676483314692,206.55238775886588,42663.88888888889,167.77777777777777,1.241030504188399,3.2445944519139536,3.1672676483314692,206.55238775886588,42663.88888888889,167.77777777777777,1.241030504188399,5.239936787268603,5.092313071823958,283.172999915591,80186.94788119529,268.4352213541667,1.985580584696539,4.013315749071442,3.9225817874199014,223.09803959040815,49772.73526908332,207.01690681555914,1.5312772623625996,3.577218517966256,3.507065088459009,196.2860004772503,38528.19398335511,184.9463092901538,1.3680239094008533,3.577218517966256,3.507065088459009,196.2860004772503,38528.19398335511,184.9463092901538,1.3680239094008533,2.754788474024319,2.7073961774300175,161.91640863860908,26216.923386425045,143.08081996582547,1.0583503041568882,2.833317786046767,2.783750291752916,165.56255284963265,27410.95890608741,147.10230844085942,1.088096733844195,3.004156499346128,2.933695660417902,196.31620634496196,38540.052873677676,154.99839952256946,1.1465030974642407,3.2097371604691594,3.1497229864180536,183.27392830857528,33589.332797656796,165.85703386591388,1.2268230101034883,3.5356608483491145,3.451905289641692,213.6413379736868,45642.621291187075,182.17881944444446,1.3475531452505138,3.4730870158345377,3.395830211996705,205.96323320854808,42420.85343371876,179.39154996858412,1.3269360737363265,3.536323996472869,3.460468811217148,204.4459024158964,41798.127014650236,182.857666015625,1.3525744854640827,2.4797611106010473,2.4381437492341713,152.1571080089378,23151.785517643566,129.10909191871391,0.9550032403660205,3.288170339278134,3.218868841277593,195.86282754397934,38362.24721352259,170.36593967013889,1.2601748026809705,3.332672643505711,3.266621359242218,190.84558510300766,36422.037353309344,172.54093124998008,1.2762629338547602,6.39673268556678,6.185393931400595,337.82705321857304,114127.1178863446,325.89325629340277,2.41059023147325,6.580263753376188,6.36190963509109,342.76004981372654,117484.45174830829,334.8316307384722,2.47670623021345
monthly,T919,5.481170284015327,5.31875423782566,239.0969997488235,57167.3752888889,225.8422222222222,1.3939724308680344,5.481170284015327,5.31875423782566,239.0969997488235,57167.3752888889,225.8422222222222,1.3939724308680344,12.261223445398947,11.47078386111427,516.885614134416,267170.7380991123,487.1342594401041,3.0067527723963607,22.938438390785393,20.34411041916743,911.4337657368474,830711.5093252503,864.5870465493215,5.336515444793489,0.25089843036004394,0.2511288553490849,13.487132776185689,181.9027505224623,10.609246270976554,0.06548375528947316,0.25089843036004394,0.2511288553490849,13.487132776185689,181.9027505224623,10.609246270976554,0.06548375528947316,0.2689563593958173,0.2692669013097284,14.010344005234732,196.2897391450168,11.370693493332661,0.07018365783684108,0.682390909046189,0.6860029108552659,36.53898195243822,1335.0972021206057,29.236416540602225,0.1804567730248075,5.601081421052187,5.380133748521672,276.45711456152185,76428.53619168242,227.76756727430555,1.405856293398715,14.963933309985212,13.37374862327668,720.1572135065519,518626.41216552135,572.1963185279722,3.5317837613523686,3.5001019628488503,3.423903228714927,163.70240829643683,26798.478482053306,145.0079844835069,0.895036944982109,18.207989853246282,16.236875810806282,797.7135281890945,636346.8730558933,692.8386102145282,4.276427641283388,4.773079547916521,4.627880876477416,227.30187787802038,51666.14368687449,197.39779893663192,1.2184041005447592,4.622795811496954,4.5014499351667725,207.5448995110401,43074.88531304773,191.5982020167651,1.1826070820028207,4.283696694321598,4.184685165106087,187.39487520054104,35116.839251426354,177.82015896267356,1.0975644713707924,4.451658260296873,4.343488097772809,195.99682599054682,38414.75579836869,184.6843470502609,1.1399324965356104,1.7496177091456349,1.7685670326676655,83.78495413356416,7019.918539163448,75.26478841145838,0.46455901393608134,4.048409386214205,4.143945747480531,188.62098548701644,35577.876166093265,176.15943588495975,1.0873139426483047
monthly,T938,5.332593908613083,5.161303713599579,399.4688501275439,159575.3622222221,356.4999999999999,1.7370689655172409,5.332593908613083,5.161303713599579,399.4688501275439,159575.3622222221,356.4999999999999,1.7370689655172409,10.959994987358893,10.188819309690565,847.1595861514186,717679.3644082429,713.9937608506945,3.4789800941000855,8.591813679326172,8.135621502005439,658.781287911506,433992.78530234256,570.1168561002966,2.7779307081348783,4.29054467684151,4.207584510788893,349.80988724995643,122366.95721782724,292.43649278628413,1.4249154446108299,4.29054467684151,4.207584510788893,349.80988724995643,122366.95721782724,292.43649278628413,1.4249154446108299,2.485495776797488,2.4455576869112097,197.4659325845808,38992.79453149821,169.87477402305797,0.8277256605321416,1.5249465109940716,1.507036806296247,134.4682778293227,18081.717742383917,105.7541203896472,0.5152936900545029,3.465041284811035,3.3670647867862717,310.4313817460314,96367.64277275027,235.02372504340272,1.1451680755488138,8.648444332315604,8.178497038194122,665.2262166783016,442525.91935612663,571.1147207116194,2.7827928670356266,3.5668286331565406,3.479382830462272,295.6570263914838,87413.07725465453,241.94212239583328,1.1788784074759493,4.627329161640138,4.472715607435905,410.3439388141348,168382.1481214984,314.53842767556836,1.5326085306530692,4.164831614150286,4.047485109778551,339.2763260245503,115108.42540071697,282.7629774305555,1.3777806246616273,4.655276633883448,4.508214198040897,378.5483067191907,143298.82051996648,316.4774902012314,1.5420567363628215,4.386262998193471,4.254875516448278,368.0702127533323,135475.6815162833,298.1879286024305,1.4529396820958007,4.705111970190374,4.556846204460988,380.4178193148562,144717.7172522706,319.93687183353154,1.5589127937915706,13.943557542759969,12.841281934639376,991.8276585556434,983722.10427597,890.8270887586806,4.340611751822657,12.55588227326609,11.695611447957914,861.4030465637438,742015.2086292994,800.2536307945832,3.899286806720233
monthly,T1078,70.25698542633583,99.50288768155286,4281.209428031601,18328754.166666668,3290.277777777778,0.5849238290412583,70.25698542633583,99.50288768155286,4281.209428031601,18328754.166666668,3290.277777777778,0.5849238290412583,79.27000111408843,233.25673687428377,7288.109824140953,53116544.80873987,6140.873372395833,1.0916838666020592,85.68007495925724,235.71643163947024,7295.503343207735,53224369.03075524,6664.534287738962,1.1847768418488562,171.33920434355676,116.22049859626627,6731.979256450552,45319544.709280536,5910.072838695051,1.0506536737019918,171.33920434355676,116.22049859626627,6731.979256450552,45319544.709280536,5910.072838695051,1.0506536737019918,84.71296467753132,74.1130729634752,4695.038579169377,22043387.259888805,3499.782123233947,0.6221681263989635,53.28896794342873,63.72904321489094,3758.1483980691964,14123679.381910069,2778.56155005294,0.49395430138468605,54.07210920805239,111.01261511458785,4080.8816257155754,16653594.843102999,3321.1883951822915,0.590418914232056,66.19919238871694,146.00139794279426,4883.610539927795,23849651.90569385,4132.65432150029,0.7346759614528553,62.97748619525937,139.60725388999384,4675.827560357324,21863363.374197125,3886.4642198350693,0.6909099129111009,94.38219644305256,240.2575743813384,7470.681368582839,55811080.11089077,6115.8475545315605,1.0872349421650636,87.14098700711989,233.71531502263076,8281.104744743225,68576695.79340874,7243.339680989583,1.2876730377799313,85.47194365033455,243.22346520047455,7740.053485071721,59908427.9517709,6870.014632522954,1.2213057789725013,48.9681680104517,89.06194880606108,3803.0453924754997,14463154.257229129,2855.6390245225693,0.5076566251836374,78.45865817417852,202.02005940997324,6057.597305563281,36694485.11636753,5514.483607359222,0.9803284356679194,200.0,211.85634400719073,9892.67976150231,97865112.86363739,9293.372612847223,1.6521143382262167,200.0,276.66410149299145,12298.504517071018,151253213.35641623,11734.078545997343,2.0860069018340504
monthly,T1125,4.562407082932754,4.754236329096186,330.14247136652983,108994.05139999995,246.47,0.48537102209803024,4.562407082932754,4.754236329096186,330.14247136652983,108994.05139999995,246.47,0.48537102209803024,11.090404790672862,10.36486261131231,626.3435588848644,392306.25375655753,546.6503694661458,1.0765133629165782,24.674959014589565,21.55992022284857,1218.6268487578716,1485051.3965135403,1134.0562825249835,2.2332862294228257,3.687132192760963,3.7424813755601125,220.8384404745336,48769.616791224114,195.61357396687288,0.3852199469815788,3.687132192760963,3.7424813755601125,220.8384404745336,48769.616791224114,195.61357396687288,0.3852199469815788,11.151002049415476,10.46850028236485,596.7409767188733,356099.79329539486,552.2619954787554,1.0875642845434383,10.054889573507497,9.501151245661227,539.9913781537359,291590.68848037097,501.46534869848597,0.9875309321399329,18.483668999487076,16.460231109446813,983.212826317361,966707.461834973,860.7105224609375,1.6949890291613374,20.218537519215374,23.840660650577643,1529.6660274812527,2339878.1556302765,1240.5780820188645,2.443058593994848,10.286749088200969,9.527728665111738,688.2357390067167,473668.4324461215,498.21420844184024,0.9811284926164526,22.68122327468666,26.30025938987739,1517.4269322875773,2302584.494831688,1372.9861941118636,2.703808627267253,4.648466891534345,4.674247925710716,299.666454076091,89799.98369853795,246.25058268229168,0.48493892566535246,13.294290268008854,14.297189521687248,767.019270871792,588318.5618886953,748.4270244207826,1.4738702065521267,7.3894560565132235,7.838583022687977,509.6522592870782,259745.4253964232,407.16627821180555,0.8018286713170568,2.477500845750815,2.4681962312894794,159.01266000504654,25285.02604188053,130.43090667961573,0.2568563414949401,11.086013144278171,10.384731317423363,603.864601673766,364652.457154616,547.72857421875,1.078636661260403,3.064656624208574,2.990099238803391,206.11488252783465,42483.344799463084,160.50033433087094,0.31607177880168136
monthly,T1202,33.10994762900332,29.261646923012595,4831.131992952928,23339836.333333332,3641.8888888888887,2.371522521853538,33.10994762900332,29.261646923012595,4831.131992952928,23339836.333333332,3641.8888888888887,2.371522521853538,27.584307434420285,24.08189326309038,4770.509806467452,22757763.81360213,3217.121527777778,2.0949228247851774,28.580980686794483,32.98570688765754,4270.700611005743,18238883.708844826,3590.544935214282,2.3380884039506484,25.0414756844536,27.57516856034796,3721.971566420687,13853072.341244062,3092.1103455881994,2.0135181353256453,25.0414756844536,27.57516856034796,3721.971566420687,13853072.341244062,3092.1103455881994,2.0135181353256453,33.01034619232635,42.489876238252435,5101.375907190152,26024036.146460153,4323.206410517338,2.8151823633179096,37.59990403445488,51.45607181267261,6561.759491435112,43056687.623438776,5145.001040877944,3.350317984886276,57.462222066777414,42.681644868359065,6811.661062311536,46398726.427811116,5687.158257378473,3.703359521446908,80.85266204498915,54.60065202984266,8409.816798971144,70725018.59225725,7165.603041166875,4.666092105839614,49.28967554586951,36.59566454276176,6373.584285052282,40622576.63866541,4975.4128011067705,3.2398856399331217,78.59989791846075,54.59057086246947,8092.5448826964075,65489282.678455815,7044.734349694363,4.587384920431363,34.127305896900765,39.29122417032802,5113.819751180543,26151152.44756423,4335.504665798611,2.823190732125653,47.24442833150749,36.81542947947915,5916.40598962903,35003859.83411826,4879.870147408099,3.177670245131997,43.401213318510145,64.26013509701349,7860.407775056422,61786010.390167445,6285.624131944444,4.093068088455658,26.348126209346834,26.89715616345619,4037.871087854256,16304402.922129313,3224.791633810881,2.099917438777385,27.306098985584814,31.727058730502755,4142.109765450473,17157073.309040174,3423.65234375,2.229411409274735,25.32940996973848,28.349638485269303,3777.4437490925575,14269081.277558435,3135.238518626757,2.0416023072506544
monthly,T1217,5.360447211779553,5.187666287576762,807.1062369835695,651420.4777777778,649.588888888889,0.5336401687594844,5.360447211779553,5.187666287576762,807.1062369835695,651420.4777777778,649.588888888889,0.5336401687594844,19.39761005898612,17.281129878615843,2410.0816431128624,5808493.526469595,2154.9300130208335,1.770284614597239,44.3513486703979,36.12207109717361,4580.696682536636,20982782.097402148,4513.954874446786,3.7082340572246237,7.504284324693139,7.907452653936543,1127.9885755351982,1272358.2265379252,971.2877226357663,0.7979171951477498,7.504284324693139,7.907452653936543,1127.9885755351982,1272358.2265379252,971.2877226357663,0.7979171951477498,6.177460603344517,6.445301408869963,943.8631295530664,890877.6073297086,789.9200829961534,0.6489228704598051,9.794857160499678,10.454690405751279,1496.9619797199523,2240895.168727079,1286.9049585244693,1.0571981617774893,13.671916713463045,14.721867234277001,2129.46842960166,4534635.792670159,1817.1755533854166,1.492817819948998,26.651390837440474,23.282656011700396,3039.657897121581,9239520.131533591,2916.0947564006024,2.395584845341222,11.709051482458761,12.690541233252278,1825.9854577501192,3334222.891914912,1555.866872829861,1.2781515736889937,30.172148100442552,25.64734306222643,3432.788578081792,11784037.42180881,3189.496566328817,2.620185651304509,7.572048188527407,7.15710091653404,1127.5203985880048,1271302.2492320533,904.0544813368058,0.7426847876255188,10.082217999528636,9.564030287824442,1249.7660869820145,1561915.272170336,1200.0237271188307,0.985824842771617,19.144948406256105,21.76768403716134,3032.3007951204568,9194848.112088155,2692.19970703125,2.21165406392924,23.808069141642147,27.928299338170177,3870.007166086999,14976955.465564724,3457.3072959562237,2.8401933598698803,12.69915585369187,13.853677543296541,1963.6733266963474,3856012.9339787,1711.0703124999998,1.4056518914350258,19.391635620366127,22.15705048684771,3129.010682009766,9790707.84813122,2743.2905056929626,2.253625382845313
monthly,T1397,14.815661498760605,16.01484321290905,1127.553891296455,1271377.7777777778,931.1111111111111,1.4843800322061191,14.815661498760605,16.01484321290905,1127.553891296455,1271377.7777777778,931.1111111111111,1.4843800322061191,25.42001116263904,29.317233281452417,2169.544829605124,4706924.767666327,1689.061496310764,2.692706733249044,28.725521657938458,32.42810514639933,2135.7363807766,4561369.888172731,1933.2905705505789,3.082057431312517,47.60833043506117,79.55181503063166,4634.815481499803,21481514.547550257,3820.7310552571307,6.091020522873687,47.60833043506117,79.55181503063166,4634.815481499803,21481514.547550257,3820.7310552571307,6.091020522873687,6.922035555778913,6.989205618543901,648.851212236887,421007.89562127786,490.07617009434387,0.781280850875041,6.8907262615908875,6.81922307221828,698.1791162711518,487454.0783971664,511.2208806462998,0.8149898097259852,12.122982508752584,12.603427530845455,869.5770917463586,756164.3184900549,730.07568359375,1.163888770946558,13.067240040917783,13.188971486083318,1059.9628995996313,1123521.3485276583,851.7451516504793,1.3578545895877208,12.663933551908919,12.985582884050823,963.44729086773,928230.6822803683,805.7220865885416,1.2844844858657911,10.381264605850717,9.704434187837053,897.3289711137325,805199.2824000296,672.9384885153212,1.0728004889374685,10.336636213964892,11.270862004896427,856.1133428536208,732930.0558120012,661.1332736545139,1.0539805811883556,10.26374123754789,10.453896527905798,897.4720023051885,805455.9949216844,709.5054527148642,1.1310956492555806,9.855126646169603,10.28521605676826,867.1708338809532,751985.2551337878,669.21923828125,1.0668712494338768,9.949300497846068,10.004529467316873,888.1652477663752,788837.5073399066,701.5541954347086,1.118419731852434,9.229965011281818,9.859743374603616,736.0458847254624,541763.5444212887,579.892333984375,0.9244660396852356,10.725715002515651,10.487201541432162,868.7217776649175,754677.5269892942,723.7071850844536,1.1537360921636217
monthly,T1415,20.08096077876508,22.767889768770385,343.46518827321574,117968.33555555553,321.19999999999993,0.4529903652005213,20.08096077876508,22.767889768770385,343.46518827321574,117968.33555555553,321.19999999999993,0.4529903652005213,75.90069162098139,125.44419190863836,1841.8263638063574,3392324.3544121482,1799.6657823350697,2.5380798878544377,74.59845993977504,119.96301714484154,1785.2889905427078,3187256.7797530005,1751.1541689830492,2.4696636566937955,26.82118518490772,22.55591850174708,358.65223798827,128631.42781399463,313.2882556103784,0.44183238269607605,26.82118518490772,22.55591850174708,358.65223798827,128631.42781399463,313.2882556103784,0.44183238269607605,26.082807212010923,21.902091617234927,354.9701307223138,126003.79370501653,303.8612701613106,0.42853744626608464,4.322002356116464,4.170935315969888,74.13579278589498,5496.115771993159,58.72005849677162,0.08281326507798431,18.347280668366587,20.68944576396621,406.3748597251215,165140.5266166122,304.0126980251736,0.4287510059278308,15.829737765541768,17.142055721334557,282.8264339738525,79990.79175436593,241.4028741199556,0.3404519804111276,27.9316091816512,32.793887769882105,537.6540144295022,289071.83923215943,480.4167209201389,0.6775347006788628,47.99819050766458,64.76438066852866,954.6500270075474,911356.6740655109,921.5711834189304,1.2996975931980637,59.753122030997,90.43421671929939,1367.462681397228,1869954.1850140963,1277.173025173611,1.8012050905904384,67.4342885855662,107.06223032963504,1582.3352861832373,2503784.957900587,1510.284631398988,2.129963844128775,23.68970737639579,26.90680470284883,396.4596084626683,157180.22114237226,391.76166178385415,0.5525039173195244,41.64610837340517,53.13346122334308,766.74679944761,587900.6544631534,758.4578011322371,1.0696577718682334,18.99608477942334,17.055928781606877,256.54953410334844,65817.66344864515,239.72629394531253,0.3380874889242051,26.30974760569969,22.31279879519346,350.3231158622129,122726.28550740943,310.4599069038694,0.4378435448583552
