category,series_id,seasonal_naive_direct_sMAPE,seasonal_naive_direct_MAPE,seasonal_naive_direct_RMSE,seasonal_naive_direct_MSE,seasonal_naive_direct_MAE,seasonal_naive_direct_MASE,seasonal_naive_rollout_sMAPE,seasonal_naive_rollout_MAPE,seasonal_naive_rollout_RMSE,seasonal_naive_rollout_MSE,seasonal_naive_rollout_MAE,seasonal_naive_rollout_MASE,auto_arima_direct_sMAPE,auto_arima_direct_MAPE,auto_arima_direct_RMSE,auto_arima_direct_MSE,auto_arima_direct_MAE,auto_arima_direct_MASE,auto_arima_rollout_sMAPE,auto_arima_rollout_MAPE,auto_arima_rollout_RMSE,auto_arima_rollout_MSE,auto_arima_rollout_MAE,auto_arima_rollout_MASE,ets_direct_sMAPE,ets_direct_MAPE,ets_direct_RMSE,ets_direct_MSE,ets_direct_MAE,ets_direct_MASE,ets_rollout_sMAPE,ets_rollout_MAPE,ets_rollout_RMSE,ets_rollout_MSE,ets_rollout_MAE,ets_rollout_MASE,dlinear_direct_sMAPE,dlinear_direct_MAPE,dlinear_direct_RMSE,dlinear_direct_MSE,dlinear_direct_MAE,dlinear_direct_MASE,dlinear_rollout_sMAPE,dlinear_rollout_MAPE,dlinear_rollout_RMSE,dlinear_rollout_MSE,dlinear_rollout_MAE,dlinear_rollout_MASE,autoformer_direct_sMAPE,autoformer_direct_MAPE,autoformer_direct_RMSE,autoformer_direct_MSE,autoformer_direct_MAE,autoformer_direct_MASE,autoformer_rollout_sMAPE,autoformer_rollout_MAPE,autoformer_rollout_RMSE,autoformer_rollout_MSE,autoformer_rollout_MAE,autoformer_rollout_MASE,fedformer_direct_sMAPE,fedformer_direct_MAPE,fedformer_direct_RMSE,fedformer_direct_MSE,fedformer_direct_MAE,fedformer_direct_MASE,fedformer_rollout_sMAPE,fedformer_rollout_MAPE,fedformer_rollout_RMSE,fedformer_rollout_MSE,fedformer_rollout_MAE,fedformer_rollout_MASE,patchtst_direct_sMAPE,patchtst_direct_MAPE,patchtst_direct_RMSE,patchtst_direct_MSE,patchtst_direct_MAE,patchtst_direct_MASE,patchtst_rollout_sMAPE,patchtst_rollout_MAPE,patchtst_rollout_RMSE,patchtst_rollout_MSE,patchtst_rollout_MAE,patchtst_rollout_MASE,nbeats_direct_sMAPE,nbeats_direct_MAPE,nbeats_direct_RMSE,nbeats_direct_MSE,nbeats_direct_MAE,nbeats_direct_MASE,nbeats_rollout_sMAPE,nbeats_rollout_MAPE,nbeats_rollout_RMSE,nbeats_rollout_MSE,nbeats_rollout_MAE,nbeats_rollout_MASE,timesnet_direct_sMAPE,timesnet_direct_MAPE,timesnet_direct_RMSE,timesnet_direct_MSE,timesnet_direct_MAE,timesnet_direct_MASE,timesnet_rollout_sMAPE,timesnet_rollout_MAPE,timesnet_rollout_RMSE,timesnet_rollout_MSE,timesnet_rollout_MAE,timesnet_rollout_MASE
quarterly,Q2061,14.023650106138124,13.064395549804376,475.6968572525995,226287.5,463.75,3.95639848812095,14.023650106138124,13.064395549804376,475.6968572525995,226287.5,463.75,3.95639848812095,4.320408297734696,4.221318045536085,157.4125914919092,24778.72396019869,150.55566928663558,1.284438215296351,4.320408297734696,4.221318045536085,157.4125914919092,24778.72396019869,150.55566928663558,1.284438215296351,1.5455644342879251,1.545496220727914,65.53012047887192,4294.196689975469,54.9519145181863,0.4688122296907902,2.6271922004126607,2.6857519227741022,131.31971937369406,17244.868696385758,97.12662622306283,0.8286180854883329,46.72549392106431,35.05385847714584,1481.5592134754672,2195017.703034045,1258.9168548583984,10.740219388100806,3.6205006865264315,3.5373536376582178,139.92396323648532,19578.715487805293,123.80992673169408,1.0562617939312993,7.864264948356996,7.518178598956393,288.42439317585576,83188.63057886064,266.83734130859375,2.2764740781186723,10.041281527702619,9.51501081868983,357.06894895497976,127498.23430781394,339.2904129040373,2.8945942353584173,15.988162707861303,14.724399898901602,534.2798239405677,285454.93026996404,518.3513488769531,4.422219931023682,39.144981355576526,32.55720703585038,1177.6229007629568,1386795.6964013607,1156.6207074770127,9.867498476315767,7.852576165519534,7.54448423501443,271.01807310140117,73450.79594759643,266.1927490234375,2.2709748566794343,15.251595047131843,14.14157574650144,511.68189880614204,261818.365565859,502.6815720538406,4.288536089876178,5.944026438629201,6.130174323216095,219.48745564704657,48174.74318641424,216.795166015625,1.8495483925739065,5.715778553439351,5.994603208011755,279.1996583233791,77952.44920789162,214.52221509490568,1.8301571266196055,2.437020753059338,2.481834607742173,110.31584158181138,12169.584903903306,89.52725219726562,0.7637854129140371,1.5276677085876298,1.5258574191718481,65.83584695972051,4334.358744903741,54.206918286207554,0.46245643030349853
quarterly,Q2140,10.439973909343772,9.84266617634535,113.79202520387797,12948.625,104.375,0.8726605047173429,10.439973909343772,9.84266617634535,113.79202520387797,12948.625,104.375,0.8726605047173429,3.737411714559176,3.629118729452241,53.487531589828365,2860.9160355728873,39.31982952470386,0.32874598590110615,3.737411714559176,3.629118729452241,53.487531589828365,2860.9160355728873,39.31982952470386,0.32874598590110615,4.804861499131509,4.6259739920661636,64.72444686702403,4189.254022242216,50.094849196695705,0.41883397732912725,5.672362332179339,5.429962030165176,74.85909138899818,5603.883563586382,58.75252199942729,0.49121921438502525,3.083769370451599,3.13957088954207,38.194104916994895,1458.7896504104137,32.22412109375,0.2694200505652182,4.2601310379761355,4.305181757551389,48.21507626519704,2324.693579258767,44.91931877921837,0.37556230320892864,18.532896981224972,20.812904815325567,235.99792220354774,55695.019284391776,216.79481506347656,1.81258225373314,15.659537800705728,17.356463246419928,199.3982302781518,39759.65423805885,179.22980429256697,1.4985079901733374,11.836872983951311,12.746175382411423,145.77646233977364,21250.77697229944,132.46791076660156,1.1075402526317075,12.382602193592895,13.534391407780639,166.23121063683112,27632.815389786512,138.1568552126394,1.1551044886229729,3.460825535883292,3.5242938658431435,41.5909446628552,1729.8066779486835,36.348388671875,0.3039023061466883,5.185735611258855,5.382620640104845,64.81351440638882,4200.79164970717,55.082214997859126,0.4605324411111947,10.71298037465183,11.4067390171117,124.76384361036824,15566.016672432423,117.92636108398438,0.9859609847475874,12.505493728096198,13.414964589917865,147.24502568468972,21681.09758888494,140.77831612169535,1.1770220493414738,8.467572079313456,8.05655796444389,95.2051453175901,9064.019694943447,85.81295013427734,0.7174665616810793,10.259943659337607,9.57834341374744,122.862996538337,15095.31591837941,102.9290853785081,0.8605714739784753
quarterly,Q2259,2.0300782176645016,2.0516953829292173,26.471682983898095,700.75,26.0,1.0588235294117647,2.0300782176645016,2.0516953829292173,26.471682983898095,700.75,26.0,1.0588235294117647,3.908018812406987,3.9908310733036663,52.14406988697438,2719.0040243776684,50.5981477346846,2.060558052543717,3.908018812406987,3.9908310733036663,52.14406988697438,2719.0040243776684,50.5981477346846,2.060558052543717,3.811662875489255,3.890436985223182,50.86812999074406,2587.566648755235,49.337481957816124,2.0092187222640048,3.8580594119162126,3.939616683714147,51.7824016057431,2681.4171160584656,49.96452361380142,2.0347543553131797,4.426208747008175,4.292510892725821,64.40407821099019,4147.885290207341,54.45527648925781,2.217635694132671,4.76232336439871,4.6320654268964345,63.88766787455893,4081.6341064499493,58.83105305314248,2.3958347397207342,5.602078566982553,5.77195413418024,75.09630013131864,5639.454293413088,73.21302795410156,2.981526025280154,2.9504264963140683,2.9940625709813977,41.77959252432261,1745.5343514984338,38.00752802055183,1.5478178831898934,2.4102613221062703,2.4497082951774116,36.50112435755712,1332.3320793658495,31.062713623046875,1.2649973873638998,0.9938617195438898,0.9932178824632971,14.04237275240968,197.1882325176178,12.620035763099935,0.5139381079995449,3.463123091563773,3.527109139655784,45.773098854820674,2095.1765787731856,44.71846008300781,1.8211137590365172,2.9785089220862604,3.0254897775071408,39.12903211614973,1531.081154346677,38.340583637871475,1.5613812341214628,7.583201386869446,7.889706899940221,101.3067287923627,10263.053298609331,100.05906677246094,4.074803624217866,8.45437859979374,8.845496490088985,114.84286023786855,13188.882547614608,112.19484321605344,4.569020764454665,3.936421346544436,4.019752652909636,52.30126653285577,2735.422480940819,50.964324951171875,2.0754702468803026,4.547618419493032,4.663950368175777,61.98389939150518,3842.0037837762366,59.14310389091568,2.408542692390231
quarterly,Q3074,32.9477980808526,41.39507266370139,2069.0456737346326,4280950.0,1885.0,1.8275862068965518,32.9477980808526,41.39507266370139,2069.0456737346326,4280950.0,1885.0,1.8275862068965518,25.65603888729435,30.03171119706092,1429.1704424426866,2042528.1535518249,1369.695426365314,1.3279769065647424,25.65603888729435,30.03171119706092,1429.1704424426866,2042528.1535518249,1369.695426365314,1.3279769065647424,23.087832449619704,26.861902996609594,1320.6840830117812,1744206.4471206693,1217.8279545333137,1.1807350515003316,22.724734752929443,26.26774406540277,1275.7482922213146,1627533.7051056009,1193.4291524312262,1.1570793941069237,35.565619869596944,43.95163373700505,2072.794220777836,4296475.8816899955,2025.9901733398438,1.9642820668985956,31.43020339411041,38.14043874772282,1820.2531214452117,3313321.426131037,1748.741100756765,1.6954775146823113,16.65855734591811,17.70034136521935,1034.8648319266424,1070945.220358558,825.1631774902344,0.8000301547056147,5.0023428537579555,5.067879079216212,271.94363045236054,73953.33814361005,230.00096131250882,0.22299553552662524,16.308354551959848,17.49727838470185,882.2003923818113,778277.5323186219,800.2776489257812,0.7759025956840101,25.711515073172407,23.05549108728233,1211.9187337714586,1468747.0172662158,1076.5197825088765,1.043730878495755,28.679336265817913,35.6824918161526,1867.3602807210866,3487034.418014735,1602.2503051757812,1.5534485717427313,9.58497938821152,10.431640480881732,621.5519465790184,386326.8222961669,465.0026988666025,0.4508395324234873,32.15752526772302,39.5922590929338,1919.2837809951302,3683650.231990963,1801.2532348632812,1.7463902213071236,16.788241005832877,18.727054443033047,953.2792563499486,908741.340587111,868.580593154369,0.8421251520567377,46.85705649924466,62.45844203533668,2934.3195813476123,8610231.405480027,2877.31982421875,2.7896817101178772,50.39347897001725,68.525545694004,3212.6355593710055,10321027.237335054,3167.9361638359123,3.0714463858648746
quarterly,Q4380,27.49884874158546,33.018524126573986,6506.89730209414,42339712.5,5906.25,3.4543017648265955,27.49884874158546,33.018524126573986,6506.89730209414,42339712.5,5906.25,3.4543017648265955,42.20103803075595,57.0302415581355,10995.884732273225,120909481.0454394,10147.71766566554,5.934946716016168,42.20103803075595,57.0302415581355,10995.884732273225,120909481.0454394,10147.71766566554,5.934946716016168,47.32430093966603,66.66791443853158,12939.865901563318,167440129.55044106,11902.004726912259,6.960950845823914,58.23871155965546,90.58941861855303,17921.70218056453,321187409.0488515,16270.276791956832,9.51575802525692,49.00340333041853,37.09088498499735,9012.521685000811,81225547.12260985,7569.673095703125,4.42716362051178,96.77760521047966,64.6042051410227,13069.255640147598,170805442.98752978,12669.58048365157,7.409871614694639,74.40135926954665,53.29754578192073,11481.69146042523,131829238.79240167,10739.673950195312,6.281155501345504,104.37433378006882,68.28507000409145,13878.456404398497,192611552.16878968,13492.68455929821,7.89126841658114,57.458504752885744,43.99616614501024,9394.602530594742,88258556.70785713,8833.57861328125,5.166365493094923,102.21910131733745,67.47287700570818,13260.79234806838,175848613.6985889,13109.340049773607,7.667067338775863,22.688270697803127,19.14247628783339,5366.159717900828,28795670.11802149,4090.081298828125,2.392105828372698,43.039681097603996,34.006738675476775,7476.033788086263,55891081.20060743,6745.885460692467,3.9453670352911,69.95046314582174,49.314765390375,10871.897661737637,118198158.76729631,9709.324951171875,5.67855040238864,126.26993532698316,76.89498430445745,15568.770648925116,242386619.51883215,15100.452369350824,8.831579982074667,61.23802138671163,96.8395531021837,19125.88028716032,365799296.75878763,17507.758056640625,10.239505532818752,53.81583998254921,78.36303866278548,15148.325914532412,229471778.0128942,14214.475752694052,8.313411839765656
quarterly,Q4832,91.08997356743251,55.70957774075875,3152.2396139491043,9936614.583749998,2710.0625,3.0488113931049674,91.08997356743251,55.70957774075875,3152.2396139491043,9936614.583749998,2710.0625,3.0488113931049674,37.641283891958075,31.50619898383713,1655.864068088958,2741885.811988113,1590.607609250416,1.7894283253770429,37.641283891958075,31.50619898383713,1655.864068088958,2741885.811988113,1590.607609250416,1.7894283253770429,76.17636073093425,47.81898926466097,2921.9679051998487,8537896.439017992,2371.5362648396385,2.667970492711769,60.393922336034514,43.572030878745124,2531.659913285441,6409301.916536445,2194.861210962415,2.469211638575264,144.2448799388608,83.95298622996327,4428.116489009099,19608215.640234265,4218.063711547851,4.745307792941939,82.31549124664535,55.44944107741079,3044.8894956408876,9271352.040664218,2787.5387851066375,3.1359719588589177,109.10999709946469,69.10233266253698,3782.212061640752,14305128.079220787,3405.9559387207028,3.831689221331686,126.13428015540444,74.73924226441578,4026.4757920699208,16212507.304125095,3733.7215467980213,4.200424451671985,110.03547972501148,64.9331773481494,3627.103570502098,13155880.311149068,3227.564886474609,3.630999874677919,104.10889762523006,66.37894963940347,3708.294820429926,13751450.475227416,3333.378545207694,3.7500398924972687,108.85986090278304,66.71330716717677,3495.743189937632,12220220.44999533,3277.1958679199215,3.6868345654577257,138.84582900895734,81.52786404251108,4204.492910853401,17677760.6374165,4040.0908906162495,4.5450889551404865,124.50542128119619,74.4458994932339,3852.7116384975693,14843386.969414625,3685.2855972290035,4.145934167819904,145.6814889901443,83.46620026231967,4200.936756949098,17647869.635886002,4138.090001324067,4.655337632150759,47.98956121259015,35.60648025093668,2225.320598861588,4952051.767717698,1808.7377685546876,2.0348240366813632,105.89154394283736,66.75087863332668,3566.306907476412,12718544.958313972,3381.404041639339,3.8040684179206936
quarterly,Q8897,7.165855241379876,7.54894780180205,641.5826827073812,411628.3387500001,543.5875000000001,1.429634576251375,7.165855241379876,7.54894780180205,641.5826827073812,411628.3387500001,543.5875000000001,1.429634576251375,11.050444252965699,11.92360062822036,981.4271649088112,963199.2800209469,861.0817705168697,2.2646441872020024,11.050444252965699,11.92360062822036,981.4271649088112,963199.2800209469,861.0817705168697,2.2646441872020024,11.986042161827614,12.992035395182594,1057.569398354061,1118453.0323349705,939.5084070741249,2.4709061621763206,14.540845935975053,16.024451944453414,1297.5460790802201,1683625.8273364527,1159.625086165691,3.049812805980549,8.667232403710019,8.763356906918997,820.189779427161,672711.2742767751,649.1480834960937,1.7072588042832662,3.904392076526796,3.839844200407436,308.7000929217656,95295.74736990672,287.8066088545396,0.7569310907482326,10.868324827094922,11.546864950879518,896.248590975632,803261.5368258059,857.1607543945313,2.254331918758497,9.151792772585786,9.154953048469489,727.6234013103438,529435.8141344336,678.3795433051448,1.784137514072071,13.391169821059778,14.544374286567319,1140.3501902326452,1300398.5563636303,1057.99931640625,2.782537134103881,13.832330250860036,14.986468877576737,1149.9311825934526,1322341.7247007764,1095.8227416423094,2.8820127042921753,12.728058587419417,13.724648018337104,1058.8769711358339,1121220.4400017976,1000.7596923828125,2.63199698070533,14.677976345696987,16.021849981420416,1236.3315616669413,1528515.730373818,1167.2138636267866,3.069771283042401,16.44453697404819,17.95841281159404,1335.2249847240298,1782825.7598312856,1323.4802734375,3.4807517830944863,18.821542517588053,20.875690494808133,1558.427731641868,2428696.994750418,1532.9788146941478,4.031732735111832,2.307747309221143,2.3578799628062432,235.4422871987272,55433.070601367945,168.891845703125,0.44418538370381894,3.819125825241348,3.9227758807942656,327.5079067477106,107261.4289822671,282.8922725247951,0.7440063911620003
quarterly,Q9657,3.99521963160346,4.1173018074281,67.35636569768296,4536.880000000002,55.5,0.21012661046958342,3.99521963160346,4.1173018074281,67.35636569768296,4536.880000000002,55.5,0.21012661046958342,9.278699622141243,9.810575120266254,143.53636239055632,20602.687328313114,133.25355114069396,0.504506613229357,9.278699622141243,9.810575120266254,143.53636239055632,20602.687328313114,133.25355114069396,0.504506613229357,15.015997220752686,16.39516861744571,236.82383620279282,56085.52939380724,223.6936543249564,0.8469187273307704,6.496000715634589,6.762177819407227,100.4883110913214,10097.90066598619,91.80150793477884,0.3475664810510206,7.309928538680676,7.619097465652355,128.29881777202223,16460.586641698566,102.73012390136722,0.38894293204530866,1.7502369240056694,1.771022625421184,31.6125923245762,999.3559934798541,23.96722976601174,0.09074149104644602,22.030168288123413,26.55666409624928,465.85210482394626,217018.183568901,366.630404663086,1.388086562647676,40.494747747538625,56.147472050546355,934.6733386097534,873614.2499079027,771.1684085243483,2.9196937618818795,38.73339069642334,53.34309885958598,929.7946368607039,864518.0667349282,734.9998443603516,2.782757225065082,45.15951392753511,35.09746137277624,535.8092064751647,287091.50574354565,481.85579986569076,1.8243374047006766,27.535008347190697,34.71316887336815,607.3771808950034,368907.0398719618,477.91892395019534,1.8094321363770298,14.931593105344291,14.729126829910708,226.22728066995944,51178.7825193246,203.120272021202,0.769026563558107,35.097171448389645,42.20142304037427,720.486890618301,519101.35955282766,584.8454742431641,2.214263011733191,14.49856592027518,13.035458369492689,224.5419739623143,50419.09807089263,180.25056034712534,0.6824403474051269,40.89658685812903,57.00385952374181,953.105360778858,908409.828745397,782.8446228027344,2.963900668718525,28.87417201701118,27.377578498350903,441.8860744255173,195263.30277119382,373.72886252125,1.4149617858782557
quarterly,Q10382,2.6188926471705667,2.5771933471168476,658.7104826856788,433899.5,594.25,0.8088518863002201,2.6188926471705667,2.5771933471168476,658.7104826856788,433899.5,594.25,0.8088518863002201,0.8134364629810484,0.8148944867494068,210.64095826550795,44369.613299011464,188.44809879359218,0.25650248242135004,0.8134364629810484,0.8148944867494068,210.64095826550795,44369.613299011464,188.44809879359218,0.25650248242135004,0.910606076694046,0.9156797976765517,250.47971315296738,62740.08670119282,211.59866762484126,0.2880134311265733,1.4369689582519247,1.4532785520039644,420.49902156261027,176819.42713511258,335.7336549680517,0.4569773666224247,8.335742174787253,7.870309262523135,2155.9010994087203,4647909.550431728,1822.118408203125,2.480141205784522,9.170078514040343,8.764017157477909,2035.7502152290883,4144278.9388052793,2025.1546386247282,2.756500041230546,26.756615035451315,23.584434074630458,5461.518259904602,29828181.70327139,5448.655517578125,7.416332003690649,36.298382724891674,30.58359541979011,7153.278621865442,51169395.04203716,7065.597983900276,9.617201947188507,23.133242437288498,20.723353738670554,4801.666651204768,23056002.62929201,4788.922607421875,6.51834932159689,28.923043798105553,25.248552324604667,5852.4228511352485,34250853.22849003,5834.738126500516,7.941840874527143,10.66787129044281,10.106830176839425,2381.2413776774256,5670310.498763084,2335.83935546875,3.1793825305261905,12.602320302117251,11.812795375512133,2809.6415643081195,7894085.719887778,2730.605295828555,3.7167105498902773,18.141533094267796,16.5404341088935,3943.2290277997795,15549055.165682793,3823.0537109375,5.203675566712416,19.966583841495506,18.03833844880392,4306.454855178038,18545553.4196865,4169.014818835755,5.674573832947195,1.3049445416105716,1.3178550855005324,376.7067381967069,141907.96660280228,304.449951171875,0.41439615866955154,1.4592757579796525,1.4756388730257937,422.26155940826857,178304.82455390273,340.912719280911,0.4640267497755192
quarterly,Q10522,30.78231233776686,38.68741987192447,608.7289010717333,370550.875,533.375,1.3240744024398894,30.78231233776686,38.68741987192447,608.7289010717333,370550.875,533.375,1.3240744024398894,27.693812285597392,33.57305552852401,510.4393629411613,260548.3432397786,464.8458524072697,1.1539545240268416,27.693812285597392,33.57305552852401,510.4393629411613,260548.3432397786,464.8458524072697,1.1539545240268416,27.32950579340696,33.14167774428539,505.5726838271644,255603.73863220194,457.76814583355497,1.1363845027430615,23.175372037851123,27.404606588163478,431.3227860135498,186039.34573449043,377.359194998253,0.9367736594750589,30.126428492763242,25.182082712048043,543.2593914896568,295130.76644171216,427.0464324951172,1.0601195217624726,27.37361874070875,23.480980258402376,505.8560307290002,255890.32382489924,396.4337467853928,0.984125195935084,26.0671139661684,21.83678121292614,498.5726363525834,248574.67371956538,374.5322265625,0.9297558642235265,47.79575844117659,37.54644660434819,656.0838532946073,430446.0225538997,590.6905024257134,1.4663570171572429,64.60866079971773,46.12358838336321,860.0032860664012,739605.6520450083,741.989128112793,1.8419476192600719,48.43290952099435,37.63115659141525,654.2410677017854,428031.37466757215,589.652495724152,1.463780222026053,40.08548504086061,30.55235057001048,681.3548000908685,464244.3636068674,521.0065155029297,1.2933703129727314,31.369641683723938,24.668153340919798,598.4792674511127,358177.4335688205,434.76887401649867,1.0792900624567312,73.95656691194039,47.27368142091666,1035.209917568196,1071659.573431551,800.959098815918,1.9883373614126625,84.00351666085476,51.880695085123605,1084.4727335728583,1176081.1098629874,861.5086617976094,2.138648355409343,19.28030735093372,18.50936755953856,352.5173862566541,124268.50761322305,302.41204833984375,0.7507214477547721,33.56987470854863,27.62774409677941,597.8260907311741,357396.034758918,469.6550935202767,1.1658932032917004
quarterly,Q10642,7.197224816777847,6.905287819598035,190.51345096869144,36295.375,175.375,0.39296384315056865,7.197224816777847,6.905287819598035,190.51345096869144,36295.375,175.375,0.39296384315056865,5.972113426148732,6.019940836424056,187.0578125726163,34990.62524445206,150.38062960045477,0.33695880338244827,5.972113426148732,6.019940836424056,187.0578125726163,34990.62524445206,150.38062960045477,0.33695880338244827,6.6163496793054275,6.485107161219897,178.59596067248276,31896.51716852701,162.06222122454108,0.36313381771582787,15.948248878533178,17.690259499958145,520.3124742588282,270725.0708693437,459.5874813946145,1.0298005015122917,45.52449301427918,60.02110643593522,1562.9979097945077,2442962.4660219997,1515.3235473632812,3.395394809912631,41.91177313265628,53.729964293018995,1371.6831141357109,1881514.5656050418,1347.5809983822521,3.0195330467909907,47.8982870244704,64.31915680398619,1725.6787867403089,2977967.2750055045,1654.2579345703125,3.7067059474330546,44.965760411024135,59.71668246269244,1651.3632576251382,2727000.608634309,1542.0902318790413,3.455371084841851,40.90393322523633,56.2180550652807,1610.1755984068916,2592665.457704991,1390.1744995117188,3.114972567230468,70.67787633363648,110.57692228384373,2843.2267503509124,8083938.353911009,2802.4891875729077,6.27955479137029,29.18784212612217,34.9671733834759,940.3072439131726,884177.7129555866,881.0715026855469,1.974222345178954,38.47020243924676,48.93547163955874,1303.6564820334079,1699520.2231477213,1231.0481207641699,2.7584171098433274,34.57070335848314,42.24180090082751,1078.329673911565,1162794.885638222,1059.6415405273438,2.3743453293092744,47.9828024746413,63.51922538209178,1626.6790430994397,2646084.709258909,1610.4618647800303,3.6085718239851294,9.07333317258868,9.614989630791632,284.54059166052355,80963.34830252081,249.10751342773438,0.5581767403235602,38.79964430133637,50.553812629993566,1437.8485975721158,2067408.5895401,1305.906359991061,2.9261524277511466
quarterly,Q10805,17.748980949459202,18.653025071670644,538.014120632535,289459.1939999999,496.2874999999999,2.3759899844927634,17.748980949459202,18.653025071670644,538.014120632535,289459.1939999999,496.2874999999999,2.3759899844927634,5.748566363353199,5.535293411096529,178.77677281863245,31961.134499444917,152.1157975104113,0.7282585424131508,5.748566363353199,5.535293411096529,178.77677281863245,31961.134499444917,152.1157975104113,0.7282585424131508,5.0698964989747815,4.872441838827492,172.9217674030481,29901.937641793873,134.9868530141939,0.6462532519959129,5.745571309574888,5.466529788235294,204.9833597621455,42018.177779377176,152.0171080033603,0.7277860636980357,10.165719500393278,10.473780428117795,320.20528448094535,102531.42420952316,275.518828125,1.3190539277418498,4.629838953622785,4.708667049606345,149.5567431781504,22367.219430055236,125.39983749264036,0.6003551528892702,10.86336370434082,10.246324602409363,288.7327511602388,83366.60159256039,269.8409375,1.291870871029671,11.407434016727294,10.816769666237725,333.6656995781219,111332.79907495753,283.75386004146003,1.3584793683493348,5.917520588393234,5.7751105661089,174.6920270896927,30517.304328705926,153.42741821289064,0.7345379624117288,7.163580929628763,7.238763284570994,218.87671997647067,47907.01854765835,194.8652959336315,0.9329229357248107,9.42467568661851,9.960360230270798,279.92443109902615,78357.68712611344,263.0650378417969,1.2594310660299106,11.357197612064224,12.095147583519847,330.32094447064003,109111.92635597564,320.4532336647391,1.5341786236520958,14.974624928919392,16.379231632335685,468.67446716893625,219655.75617608632,438.27005493164063,2.098229878892117,7.968893973580764,8.383348208840221,248.9261860443788,61964.246098600684,222.8155358129705,1.0667354738553896,16.28074972171658,18.007408466586085,527.3942274669383,278144.67116544873,484.2583972167969,2.318400325806368,8.602906327631429,9.073088126620874,262.29617431305303,68799.28305926351,240.19612127784274,1.1499455022948666
quarterly,Q12004,6.311670536378672,6.156488444376905,761.8062575183565,580348.7739941244,638.7383749999997,0.5717292170492814,6.311670536378672,6.156488444376905,761.8062575183565,580348.7739941244,638.7383749999997,0.5717292170492814,15.918207477557539,14.581011725464437,1649.6169370513946,2721236.0390068246,1529.0300281674577,1.3686216063799543,15.918207477557539,14.581011725464437,1649.6169370513946,2721236.0390068246,1529.0300281674577,1.3686216063799543,30.05621122870195,25.2784697968906,2985.828953467797,8915174.5393666,2661.0965055093748,2.3819245580594,27.836391907613667,23.770830832571573,2776.3517060973045,7708128.795949413,2500.042525915685,2.2377665283249706,11.442466257596603,10.534225028533761,1346.6479853902963,1813460.7965557436,1102.6453691406248,0.986968371176674,15.266836420963337,13.908705042544192,1665.0945625948468,2772539.902382924,1466.679201778755,1.3128119188007656,15.264902646375594,13.920323607649992,1625.0324679149246,2640730.521777671,1450.8248124999998,1.2986207915350254,20.689153309428278,17.132403329409062,2614.0928587862736,6833481.474357392,1825.518271486687,1.6340056788763342,31.197793414400287,26.48512179345429,2918.2335744368293,8516087.194970353,2746.891462890625,2.458718885330497,21.68257067619457,18.669418286547597,2396.122482673187,5741402.951971916,1949.0102296336486,1.7445422667919188,7.502009103646809,7.190172506158217,843.5524055851467,711580.660968488,754.5229843749996,0.6753670234740569,8.108505727161571,7.734623177904767,918.8423185804965,844271.2064143824,812.0020832156522,0.7268160696924942,9.125983176490706,8.81340381272904,979.8197649279449,960046.7717434532,912.6327226562496,0.8168896881728953,8.399267089231826,8.100423787249131,981.922103948221,964171.0182221008,843.9376869603825,0.7554013534950695,13.000874218177744,12.12879961674688,1326.4187875805278,1759386.8000465976,1260.7847734374998,1.1285175896705404,9.765065573560431,9.252641090975048,1020.353386762461,1041121.0338776244,958.9635242009592,0.8583599895187671
quarterly,Q12311,7.831596188499583,8.245134017814134,135.24669802302466,18291.66932613122,108.97541725000005,1.3556821071130087,7.831596188499583,8.245134017814134,135.24669802302466,18291.66932613122,108.97541725000005,1.3556821071130087,6.801213985057347,7.20055608401482,126.29580675760302,15950.630804553803,94.49845278382426,1.1755849605512199,6.801213985057347,7.20055608401482,126.29580675760302,15950.630804553803,94.49845278382426,1.1755849605512199,6.7593543358426285,7.148599777079233,125.65110934970842,15788.201280812384,93.83860344845607,1.167376265783877,6.680475624339481,7.04247380398164,121.94161470253769,14869.757396262157,92.66246227723704,1.1527447683186947,7.470646158129722,7.39851858004774,114.71849546629717,13160.333202050844,103.34158692773437,1.2855958146706983,6.557218689320014,6.765370304297753,104.57298402925822,10935.508988783495,90.91122618712797,1.1309589427389224,9.503561919458111,9.80388355622355,153.02891670236318,23417.84934709881,133.01873106054686,1.6547870901559745,9.167305312219826,9.43780554721339,139.70915473327332,19518.647916285707,128.2413723491332,1.595355523957278,10.128633115098621,10.34587742725506,162.44854620338504,26389.53016359332,141.0490655488281,1.7546865083423766,7.95203933324539,8.162543925901376,130.75464173100096,17096.77633420242,110.26610936041192,1.3717386476065694,7.427232152200772,7.7905786109021244,125.77129066360541,15818.417555189119,103.58268064550779,1.2885950822814198,8.794277444205994,9.398173206948856,153.26004674217833,23488.641927414683,124.04376990454134,1.5431362742355523,9.689374525356849,10.134838862796789,160.06128104733685,25619.613690514554,136.41089719824217,1.6969865058891425,11.336742864529588,12.00386376654813,189.63437538404062,35961.196327295234,160.94667922401166,2.002217919686373,7.397975508238305,7.0936317057756035,120.01746150794801,14404.191066811782,102.36079560742186,1.2733945193940848,11.760061853953827,12.151213620151042,187.57557454143821,35184.59616455064,165.25936347485947,2.055868816558736
quarterly,Q12626,25.032858256260553,25.615146765369662,1798.2921685657757,3233854.723525,1631.7175000000002,2.553009552772386,25.032858256260553,25.615146765369662,1798.2921685657757,3233854.723525,1631.7175000000002,2.553009552772386,21.87945614761639,27.29895408295629,1969.7915241216085,3880078.6485013296,1503.8823736573886,2.3529968062445388,21.87945614761639,27.29895408295629,1969.7915241216085,3880078.6485013296,1503.8823736573886,2.3529968062445388,35.502325105118814,53.61966835133126,3829.843420863878,14667700.628334329,2890.410510628403,4.5223794223375196,33.33224435804186,49.469059819351926,3569.0519381767826,12738131.737403449,2659.795758886654,4.161556139994272,72.54526118915095,50.32930771593024,4127.313205577881,17034714.296937563,3642.796737060547,5.69957414106526,66.73275730952213,47.941263474350684,3921.251439317009,15376212.850345716,3499.0193054259603,5.474617825749539,50.29267916158493,38.247479475379045,3324.5936492963374,11052922.932941537,2868.0236047363283,4.487352535269456,72.94727320773377,52.336744855621475,3909.429419852893,15283638.388811326,3671.68391531095,5.744771451277302,87.07428857788389,58.578998083177595,4579.656313656689,20973251.95121558,4158.7315515136725,6.506813451734342,111.30272218200253,68.32291894467858,5493.070618591962,30173824.820838273,4969.650467228742,7.77558928967467,41.65994975044424,33.05409003513537,2881.376527428174,8302330.692814043,2482.469802246094,3.8841093017653194,61.34685094461785,46.304794426267215,3500.474136308158,12253319.178962346,3264.946788970207,5.108384473129978,47.62212820756642,37.90144602811934,3241.526565027075,10507494.471776227,2775.937854003906,4.343273795356395,58.67553874877671,43.88021795516721,3600.9518340695986,12966854.111289207,3220.9213973639144,5.039501688373787,19.56936751299609,21.04856646149692,1559.5725811639632,2432266.6359184263,1304.154951171875,2.0405003002279507,31.93435527366113,46.29431976750368,3318.3557567138305,11011484.928115819,2486.218146538734,3.88997401718707
quarterly,Q13090,3.1106987178286003,3.0500276444023213,272.14426321346554,74062.5,228.75,1.685326986754967,3.1106987178286003,3.0500276444023213,272.14426321346554,74062.5,228.75,1.685326986754967,4.186270626977151,4.088435932192541,328.3114132065842,107788.38404170444,306.40931939983545,2.2574858796842183,4.186270626977151,4.088435932192541,328.3114132065842,107788.38404170444,306.40931939983545,2.2574858796842183,4.1103475013402235,4.016059734411985,322.35837903872437,103914.9245364739,300.9790574416144,2.2174781549920266,4.145821629987942,4.049960111521603,325.00182189834885,105626.18423724605,303.51636920572935,2.2361719254395624,3.6245241494673857,3.547546027309053,292.2275780080756,85396.95734846592,266.04345703125,1.9600883837567262,4.751144889878839,4.624776216378848,372.82712416631045,139000.06451412148,346.619676072821,2.5537376796755855,3.85736064466933,3.7718634308393297,307.03469371131104,94270.3031423986,282.52886962890625,2.0815454798818425,2.630252733652518,2.584516008956653,224.2913615304262,50306.614857172346,193.2307928569811,1.423637463929745,3.198203398198703,3.1400590519273686,255.75057802724635,65408.35816127062,235.1121826171875,1.7322006831895438,2.0463242794042733,2.021104444693609,181.8598402510823,33073.00149614917,151.4268213043648,1.1156446271596414,1.466634909745081,1.4523695499619256,129.28948715055395,16715.771487653255,109.0087890625,0.8031276677617964,1.7577683174553782,1.7408059513927474,140.134434121358,19637.65962651323,130.35853570878646,0.9604229865961917,1.0371013304178311,1.031807201365479,86.13648355528103,7419.493799269199,77.130859375,0.5682654374482616,1.2844307835775342,1.271461545702206,124.83486356801242,15583.743162044277,95.30353533029279,0.7021535301652366,2.600189148470645,2.5594236059276123,213.00702548186828,45371.99290463328,192.07550048828125,1.4151257900212775,2.033429163274153,2.005551324995881,176.06800066410142,30999.940857854017,150.41408475706453,1.1081832403459226
quarterly,Q15451,6.391423801750425,6.185794163192491,834.5220937758329,696427.125,680.375,1.0789305966778742,6.391423801750425,6.185794163192491,834.5220937758329,696427.125,680.375,1.0789305966778742,6.465365399007064,6.190876718457716,810.0082181103005,656113.3134062241,686.4252069386832,1.088524943005088,6.465365399007064,6.190876718457716,810.0082181103005,656113.3134062241,686.4252069386832,1.088524943005088,5.7412830081937525,5.5037202901903965,755.190838754511,570313.2029387418,612.1234233705795,0.9706980568329558,5.780266898525556,5.539960553946719,759.823555570249,577331.8355994152,616.3110789984962,0.9773387914062568,5.521976461641708,5.317462988749604,702.7220829259394,493818.3258317709,589.4603271484375,0.9347591879304774,4.704684876674027,4.634297945260514,556.3196811895477,309491.58767884003,508.14484427840057,0.8058100606813599,26.16536834374474,23.084747639581597,2550.6310981708493,6505718.998956233,2516.4439086914062,3.9905468718145447,43.43599496725602,35.44814123949925,3891.183828604015,15141311.587989403,3836.935948141393,6.084567469326442,11.697984989102299,10.95961539743436,1297.8118748598822,1684315.6625273228,1202.33447265625,1.90664773101508,5.95685227799412,5.831408422897397,708.9265816172378,502576.89812350227,640.0753896537872,1.015023953081732,8.56043940189391,8.055992309719459,1087.2976523212972,1182216.1847434044,894.575439453125,1.4186071102884903,10.807325040299547,10.179649816827622,1204.1144390256136,1449891.582269968,1118.513225064141,1.773724991821491,37.75458955585545,31.53069001855751,3490.133476947201,12181031.68690756,3422.2958374023438,5.42703610487851,44.63848210606554,35.401562041858746,4099.470508309432,16805658.448498793,3835.2738182054,6.081931683408974,8.479997816251565,8.082581963953677,966.7256563007464,934558.4945501089,889.9371337890625,1.4112517402385896,5.515740445973541,5.365680848661962,704.8233892571061,496776.01004387403,588.7086960470442,0.9335672602542578
quarterly,Q15693,3.6088714583770076,3.530820175057415,420.1007963126234,176484.6790625003,378.69875000000025,0.7760557519405229,3.6088714583770076,3.530820175057415,420.1007963126234,176484.6790625003,378.69875000000025,0.7760557519405229,1.726359547362775,1.7433799535087329,197.7383095974235,39100.43908244651,186.2316600084173,0.3816388381080318,1.726359547362775,1.7433799535087329,197.7383095974235,39100.43908244651,186.2316600084173,0.3816388381080318,1.0012338623886692,1.0085186589667567,129.04960624533635,16653.800872076357,107.56669410317022,0.22043313234065842,1.4234186461569127,1.4362591424952518,172.0386427105739,29597.2945856965,153.56324955647142,0.31469246493413966,7.473900321054688,7.11615120468586,884.9832230522137,783195.3050838842,762.2720654296875,1.562100801548173,5.479230198695868,5.312457078165384,611.9116695302565,374435.8913073059,570.8828622382673,1.1698927681284297,7.2825587978099655,7.002982367516372,786.770201188002,619007.3494774092,751.2735351562499,1.5395618502535273,6.077799468501395,5.886005423144812,653.7766330929438,427423.8859783457,631.0956464197545,1.2932849829281787,2.934365730954583,2.877906762989747,359.02099063944223,128896.07171972646,309.80869140624986,0.634881464401418,1.0994849913992664,1.098049005995445,162.0524655992526,26261.001606796948,117.43752325260607,0.24066112025411698,2.7117854235048853,2.6666017471141017,321.68345025854563,103480.24217024221,287.04746093749986,0.5882375717914812,2.507197862725336,2.4707470945430323,289.01784023918054,83531.31197652048,265.78216874664236,0.5446592596861182,1.2879614246855624,1.2795627273971506,145.8998901664477,21286.7779505815,137.13327636718736,0.2810230239925668,4.211831436324917,4.114832866779648,468.81638924592437,219788.80682558607,442.2422820907252,0.906273566437202,1.8971568475527871,1.9194542293200514,228.77020820624017,52335.80816272648,205.72570800781273,0.42158739373050336,1.661359776973612,1.6448445360151935,208.5685613227681,43500.84477224928,177.18153182159608,0.36309268754592494
quarterly,Q16722,4.0250495481392425,3.9455071375374047,119.56326777066609,14295.375,106.625,0.6290560471976401,4.0250495481392425,3.9455071375374047,119.56326777066609,14295.375,106.625,0.6290560471976401,4.016364926464703,3.944809921385607,126.69014034147547,16050.39165974275,107.44259604822906,0.6338796227034164,4.016364926464703,3.944809921385607,126.69014034147547,16050.39165974275,107.44259604822906,0.6338796227034164,3.9399375480659997,3.986649184394754,137.99817743830775,19043.49697629467,106.64581362208145,0.6291788414282091,7.334040165239153,7.82494431816487,269.7051638592428,72740.875412341,207.05595806490044,1.221569074129206,59.96855241376652,45.00691771194093,1274.590311785298,1624580.462896943,1220.1393127441406,7.198462022089325,51.20650168063028,39.83209283307658,1133.5583649228702,1284954.5666866107,1081.581643546899,6.381012646294389,49.88107308142581,39.82787463434203,1082.637989863825,1172105.0170963835,1077.0155792236328,6.354074213708748,69.5208329325236,50.608954839532984,1414.361832535714,2000419.393333783,1370.7194260784686,8.086840271849372,45.14767468245463,36.19688650674716,1025.8219122639568,1052310.5956808813,983.5874938964844,5.802876070185748,99.34470154519202,65.35683766995649,1799.2370984106603,3237254.136297212,1768.289526200534,10.432386585253889,11.57191143226691,10.481546126741685,384.5713341247585,147895.11103049666,286.2084655761719,1.688545519623433,41.66765614890707,34.3796847011794,938.7459490579671,881243.9568727433,930.5508670867025,5.4899756170306935,11.985013631672867,11.53298770396146,355.4104994199123,126316.62309791148,315.0701904296875,1.8588211824760323,86.47855647332922,58.42956333072318,1646.9100325967631,2712312.6554678716,1578.4599528297667,9.312448099290659,3.8820490418789073,3.812488053841751,120.81422982445855,14596.07812807709,103.94473266601562,0.6132432605664638,5.4297620216068045,5.519541461645049,164.23616378189288,26973.517493792744,148.0250316137209,0.8733040213198873
quarterly,Q17209,8.795127425468348,8.353145700396198,1008.7120500916008,1017500.0,900.0,1.222222222222222,8.795127425468348,8.353145700396198,1008.7120500916008,1017500.0,900.0,1.222222222222222,13.816675504880923,12.713164888013479,1593.5051777466226,2539258.7515052953,1408.6319129427281,1.9129569188111122,13.816675504880923,12.713164888013479,1593.5051777466226,2539258.7515052953,1408.6319129427281,1.9129569188111122,4.893054258776885,4.742120479490188,634.9619382319113,403176.66300322546,523.2406771722312,0.7105737591227832,4.256650293437691,4.124246159795641,569.1239953099481,323902.12203755777,456.24107302326183,0.6195866423772691,33.380629488315115,28.19520235626091,3244.3237518239057,10525636.606648743,3067.299072265625,4.16546787591628,40.785019594093676,33.08463994393642,3877.9667448614123,15038626.074251018,3619.7439003862164,4.915701593117084,15.612355860438356,14.351074389284566,1647.6607071970254,2714785.8060410023,1550.037841796875,2.10498966169946,9.34413111658064,8.884269994925285,1092.5957812433878,1193765.5411908492,969.6291987397649,1.316780393350298,19.13078372728653,17.250890760541616,2028.3838996787763,4114341.24447608,1884.964599609375,2.559828468605324,13.549764581590097,12.45485264274617,1596.9677111866254,2550305.870572649,1376.7146169369016,1.869612442753817,13.16862266447926,12.263886045212885,1438.3322052561207,2068799.5326769352,1345.534423828125,1.827268970630787,14.76690063354872,13.641755741408248,1589.9191142028874,2527842.7897076937,1491.6634884258067,2.0257158484794906,13.5099672141606,12.499386944408196,1500.2365522941654,2250709.712839484,1366.3656005859375,1.8555582230179397,13.723563493000048,12.622193703269872,1564.7722509402904,2448512.1973127434,1385.196724615898,1.8811313544166515,14.058514063018718,12.960167331775649,1560.6477187927894,2435621.3021731377,1421.369384765625,1.9302547200520832,11.975102111635193,11.145181493994732,1364.9044804071764,1862964.240635584,1222.941256058788,1.6607844218082306
quarterly,Q17646,55.23305108644239,39.819967236172054,5667.340646193768,32118750.0,4462.5,11.5048828125,55.23305108644239,39.819967236172054,5667.340646193768,32118750.0,4462.5,11.5048828125,47.63079127230351,38.38219619909825,4753.102333776646,22591981.795353007,4060.4289114930207,10.468293287442943,47.63079127230351,38.38219619909825,4753.102333776646,22591981.795353007,4060.4289114930207,10.468293287442943,48.869164818522094,37.639320132075646,4938.687365054882,24390632.88975274,4149.434441314815,10.697760669014757,43.32850493590186,34.14100196217949,4633.395468729704,21468353.569644954,3785.15342154683,9.75859866492542,83.12745201630823,57.56821197347788,6371.31165264653,40593612.17514946,5869.637847900391,15.132660076618194,74.68557499360875,53.11042295962201,6268.040798384581,39288335.45021361,5564.862056582564,14.346909989626923,75.95099542154135,52.68264171190184,6472.276206605585,41890359.29459278,5636.6439208984375,14.531972608566285,72.55355974533192,50.76752741583127,6434.827872889064,41407009.753709994,5513.506314548933,14.214508467196469,73.24879715027062,52.105874071350634,6081.404305182009,36983478.32308628,5417.6768798828125,13.967448205947877,75.52166164492169,52.9978828851729,6445.639872706793,41546273.36862764,5634.282757731382,14.525885234776219,60.41545420040693,44.418909313234046,5542.6499051343235,30720967.970885523,4784.052825927734,12.33388619184494,64.94390212027994,46.979489158919606,5948.6735424871185,35386716.91508625,5097.886950146134,13.142989793345501,58.307242629542365,42.84735102515048,5507.714183343543,30334915.525403626,4618.340728759766,11.90665969133377,64.15569512230992,46.56256435456546,5878.878373103265,34561210.9257413,5048.068921514479,13.014552688279517,62.52867371258346,46.037337409175386,5668.01866248483,32126435.558276325,4939.669738769531,12.735086045265199,60.02754425296962,44.69268056203194,5504.369619739659,30298084.91071292,4794.366537688323,12.360476229977706
quarterly,Q18256,30.956704528868684,24.90723763299349,1951.396935531057,3807950.0,1405.0,0.681961846709561,30.956704528868684,24.90723763299349,1951.396935531057,3807950.0,1405.0,0.681961846709561,35.10936309725221,28.046499035322004,1982.3095630927473,3929551.2039289586,1550.09101351058,0.752386427147025,35.10936309725221,28.046499035322004,1982.3095630927473,3929551.2039289586,1550.09101351058,0.752386427147025,25.317342015355887,21.335820993336448,1562.5918057184338,2441693.1512983954,1189.4301379388703,0.5773280949471884,23.823698461135415,21.269684569227998,1422.7539660631408,2024228.8479483963,1138.3709260394317,0.5525448675888426,38.87630926387031,51.20782402179882,2384.7375130976875,5686973.006375343,2094.4489135742188,1.0166080063629237,24.838853825864135,28.83156616869883,1703.2883301280342,2901191.135550347,1269.826973778694,0.6163512797435811,44.43937183554482,39.84285246020325,2402.7195975781165,5773061.464585945,2022.1861572265625,0.9815329581300619,41.85310750917729,41.90877073702935,2547.8373822278486,6491475.3262776565,2037.2936584986992,0.988865868782527,39.867032788230084,37.84955885970167,2418.5479699629223,5849374.283011772,1963.9995422363281,0.9532902169111876,44.913024801755036,46.98568279055843,2650.13897034946,7023236.562164897,2242.67920876569,1.088556337926681,26.39484167868904,21.691840193550526,1675.8867955448088,2808596.551481448,1215.1421813964844,0.5898082605265699,36.26709733874639,44.188289396066594,2208.20133531189,4876153.137273215,1910.1121265532493,0.9271342300687405,26.63908363733547,25.739440391558798,1501.1593218877676,2253479.3096905425,1247.7098083496094,0.6056160036012327,29.872235840600673,36.958759238962735,1843.518861206507,3398561.7916241363,1538.0494819176147,0.746541683287701,28.88246134386783,26.205843689965313,1637.708962770218,2682090.6467379034,1311.1672973632812,0.6364171327082188,28.657035121956177,34.61419832704772,1733.9303534304574,3006514.470547471,1458.2745604507875,0.7078203645940159
quarterly,Q18554,5.420168558077075,5.26081700306603,114.78342105896657,13175.23375000001,108.13750000000005,1.2546015971681181,5.420168558077075,5.26081700306603,114.78342105896657,13175.23375000001,108.13750000000005,1.2546015971681181,0.6495251978253183,0.6481833351395185,15.84228343484649,250.97794443001146,13.326274611586456,0.1546102454005068,0.6495251978253183,0.6481833351395185,15.84228343484649,250.97794443001146,13.326274611586456,0.1546102454005068,0.44803277350665305,0.44978938867158486,12.002140889808103,144.05138593880366,9.083064561648968,0.1053809021498178,1.14255317576125,1.1502085659618704,25.421871673562613,646.2715593870852,23.52038757223235,0.27288143164152906,11.968174562159614,11.06537930239535,262.32928982216424,68816.65629860104,226.31673583984377,2.6257065148587952,4.312624162717857,4.210254651824647,92.45451736107665,8547.837780469625,86.60983161059303,1.0048395151461031,2.5395497374368787,2.4929941437832563,62.919814617988045,3958.9030715619824,51.23023986816406,0.5943686580687033,4.662807348893849,4.808230048731789,113.85587224212742,12963.15964401564,99.24473436083343,1.1514285260860218,4.009690820645544,3.9205249604244043,91.17992819742621,8313.779306087798,80.76619262695317,0.9370421386379683,5.811509231036642,6.02664011393136,139.09054367199903,19346.17933897227,124.13633910875365,1.4402186966819592,0.6151318226732011,0.6132085972029032,15.333297865228012,235.11002342380593,12.581649780273438,0.1459711747482691,2.054024483101265,2.080825398118228,48.288657118239485,2331.7944062829006,42.89304548973067,0.4976412750324431,5.712323713103091,5.534695853229055,121.31687990377108,14717.785349586014,113.9079528808594,1.3215498750616288,4.492016627289354,4.383265899082154,95.25731702009817,9073.956445867485,90.15180554390619,1.045933179729273,1.9658430924503392,1.9350384288835505,52.08968184956028,2713.3349551884094,40.187600708007835,0.4662529468003348,0.5650389797898464,0.5673621943418916,14.098432985257773,198.76581263980438,11.507857900954747,0.13351313746407645
quarterly,Q18754,3.12661257309306,3.0698356356859158,88.07721975365558,7757.596639533738,80.88631249999997,0.6808521551928307,3.12661257309306,3.0698356356859158,88.07721975365558,7757.596639533738,80.88631249999997,0.6808521551928307,3.2753928706770776,3.354288054292551,105.69627503801445,11171.702556911596,87.8998415721739,0.739887809516882,3.2753928706770776,3.354288054292551,105.69627503801445,11171.702556911596,87.8998415721739,0.739887809516882,2.050020981444047,2.0739688293876726,61.956785451017794,3838.64326342345,54.34149861431632,0.45741393450178,1.6057969776484695,1.6082985644334677,46.44554836178516,2157.188962626924,42.22200244302388,0.3553993311277453,9.287493544582826,8.613013589118301,294.47381809957915,86714.82954614403,226.56774365234372,1.9071105085038345,24.24186173106205,21.51840771070467,577.2059081466209,333166.66039936536,565.8549800147623,4.763025668522683,4.054626360823217,3.976578403631171,120.707571308423,14570.317771178023,104.5060361816407,0.8796687321471113,11.853237831390825,12.770819956253602,370.4671244176476,137245.89027428077,335.36944594375296,2.8229375650748056,3.382365440483421,3.418933540291997,110.93302687728718,12306.13645215692,90.23676289062502,0.7595586025967807,6.121593291808525,6.410590757874071,204.3411967713725,41755.32469795678,168.21108424172127,1.4158993739923398,3.322781852852185,3.2565653377919648,96.23506848381828,9261.188406085195,85.85020126953128,0.722635174623626,3.5476797665608464,3.4772976731287084,98.1104895573211,9625.668161177213,91.71731528279531,0.7720209989643373,3.200544896887153,3.143730045661301,88.34343419315935,7804.562365041076,82.94244560546878,0.6981594425811853,4.1968663293200095,4.103225103315422,113.0520670070644,12780.769854569779,108.18634606140228,0.9106473592592464,1.2976148826561686,1.2887028398559257,39.334899084415646,1547.2342859811627,34.03171269531248,0.2864584157363674,3.962770211541894,3.8672314224843447,113.9721403923531,12989.648785614245,102.00323029190872,0.8586016228750286
quarterly,Q18855,42.75060013690587,55.961826572004526,1497.7767690814276,2243335.25,1439.5,2.0867430274817265,42.75060013690587,55.961826572004526,1497.7767690814276,2243335.25,1439.5,2.0867430274817265,56.16654180184659,81.01804478460284,2136.007285491496,4562527.123672749,2075.089155305985,3.0081124183658976,56.16654180184659,81.01804478460284,2136.007285491496,4562527.123672749,2075.089155305985,3.0081124183658976,52.11610335998381,72.57379850168135,1917.3069530075838,3676065.952051225,1869.6126091686147,2.710247361079906,47.84856630755896,64.53615746481307,1708.7829926129361,2919939.3158432217,1666.7612325572586,2.4161878294655836,36.60875293120445,46.76644550665831,1277.8853674917793,1632991.0124495998,1180.2313537597656,1.7108993041149771,27.31434642718763,33.31493556856445,926.2902530067993,858013.6328154003,822.3943019579731,1.192167819000696,53.62341517243614,75.37084945438721,2001.1496777835978,4004600.032893397,1955.3312683105469,2.8345077391900206,35.488575417785114,32.03778412136179,936.6446679807466,877303.234056763,879.8221666777806,1.2754170001658383,37.78904531504645,48.480016081131524,1343.5685549649018,1805176.461890474,1260.9292602539062,1.827881446323397,13.879990405215677,14.34336856447796,488.5331811249079,238664.6690600221,403.25085241846307,0.5845647131714418,50.159360908414094,69.746841931989,1848.215257314397,3415899.637369722,1776.7576293945312,2.575641955306703,52.10349606612144,73.15563941831267,1931.4950657813936,3730673.18913787,1868.2405562544698,2.7082583914015954,51.86454245467769,72.86560095146403,1931.5291281950872,3730804.7730660737,1862.1803588867188,2.699473344786578,51.07567828511621,71.28774252929088,1885.337039912052,3554495.7540643383,1820.8976302648612,2.63962864446905,51.49057141850546,71.8119994635591,1892.0632375050961,3579903.2947182655,1836.2523193359375,2.661887269240303,50.45781591617814,69.78314881973982,1838.2199613623907,3379052.626351149,1785.4903034209926,2.5883011054532745
quarterly,Q19745,8.563285633579799,8.157279071801318,635.7839621905775,404221.24657874973,584.9094999999999,1.0570455786296231,8.563285633579799,8.157279071801318,635.7839621905775,404221.24657874973,584.9094999999999,1.0570455786296231,5.723419710268968,5.528085456941742,450.4574349478341,202911.90069978216,398.2885042431591,0.7197850307256717,5.723419710268968,5.528085456941742,450.4574349478341,202911.90069978216,398.2885042431591,0.7197850307256717,5.591937044028204,5.396136509542428,447.6501159294884,200390.6262916844,389.3253498788598,0.7035868621348771,6.724581102213947,6.450734577362445,527.0350899960727,277765.98608716845,464.77848712774846,0.8399454015716137,9.622679024692479,9.133845863849334,690.4212954589958,476681.56522327795,651.4517119140625,1.177300337521375,11.46948131559372,10.76932679623112,828.7322096403508,686797.0752953783,771.7609949567984,1.3947226835568285,8.654860263469105,8.212828318205629,681.3913510470185,464294.1732816812,591.8299829101562,1.0695522413905503,21.918769624964714,19.382816251313145,1597.3264167558675,2551451.6816661395,1397.0424687164668,2.524728295085915,11.551455397170091,10.765460882893157,874.9609782645653,765556.713485685,772.6690581054687,1.3963637308238304,42.06444382398432,33.343079940301465,2650.944644786814,7027507.509723889,2388.2252159164927,4.315988892736921,7.727108360898074,7.411558129332629,623.8830507387964,389230.0609991477,531.9191552734375,0.9612816876289257,9.634664454506536,9.026245063817717,844.5704538497841,713299.2515160303,652.8764468850792,1.179875111570749,7.092166269813166,6.705522085794711,636.7138580822021,405404.5370739227,487.29428662109365,0.8806358439456077,4.379566534893733,4.218702677385807,427.5764678256052,182821.6358382208,306.88497678757574,0.5546010243655839,9.95633102539159,9.336207027896855,858.2739919766742,736634.2453035762,675.2863271484374,1.2203741372319874,5.854800770117557,5.9505088608024925,446.1080490407401,199012.39141893538,418.7362431008486,0.7567380840655368
quarterly,Q20145,31.5018765849225,27.06449465074171,3473.7656653119243,12067047.897499997,3367.7,3.2315300112500833,31.5018765849225,27.06449465074171,3473.7656653119243,12067047.897499997,3367.7,3.2315300112500833,21.218901145627637,19.011487499082193,2545.809653666837,6481146.792703262,2395.7093301897025,2.298840929637396,21.218901145627637,19.011487499082193,2545.809653666837,6481146.792703262,2395.7093301897025,2.298840929637396,20.82012026322361,18.656458950812283,2526.2764946916086,6382072.927631322,2355.7244407965836,2.2604727940937375,18.617026910348418,16.779144943211666,2348.974374573804,5517680.612404395,2131.9874148455547,2.045782378086199,50.74567475771548,39.99221722139813,5191.511385548234,26951790.466276944,4986.040014648437,4.784433870187437,50.91406999344438,40.42987948032148,5115.686475312436,26170248.11369458,5017.907642937095,4.815012958943015,45.33245667912147,36.57743335838376,4735.136115148608,22421514.02898465,4563.999487304687,4.379458180525311,51.82668358061168,40.82230937003458,5179.469165645495,26826900.837872446,5059.251221960141,4.854684846695921,51.92809505420707,41.04261331973704,5121.773642664851,26232565.246696375,5053.680883789062,4.849339740251566,63.649475116586316,47.85504618947617,6111.067208221111,37345142.423395365,5951.403226386453,5.710763469168393,54.81259123044522,42.68219148917103,5437.861525618609,29570337.97180315,5302.865087890625,5.088448400133285,66.3447050361599,49.07743859626418,6370.781458680426,40586856.39426629,6133.362710104486,5.8853655811339465,53.53470394553701,42.05485274250128,5278.484003828131,27862393.378669452,5199.57919921875,4.989338785564945,60.75820909184812,46.322961406736205,5879.984830348659,34574221.605130345,5754.935792566755,5.522240023308712,21.580706762960254,19.052953665581757,2709.7254099136444,7342611.797131669,2425.1438964843746,2.3270853351216623,11.35196004087353,12.42076425861141,2039.8373700180955,4160936.49612234,1615.070853207146,1.5497668831648217
quarterly,Q20586,22.95478937010692,23.300730339481273,596.7837757513184,356150.875,505.375,0.6817998839486472,22.95478937010692,23.300730339481273,596.7837757513184,356150.875,505.375,0.6817998839486472,22.39818041256062,24.442580641573382,544.7334694580031,296734.5527477532,503.8922316051923,0.6797994855919762,22.39818041256062,24.442580641573382,544.7334694580031,296734.5527477532,503.8922316051923,0.6797994855919762,21.553489097091344,22.988863185700456,528.0525855117564,278839.53306565084,483.1454665373535,0.6518100875893795,15.92980555474236,16.026784683360322,435.84061698783927,189957.0434163404,356.97033250375966,0.48158759589250233,22.083363498454748,19.028788674567252,579.6513330885687,335995.66795135476,443.22291564941406,0.5979506949357439,32.805276392027764,41.84456790184407,895.1196523242801,801239.19197714,801.7725109439618,1.0816688694826786,58.26574913631115,44.004544403157674,978.28156541168,957034.8212243272,936.5284118652344,1.2634676478344353,150.5619056934008,94.34346259839792,1982.8842446068118,3931829.9275099263,1920.1342418460008,2.590447298058723,117.65013452689517,71.93842956229686,1593.7885352458484,2540161.895081107,1547.8758010864258,2.0882345615585347,138.68341076368898,87.98218233219113,2052.416275739854,4212412.568921853,1906.9154774894373,2.572613903046604,59.98945094359197,42.13740355700949,947.6326256182991,898007.5931362314,852.9549865722656,1.1507189925469021,57.302339550096725,91.10784159256566,1959.1964222819813,3838450.6210825155,1731.05692883867,2.335363666961577,38.38987398759156,33.906570807062245,1041.7275702511324,1085196.3306213282,802.0780334472656,1.0820810489678059,102.47750273529141,67.4276497570784,1496.403411178366,2239223.1689862497,1464.6805186382676,1.975996057639209,45.66606249475388,66.75769323098076,1466.984926144038,2152044.7735338286,1256.6885070800781,1.6953946639362771,74.31512191447366,145.38834005002627,3147.0207414737647,9903739.547266085,2755.920268265193,3.718003698392151
quarterly,Q22237,5.6598800575349415,5.451896852661324,303.10889132455355,91875.0,260.0,0.5097609309777796,5.6598800575349415,5.451896852661324,303.10889132455355,91875.0,260.0,0.5097609309777796,4.532800697463521,4.430754806583457,248.1367891063986,61571.866108033326,209.90829422925424,0.4115501826394705,4.532800697463521,4.430754806583457,248.1367891063986,61571.866108033326,209.90829422925424,0.4115501826394705,3.325736684186226,3.3884997893488165,176.83098156352847,31269.196040720944,157.80669751328514,0.30939880399577346,11.586707243275976,12.580432248417694,682.0338272664825,465170.1415357661,583.2832814585023,1.143596263769463,10.225234071156034,10.583657189061377,569.5392143101328,324374.9166370034,493.67529296875,0.9679091420941466,11.351272386943167,11.41848439330436,567.3002585349254,321829.5833337932,535.9646275171496,1.0508224134396194,24.46793316950414,28.74566506086139,1503.0652573006153,2259205.167704165,1350.035888671875,2.646905967164573,27.640551680350566,32.84717210877973,1660.059821143958,2755798.60977651,1539.5013283411652,3.018375501448926,20.11073876959855,20.47434705825097,1034.779767765918,1070769.1677776873,952.5543823242188,1.867596187463683,18.657622059958946,21.194057622396816,1126.3429504204612,1268648.4419618696,985.9520472339389,1.9330762826823862,16.618883741841124,18.45850404594102,955.2477048366434,912498.177595675,869.1724853515625,1.7041160588964732,20.456342242078946,22.992622288361105,1107.1325147009734,1225742.405108101,1070.1367886193063,2.0981304832313423,12.620903339367889,13.585742248679844,675.9067411188358,456849.9226898849,636.3142700195312,1.2475698256907788,33.09182553763117,40.80799083831552,2060.3018498700435,4244843.712577924,1910.204030249547,3.745182249298138,13.719297627393704,12.738108490325608,629.4664962925153,396228.0699547753,596.6867980957031,1.1698754526900617,4.699989327533183,4.554157450529764,255.10233091206345,65077.19923676792,217.53878536763602,0.42651066827992895
quarterly,Q23398,2.9562517218491426,2.899941721306674,35.69306655360391,1273.994999999998,30.974999999999966,0.3500252452394687,2.9562517218491426,2.899941721306674,35.69306655360391,1273.994999999998,30.974999999999966,0.3500252452394687,12.046762020767382,11.202872553432469,133.62305824861718,17855.121695713344,119.47066336424223,1.3500483694266647,12.046762020767382,11.202872553432469,133.62305824861718,17855.121695713344,119.47066336424223,1.3500483694266647,5.7613228539963295,5.579290831117924,63.41982906160136,4022.0747182027367,59.41288980091386,0.6713805108297151,5.6914516635954975,5.512946308503853,62.82601154422034,3947.1077265545077,58.71431425776504,0.6634864325146559,19.69801158998026,22.248261278791702,254.77095095955937,64908.237452838206,234.9502410888672,2.6549964731623286,20.263411106971525,22.627360419311028,242.77161092041453,58938.05506889314,239.17175006753962,2.702700580201568,9.507371332048866,9.040940205195621,108.30653434540058,11730.305381911436,96.43376159667969,1.0897256191200098,3.032596256405224,2.9080769470224985,52.90328774845742,2798.757854596085,31.30551766911171,0.353760177545742,13.071572481833554,12.169747534546431,136.55802726250965,18648.094809828326,128.64271545410156,1.4536948514961465,11.80592891887501,11.02492574366214,128.0909793613756,16407.298993756343,117.13382614956055,1.3236415245790885,1.495272561419911,1.4830304460508648,19.77920204539906,391.2168335527184,15.822540283203125,0.17879866159611146,0.9403567189978381,0.9321389712807101,14.908199343343734,222.25440766087453,9.9920910934799,0.11291312785957762,2.3295127527209214,2.2914150680549668,29.768001969207567,886.1339412387456,24.506442260742176,0.2769289253353727,1.8875578505895898,1.8639438109942175,23.613783526297464,557.6107724268375,19.92021422740021,0.225103401781066,5.597188256809838,5.422693924380297,62.13178979353218,3860.3593029476697,57.76318359375,0.6527384181828837,7.5013214309746665,7.175584638044849,84.36203897014042,7116.953619199489,76.50502479154243,0.8645259100794609
monthly,M3663,2.478194473937724,2.5068935396694587,148.42456639931223,22029.851910823847,118.05196999999993,0.7482980409498577,2.478194473937724,2.5068935396694587,148.42456639931223,22029.851910823847,118.05196999999993,0.7482980409498577,4.155001463192084,4.058081530532289,278.27928163424923,77439.35858687382,197.84735606652714,1.2540984191258417,4.155001463192084,4.058081530532289,278.27928163424923,77439.35858687382,197.84735606652714,1.2540984191258417,2.611212918967235,2.666576785326534,163.18739921123316,26630.127261326383,125.41541304859554,0.7949728233182498,2.347940016167329,2.3703106152953053,131.24532506103822,17225.335350377587,112.28340679360433,0.7117327507099637,2.7520113958096015,2.773216097357685,177.10941885471618,31367.746247055293,131.07697025173618,0.8308598327754888,3.1471775861301925,3.1864488252614622,183.38915925859774,33631.58373357533,150.1820108516047,0.9519612803256577,2.8047101766214224,2.864177187030083,165.6214095809191,27430.45131157056,131.9879217013889,0.8366340963068434,4.1365321547916745,4.280764525086669,248.42415191274074,61714.55925356448,197.02642180011404,1.248894749053199,3.1779974573697003,3.2522719471886994,183.7423281771665,33761.24316396556,151.09895143229167,0.9577735072643144,4.763320158726044,4.943747462752253,287.6073136776452,82717.96688087142,229.3112566065705,1.453539183517623,2.742279788824574,2.7476889350030453,154.41663989381553,23844.498676096304,130.65185644965277,0.8281651566486968,2.519486708064027,2.514311082224889,151.8089667811217,23045.962395151713,120.24629428148874,0.7622072417962882,2.5411947281022464,2.564610084585328,159.87765448679912,25560.86440420032,121.33777996527786,0.7691258607647324,2.33933603432105,2.345877998197613,139.95951005444536,19588.66445468039,111.55498024709398,0.7071154609033679,2.2408788763552177,2.239693102914706,123.09382983068168,15152.09094238482,107.10157714409716,0.6788865985003725,2.0692079545187854,2.0791971285600517,110.33370071473745,12173.525513409253,98.23992627873061,0.6227151006241793
monthly,M4667,7.21504542061055,6.870398587081514,281.6716688707696,79338.92904444448,229.38222222222228,0.5474543682548221,7.21504542061055,6.870398587081514,281.6716688707696,79338.92904444448,229.38222222222228,0.5474543682548221,9.860037205902646,10.615930559034009,411.3724032472843,169227.25415344627,313.4855765353581,0.748179377619339,9.860037205902646,10.615930559034009,411.3724032472843,169227.25415344627,313.4855765353581,0.748179377619339,6.687545519725502,7.00147774568563,260.3439250094164,67778.95928930862,215.47124816020016,0.5142537852141904,5.246714776984315,5.391435025669556,215.22595984644207,46322.21379182229,173.42308808776582,0.41389967456985605,11.093891584577351,10.492293038833393,411.6717671218426,169473.64384522062,345.0810367838542,0.8235865846927084,10.670799282557814,10.316546271676446,372.68578254784524,138894.6925132998,332.92693424073275,0.7945790336061959,22.327397543023064,23.540896694377558,997.8727768885957,995750.078855357,769.7242523871528,1.8370599963618293,20.669826174311982,20.285387653776205,776.6429571481691,603174.2828878528,644.630630126323,1.5385056913069044,17.39369901623778,16.096203613277837,611.7010064964014,374178.1213487105,505.97878851996524,1.2075927041598882,19.207433960332256,20.733354986426335,791.527659148684,626516.0351973954,658.5300652550254,1.5716787349881662,7.175315314612724,6.911793447617759,269.7720744764552,72776.97216733008,220.8947623697917,0.5271977985582434,10.106872128182404,10.543016118969737,393.08381714033794,154514.88729761864,326.72486597172315,0.7797768866342542,7.19828330427099,7.233775197409824,257.4348452836157,66272.69956619914,223.72388617621533,0.5339499181041943,7.817707188412787,7.989912860541171,308.16749628328733,94967.2057655099,251.92369633464418,0.6012529074362637,11.817159294396351,11.982615086205401,442.5150984054505,195819.61231678553,379.9636539713542,0.9068390746653491,10.78885199567437,10.499339252320397,390.7481421430668,152684.11058825834,330.7147040513453,0.7892992212954054
monthly,M6235,11.025180674398483,10.384045616241606,150.14403487040926,22543.231207166667,140.83827777777776,2.352646085742686,11.025180674398483,10.384045616241606,150.14403487040926,22543.231207166667,140.83827777777776,2.352646085742686,4.66506213681916,4.5293475983809826,70.86227291867003,5021.4617232000755,61.96828175392646,1.0351549153321047,4.66506213681916,4.5293475983809826,70.86227291867003,5021.4617232000755,61.96828175392646,1.0351549153321047,1.2208754543757687,1.2116159061409013,18.686071063079343,349.16925177445114,16.508862141665052,0.27577382023186175,0.9944214212965744,0.988331422352528,15.094962449109849,227.85789134003642,13.415275210086001,0.22409671014274252,13.938020902243444,12.879431297427518,191.73554892785762,36762.52072266688,175.42857622612848,2.9304629373346045,13.718572641161153,12.707757000095693,187.5851045725448,35188.171457492565,172.98998144380315,2.8897272044083424,14.850521077664014,13.741856709041633,195.45279601543317,38201.79547025052,186.3753128797743,3.1133237159965783,22.121145718313187,19.609884824977147,288.4441380077812,83200.02075105192,266.89117412169765,4.458308394734965,19.363695931820477,17.499579646051064,250.4660353317041,62733.23485478244,237.50550764973957,3.9674328011603572,24.977672212583307,21.730857294823004,324.912163136883,105567.91375428849,296.1655790837051,4.947325410087735,21.450592617642894,19.02624437297232,283.77239606866556,80526.7727705516,259.26959659830726,4.330993045452712,21.243812170783393,18.888033468186936,279.9631480230836,78379.36425099502,257.24079336377633,4.297102713479237,21.30311531689952,18.939997972928523,280.3398476369398,78590.4301731026,257.9082820366753,4.3082528399814315,21.605121758734114,19.178010611405952,283.85073824243074,80571.24160077293,261.1437494032442,4.362300004968191,17.76688272749962,15.966448330422367,246.89274557977794,60956.027819920964,218.23406396484376,3.645511181077649,17.508828441295847,15.744434557471337,244.5856669115305,59822.14845855815,215.2851490543247,3.596250758194832
monthly,M7713,70.51479058283073,142.43446729071582,1572.6707644428739,2473293.3333333335,1453.7777777777778,4.73459434158928,70.51479058283073,142.43446729071582,1572.6707644428739,2473293.3333333335,1453.7777777777778,4.73459434158928,23.519013164414027,29.88264724013707,338.75930466632434,114757.86649801157,281.53762502200505,0.9168983504557494,23.519013164414027,29.88264724013707,338.75930466632434,114757.86649801157,281.53762502200505,0.9168983504557494,25.408180108514237,33.11505247456911,374.2100869137751,140033.1891480151,309.74733975898994,1.0087704080791204,32.91221969621281,47.5382784521617,534.6365563329595,285836.24736756575,436.64726420093234,1.4220520480896943,48.41312327000231,75.47146421105846,901.3845182914948,812494.0498155901,793.637464735243,2.584680758810661,67.55109172804686,126.93189362404738,1406.7474823061311,1978938.4789746387,1327.0206627264906,4.321777796411808,58.20036849503949,116.7667362631284,1320.2227226798275,1742988.0374801366,1091.7689683702256,3.5556212641176947,13.963913581006896,12.804270145787944,168.57195204830782,28416.503017376996,150.02889146492595,0.48860696006135396,56.60716125850649,114.92931846762049,1307.2457499797788,1708891.4508401942,1045.9966159396702,3.4065520431324883,35.099745326149,29.282186005997414,470.0541443279263,220950.89859985895,433.99924996200684,1.413428121225694,62.365547969144664,105.57413395890958,1235.0734904779044,1525406.5268812743,1162.3852132161458,3.7856008926293114,70.43052326277555,145.40710306249127,1616.9081544509468,2614391.979929967,1456.9347156890317,4.744875706870719,54.527728104045494,82.3473445068989,976.1347918954375,952839.1319487492,947.5234917534722,3.085849454540672,52.717948166562365,85.56552331764414,946.8793563915334,896580.5155604444,886.3667463983894,2.8866770741849916,67.76157990569632,143.2157616791468,1593.461843919578,2539120.648027582,1385.7696804470486,4.513108803891411,64.79918291617952,132.8775488208694,1476.9250545740015,2181307.616828417,1278.542347824673,4.163895925514883
monthly,M9092,43.428930630474866,58.863415451650745,1323.9251405490334,1752777.7777777778,1194.4444444444443,1.209295441089402,43.428930630474866,58.863415451650745,1323.9251405490334,1752777.7777777778,1194.4444444444443,1.209295441089402,64.57425337296864,99.1299631743575,1994.7665582172754,3979093.621781995,1959.842888779405,1.9842103847322574,64.57425337296864,99.1299631743575,1994.7665582172754,3979093.621781995,1959.842888779405,1.9842103847322574,55.64212093801648,81.44974306145252,1733.5200856645822,3005091.88740254,1636.174649063239,1.6565178507389808,55.60375565276089,80.40935835336599,1668.8127400054555,2784935.961204516,1605.6575957984812,1.6256213669718194,87.44345376500591,162.3640603468409,3338.834544007036,11147816.112254672,3269.560546875,3.3102122765874777,92.83110523871412,178.6250541524372,3629.8143954374605,13175552.545325017,3604.762896356823,3.6495823284607267,87.5096717334022,163.8842793403405,3420.0670247604357,11696858.4538537,3316.9044325086807,3.3581448073356093,85.10875132084571,155.27771843050377,3170.707691767551,10053387.26663391,3110.591805627284,3.149267014578245,83.70885719433915,148.21161828424388,3102.92717422166,9628157.048523217,3034.715182834201,3.0724469879493688,82.73977582233681,152.2173117182939,3154.1071357649616,9948391.823883452,3022.875623256305,3.0604602224797404,62.998140407607494,100.87197176675491,2262.386426291486,5118392.34186796,2055.090562608507,2.080642310278595,76.50986044204318,128.5592129830884,2632.6072600594403,6930620.985717674,2586.695036689185,2.6188564314615195,68.72178676525544,114.10443230188865,2579.1258260997415,6651890.026854674,2364.3316786024307,2.393728342457168,83.36092011378928,147.95114772786923,3030.350929790591,9183026.757682702,2989.120746999115,3.026285658595907,51.03720319797209,63.865273833217586,1512.2481852568535,2286894.573812647,1282.2714708116318,1.2982144553510304,65.87101573201984,101.94582889730603,2085.9932748603355,4351367.942762548,2037.2079614366303,2.062537367706713
monthly,M10890,4.458148113923053,4.3458546591973475,129.52906151816964,16777.777777777777,120.0,1.5339130434782609,4.458148113923053,4.3458546591973475,129.52906151816964,16777.777777777777,120.0,1.5339130434782609,2.417387847584617,2.3799806280503604,75.70891080218736,5731.839174853561,65.97867156062989,0.8433795408184864,2.417387847584617,2.3799806280503604,75.70891080218736,5731.839174853561,65.97867156062989,0.8433795408184864,2.834542762791227,2.7891695897165145,82.76827207969983,6850.586863059218,77.00730339397043,0.9843542259924916,2.933551686080073,2.8849304172060704,85.37624461480878,7289.103144527667,79.53467244916068,1.0166605956544887,4.4567167263443865,4.345708455314805,129.0714440463277,16659.437668204308,120.09092881944444,1.5350753509963766,3.809109225739079,3.729882451217165,109.24622095467772,11934.736792878268,103.02371165482297,1.3169117924573024,4.874928195858304,4.713362371290877,157.61108979361222,24841.255625930098,130.71975368923611,1.6709394602015397,7.807931222578578,7.43787266831923,232.92000184434625,54251.727259170264,205.61407341242213,2.6282842427500914,9.534971187646429,9.027584670118237,271.3144727804372,73611.5431401266,249.47466362847223,3.18893700464221,7.6235249212948775,7.315996947899711,211.76118175861652,44842.79809980582,201.51097399578725,2.575835928467889,10.430317144898732,9.837993841839504,292.5611227703846,85592.01055666804,271.7845730251736,3.474115846495697,10.868158434127489,10.222231284018834,305.1453745784893,93113.69962664654,282.4847111469641,3.610891525095976,9.842345528940646,9.288644536618563,283.0830096653872,80135.99036121368,256.83238389756946,3.2829878637341485,12.28002717908801,11.411404272987841,351.56652167969025,123599.01916595611,315.60638808822813,4.034272960779959,6.785624358083217,6.518961436674986,198.72924059293354,39493.31106664406,180.40195041232639,2.3060075400532156,8.209700602546024,7.818333224059165,239.6440178179314,57429.255275921016,216.38807183980256,2.7660040487348674
monthly,M14994,1.9251467773093736,1.9140334056690904,28.2721719285158,799.3157055555569,23.04055555555557,0.4935162646922837,1.9251467773093736,1.9140334056690904,28.2721719285158,799.3157055555569,23.04055555555557,0.4935162646922837,5.34386135210881,5.54323804129848,74.58714547689166,5563.2422703910015,64.94479698142446,1.3910824997335207,5.34386135210881,5.54323804129848,74.58714547689166,5563.2422703910015,64.94479698142446,1.3910824997335207,1.239200476785528,1.2446642957714247,19.257352422104884,370.84562230914884,14.879280917148296,0.31870616669082924,1.3959919861408963,1.397229907583835,20.973275794059337,439.87829753367527,16.633929522908527,0.35628979281800016,1.5287863516267977,1.5222428245072583,22.699170424711582,515.252337970101,18.243090277777785,0.39075714770089953,1.7019116221070694,1.7038918825401694,22.447624676292673,503.8958536077037,20.233274138201068,0.4333858118613061,2.5850849430440763,2.5627319370324586,36.21391263354175,1311.4474682297948,30.7866170247396,0.6594327207052884,4.401250290755708,4.508030481819488,55.910100677381486,3125.939357754934,53.79334646405162,1.1522244482440598,2.088939632910706,2.0905223264823825,29.262515460719886,856.2948110888703,24.871711697048617,0.5327386409426724,4.245976524599692,4.357944926389726,57.14144894402618,3265.145187422751,51.85811835482173,1.1107729066138337,1.2419796035560444,1.241439269859645,17.142561409393302,293.86741167482046,14.842673611111119,0.31792205795298417,1.2774287769314934,1.2809542072431415,18.870294260026206,356.0880054599779,15.22859437261041,0.3261882723775061,1.6593535590320099,1.655055826554223,24.750743000687,612.5992790860565,19.77677870008683,0.4236079259538248,3.2551624816476057,3.2707835655354587,43.80290092461954,1918.6941294120359,38.73789153993255,0.829744729407474,1.81041824860516,1.7911262900987193,26.46979248600986,700.6499142524242,21.52503933376738,0.46105472516672624,1.1774237068390898,1.1779398100992482,18.693580408829707,349.44994850138187,14.014656046021564,0.30018636860134157
monthly,M15633,3.6984002788619565,3.6129418865685734,530.6521668873334,281591.72222222225,464.05555555555554,1.023428467725517,3.6984002788619565,3.6129418865685734,530.6521668873334,281591.72222222225,464.05555555555554,1.023428467725517,7.633624877712259,7.638675630511433,1201.7291714405865,1444153.0014912786,992.2261833131688,2.1882563634210483,7.633624877712259,7.638675630511433,1201.7291714405865,1444153.0014912786,992.2261833131688,2.1882563634210483,1.3000698830660042,1.2952987144606598,204.11160817408805,41661.54859141245,164.49305972877644,0.36277311639586557,1.3754821285880185,1.3696691003457246,208.74119656093507,43572.88714169093,173.89818145738457,0.3835151788585334,5.11727922580146,4.932830909002272,918.7068750031747,844022.3221780988,658.4678819444445,1.452185557089387,4.38833958024633,4.240928248215184,813.4079992332556,661632.573216648,570.7084642420463,1.2586408719489963,5.929247083440928,5.759841635192204,836.7219233147475,700103.5769555303,744.6778971354166,1.6423131887775018,5.648369910058364,5.446929614486909,892.7533970996914,797008.6280330392,714.0067032140408,1.5746709148676747,5.935557388449088,5.744566668881815,852.3730983156292,726539.8987321854,742.7340494791666,1.6380262257091551,10.067575361103742,9.483103563850195,1374.4310899141228,1889060.8209225237,1219.2296366467306,2.6888899484137725,5.393721860753409,5.21414908174662,785.4589051102286,616945.691616959,677.49267578125,1.494142851581608,7.104467392576947,6.805335257857899,1010.6692982260282,1021452.4303766923,884.0210921159191,1.9496207747326946,8.301057085396614,7.9117650708448926,1110.8546246662377,1233997.997142368,1010.9731987847222,2.229601045299728,10.221215340055728,9.681645248651865,1289.0098254208278,1661546.3300314331,1228.1777165329197,2.708624050456888,7.444161925923032,7.424065723352613,1200.073647977422,1440176.7605698374,967.6973198784722,2.134160389739693,6.0761331747602405,5.765637251060948,1219.9882478540242,1488371.3249019322,790.1025097601452,1.742492663280066
monthly,M15846,10.932669719369754,10.547410260380936,407.2378502382443,165842.66666666666,367.55555555555554,0.9085522453110874,10.932669719369754,10.547410260380936,407.2378502382443,165842.66666666666,367.55555555555554,0.9085522453110874,2.773465566810731,2.78929429025745,119.35201533227803,14244.903563876329,96.22856062703474,0.23786519751714588,2.773465566810731,2.78929429025745,119.35201533227803,14244.903563876329,96.22856062703474,0.23786519751714588,4.021230818418958,3.9406188144994103,165.29656255175794,27322.95359142723,138.85351291087957,0.34322885076197257,5.998909985050006,5.7791213725304855,239.77290436765796,57491.04566890205,204.83303171336235,0.5063221275373255,19.501796262255017,17.64751620603664,639.4672503968903,408918.36433015927,617.7227647569445,1.5269348984574518,16.478471453413338,15.156436786983068,550.8452071844412,303430.44227806985,533.241405702136,1.3181073421982,59.09278624887095,44.635997686503984,1631.0754935880886,2660407.265783627,1565.7025756835938,3.8702247024305128,44.472204333530335,35.98218523359942,1287.5933927603749,1657896.745080173,1254.956727254203,3.102099084291276,42.00944083465497,33.83219866180687,1270.480299867851,1614120.192352305,1189.4701063368057,2.9402241906240945,39.23015831652126,32.43135782870656,1174.704251638835,1379930.0788183557,1137.3527351448256,2.811396442272926,39.650457808383734,32.331464970193835,1210.407659952286,1465086.7032711687,1136.9884033203125,2.810495858695297,39.752676478391166,32.42003188288081,1213.9125246957406,1473583.6176131868,1141.2161936827974,2.8209464378485203,38.310037473042094,31.006320293879785,1204.055047828526,1449748.5582013545,1092.7238091362847,2.7010792118080107,28.67370192789708,24.603427391358558,928.6218614624624,862338.5615860088,866.5499053259401,2.142005066330695,18.2242409491283,16.466472506183166,632.053195487386,399491.24192581576,580.6886664496528,1.4353911504128773,25.691613037159023,22.079080943064824,877.8324696447081,770589.8447625274,779.2545920303478,1.9262217603758558
monthly,M17590,34.911936766376144,43.66169315361176,843.1620379394593,710922.2222222222,754.4444444444445,1.2196067309510306,34.911936766376144,43.66169315361176,843.1620379394593,710922.2222222222,754.4444444444445,1.2196067309510306,29.22729322391588,24.63958960463456,525.0149957846629,275640.7457987696,460.391103038332,0.7442510741118811,29.22729322391588,24.63958960463456,525.0149957846629,275640.7457987696,460.391103038332,0.7442510741118811,19.774053550924002,17.99633465050664,374.5564503144142,140292.5344721342,331.58790443763905,0.5360326305429787,16.23152534382278,14.909881063388452,314.39644210171474,98845.12280621688,277.81960087957316,0.4491127977917093,62.83128000127189,93.7177498346149,1694.7966664462097,2872335.740597185,1658.7719862196182,2.6815088829982483,50.356060949539184,69.12851732159598,1250.8175493939402,1564544.5418718623,1213.9443687387675,1.962417158766584,57.86547044463142,84.6485127675416,1543.67303632074,2382926.443063693,1484.0260009765625,2.3990210452542278,60.25845122608644,89.66980810423253,1657.6554689357672,2747821.653692658,1585.5681845076763,2.563170349317571,65.77774290847181,100.2866347526506,1840.3879261886277,3387027.7188608777,1790.639377170139,2.8946807855558117,61.66235789002171,90.6907846047378,1677.7423519685628,2814819.399589005,1632.5727818566493,2.639156227051305,39.476793290190656,55.85315335077317,1225.2131895289126,1501147.359795611,945.7611694335938,1.528882208103087,67.72373540261955,104.44216312462109,1878.6435333601955,3529301.52543608,1851.4421764027275,2.992972321467824,38.621210371041734,54.077303602513794,1162.5948218763667,1351626.7198537407,921.8053521050347,1.4901561279066076,63.5805678746327,95.67160387979395,1714.629546576279,2939954.481992376,1682.2361630357127,2.7194401954916514,69.89718886536902,44.28459503983286,1002.9880691370586,1005985.0668312849,813.5960625542534,1.3152290290865698,38.139590810491185,51.79750959609838,1131.8814683266687,1281155.6583413354,939.2875118315937,1.5184171348383677
monthly,M17775,45.57133191199628,65.20164907268557,2419.94031147694,5856111.111111111,2083.3333333333335,0.8789785344189489,45.57133191199628,65.20164907268557,2419.94031147694,5856111.111111111,2083.3333333333335,0.8789785344189489,70.95970936868112,129.4729528054277,4242.574953756972,17999442.238245968,3901.098258148041,1.645911182194214,70.95970936868112,129.4729528054277,4242.574953756972,17999442.238245968,3901.098258148041,1.645911182194214,47.050784772003354,65.85758439493043,2503.417604837033,6267099.704207988,2196.381820795717,0.926674787456372,54.08457285169119,82.14486914831612,2812.618279953432,7910821.588728204,2546.7135855275983,1.0744831559961,96.01671257253363,218.09275888910454,7402.017637266063,54789865.10239787,6989.441569010417,2.9489131712331145,117.29290376335967,351.6003440233901,11528.055591700766,132896065.7253433,11097.37038265749,4.682088170329214,63.628457148905696,103.74211846637573,3525.8035849003577,12431290.919296212,3234.643988715278,1.3647276636326486,87.38099889319689,222.76934406951491,7703.044900635182,59336900.741201684,6540.271773524467,2.7594040791331946,58.598581798441415,93.1954228432972,3985.6402208509985,15885327.970065197,3208.3441297743057,1.3536314981283153,84.51350129925555,163.49994820205833,5670.385149330964,32153267.741753135,5230.944726976724,2.2069863022773744,92.72351697861289,220.52384058747077,7301.385233849882,53310226.33308109,6660.088921440973,2.809956095648671,79.88715439480444,157.47874675249483,5213.18393118283,27177286.70034286,4819.363069722103,2.0333360101714275,51.46220498698043,79.3240694718503,2757.121688279364,7601720.003980451,2441.8645290798613,1.030246322409712,41.1443765653635,51.09771449700706,1823.5614719131056,3325376.441845892,1743.8097005864975,0.7357302215649915,56.77960434544877,102.24961484847152,3851.7629060747554,14836077.484613445,3216.160698784722,1.3569293843873365,150.08029660734485,1289.3178292780306,42988.38900882174,1848001589.5737855,37490.016732984506,15.817401582384283
monthly,M19711,25.27036900173163,31.739819274455773,1666.1665916441582,2776111.111111111,1338.888888888889,0.5884091493189412,25.27036900173163,31.739819274455773,1666.1665916441582,2776111.111111111,1338.888888888889,0.5884091493189412,9.595073449631565,9.783661385737357,464.28736242828984,215562.75491061815,442.6721878860851,0.19454367547807905,9.595073449631565,9.783661385737357,464.28736242828984,215562.75491061815,442.6721878860851,0.19454367547807905,29.644642898114576,39.567444448581476,2051.5694939021937,4208937.388310103,1610.5609430683703,0.7078024190817047,37.832712668580136,54.93348244520093,2833.7136215099463,8029932.888731014,2245.629011180531,0.986899411235854,73.891692217522,123.78048019849315,5708.056818428757,32581912.64241102,5537.192599826389,2.433461666847372,74.58322397969096,123.1433144446771,5619.579464237739,31579673.354882512,5554.251198449439,2.440958506643161,40.096409519684514,55.121881197663406,2875.738280027807,8269870.65521729,2454.143853081597,1.0785366200898308,62.115165121771454,98.81373300803435,4620.816724879734,21351947.204928264,4297.464387526856,1.888631226592373,35.2750666925153,45.43546639412479,2424.540512464261,5878396.696580463,2070.611762152778,0.909983580899833,59.915845743192286,91.05211333069848,4320.998732389934,18671030.04531542,4073.81825412563,1.7903441826149646,68.70661098883755,111.16940463898719,5204.761029839007,27089537.377730805,4981.373616536458,2.1891927227646732,75.236765038248,127.13950161317796,5812.524072470877,33785436.09305344,5671.64551376041,2.4925504570882295,25.103907675783475,29.556745139586226,1433.8667998147273,2055973.9996109274,1319.6905381944443,0.5799719404555383,26.125479398379355,32.3494659205968,1591.8023514564013,2533834.7261021286,1359.2911781500243,0.5973754599425705,26.97207654622889,24.53892763998661,1322.163249086947,1748115.6572361523,1164.1689453125,0.511623977508192,187.8136989177213,352.431208747174,16672.285571580705,277965106.1803382,15178.570166355332,6.6706129489765145
monthly,M20981,21.23750910195922,26.789497882824044,288.00077160390464,82944.44444444444,231.11111111111111,0.34395126196692777,21.23750910195922,26.789497882824044,288.00077160390464,82944.44444444444,231.11111111111111,0.34395126196692777,35.52040003245989,52.39578714928087,532.0614492770982,283089.3858068461,435.28810837217776,0.6478178114155126,35.52040003245989,52.39578714928087,532.0614492770982,283089.3858068461,435.28810837217776,0.6478178114155126,26.81794133138691,35.03906418278518,353.1913025830336,124744.09622029997,298.89253495017874,0.44482701023916943,31.335086540623607,42.67527162708171,430.72783442115093,185526.4673451344,365.3757806281854,0.5437707440158372,50.37254012553161,77.99749830077812,790.9496938519037,625601.4182044201,717.9208034939236,1.0684461044165443,57.732693800444345,109.20621046044631,1115.2653995280027,1243816.9113843553,929.4018360277017,1.383182889127389,40.178023844860505,56.4017717363796,695.3595117494173,483524.85058038804,582.5438842773438,0.866971316026334,47.66980655611841,35.22408330382943,461.39584494890954,212886.12573611818,367.3629143433663,0.54672809706454,46.228850898461445,68.51358971246408,801.0293294889547,641647.9867015244,652.074703640408,0.9704506033290666,34.863231230016645,44.979335054435765,646.28172002143,417680.0616338581,510.79062443300336,0.760184480226663,51.50778865513392,77.57297808640674,807.8848395934144,652677.9140448769,702.112562391493,1.0449194792771568,35.49726115125701,51.30168877755465,526.6888856833968,277401.1823024182,434.75982376285054,0.6470315915008481,45.13312896497155,65.56359609685461,668.4711650489129,446853.698501851,583.2340155707466,0.8679984043742182,27.486417966336823,34.83968353304438,368.49907666785003,135791.56950505803,306.8466318639767,0.4566647001630985,51.93316777085077,87.60865487100915,872.2595710176261,760836.759231853,761.2074313693577,1.132867456607138,52.756606676270366,91.88700332414916,918.493970585273,843631.1740015005,789.2487716004719,1.1745999995098406
monthly,M22214,2.317168081807493,2.287525632613898,140.19668723301243,19655.11111111111,132.44444444444446,1.2983883516727799,2.317168081807493,2.287525632613898,140.19668723301243,19655.11111111111,132.44444444444446,1.2983883516727799,1.1679585378381354,1.169208056202986,75.96329408050559,5770.422047561376,67.42092902300323,0.6609454195652867,1.1679585378381354,1.169208056202986,75.96329408050559,5770.422047561376,67.42092902300323,0.6609454195652867,0.8211427161553332,0.8251797097286194,57.750981965148064,3335.175917938857,47.52854241210793,0.4659350273144292,1.1439882207971006,1.1542188995403788,83.76730150558497,7016.960801527577,66.64883277969723,0.6533763533588192,1.190278188073304,1.2003440534933483,92.16826769725593,8494.98957031303,69.138916015625,0.6777873060551434,1.1913129808276608,1.1975976643547726,83.18029315757435,6918.961169780012,68.94074681232314,0.6758446002941982,0.8971546325210782,0.8928859254772442,61.7721698678578,3815.8009701834785,51.76953125,0.5075105764421474,1.4754297792935906,1.461027009268907,98.36638151787945,9675.945012921016,84.89978229219378,0.8322952982295756,1.1597888761961908,1.1507028884189667,80.05832811352728,6409.3359003331925,66.73388671875,0.654210159897049,3.0212126641870944,2.9710735232412957,182.57278329926967,33332.82120164208,172.4151385073834,1.6902317679616778,0.9520279691729049,0.9495690538293325,67.92220299277413,4613.425659391615,55.02305772569444,0.5394057676343503,1.0169327296059882,1.011107770161828,70.31770446274555,4944.579560910026,58.773390864971844,0.5761712875725816,1.0339304456038776,1.0356980632113064,66.85036096719922,4468.970761444833,59.83818901909722,0.5866097889834806,1.0145660378035688,1.010578889343544,66.63533328317637,4440.267641759991,58.5659188686656,0.5741373840409365,1.2022837282553993,1.206962352856447,80.51074353737124,6481.979824940364,69.45372178819444,0.6808734313347504,1.435485764626581,1.4486233634929224,102.17233666204493,10439.186378982251,83.30201908047098,0.8166319976545005
monthly,M22530,0.7718983797503107,0.7678469049094159,26.7730274716925,716.7950000000013,22.75000000000005,0.3691001098167338,0.7718983797503107,0.7678469049094159,26.7730274716925,716.7950000000013,22.75000000000005,0.3691001098167338,1.9241436234887925,1.9455877573798055,61.48855729029345,3780.8426776416995,57.506071802069606,0.9329888974625418,1.9241436234887925,1.9455877573798055,61.48855729029345,3780.8426776416995,57.506071802069606,0.9329888974625418,0.4609573428459684,0.460611016106126,15.885155383983623,252.33816157330386,13.63694555145998,0.22124826815862364,0.4663196267396679,0.465741082818324,16.245135662803758,263.90443270289853,13.7918547384756,0.22376154279330873,0.5422713739138135,0.5403112534249261,20.668791335733964,427.19893528011136,16.078537326388894,0.26086109419176184,0.5970223771487705,0.5956763366526726,20.904176532266366,436.98459649215584,17.70550600685897,0.28725732797769105,3.3050874374496164,3.3706252398224015,108.14416622830863,11695.16068921605,99.72655978732638,1.6179817217207542,4.311582946137925,4.424550111141748,143.19928132530978,20506.034172085216,131.27931881698515,2.129899384264401,1.6944675478327806,1.707741553896703,59.61482766983489,3553.9276781041117,50.7324896918403,0.8230930776498695,3.2221124952146205,3.1583552970719966,105.76178670419814,11185.555526864302,93.63067574892246,1.5190809978524045,0.8160554870416358,0.8155630216729653,29.026364405428218,842.5298305967103,24.186181640624984,0.3924009802022916,3.547180943683661,3.616412131004186,111.61984764660859,12458.990388652113,107.28488610282268,1.7406093732847272,0.661076358190869,0.6591980251465231,24.218381332227548,586.5299943531877,19.543353949652733,0.3170749050111695,0.6589724249708624,0.6581263054581166,25.335431500990612,641.8840893413875,19.560604363835207,0.31735477884717544,1.259310988735411,1.2495584361634406,41.67969092171382,1737.1966353295934,37.1250678168403,0.6023238069516227,0.8288836561527166,0.8233889140059646,34.687710401945175,1203.2372529292154,24.5433298294902,0.3981954169377201
monthly,M22828,1.5370326100796952,1.520371464163902,49.27020736036463,2427.5533333333287,38.42222222222219,0.6300938398865064,1.5370326100796952,1.520371464163902,49.27020736036463,2427.5533333333287,38.42222222222219,0.6300938398865064,1.0724138526673135,1.069491277464885,35.0392695987706,1227.7504140153296,26.881833703207704,0.44084066047195475,1.0724138526673135,1.069491277464885,35.0392695987706,1227.7504140153296,26.881833703207704,0.44084066047195475,1.044626915192042,1.0407693076056608,34.31157257126756,1177.2840123133606,26.20059300760838,0.4296688556946436,1.076852771661692,1.0722230349125803,35.48801251551448,1259.3990323013122,27.00771581152028,0.4429050267790604,1.2168307722947753,1.2148498405152137,35.433319097044205,1255.5201022329575,30.484600151909717,0.49992316050923735,1.0750562425351515,1.0739575838614737,33.02503094947312,1090.6526692136576,26.942263772132062,0.44183166546778585,2.822527116389295,2.8662211329406295,74.09857626464716,5490.599004447732,71.40088433159728,1.1709176298961717,5.259354666211329,5.432818023996529,148.45505364701597,22038.902953338395,134.8368198188587,2.2112164430877606,3.0602338919068233,3.1140471430320704,82.47854815687197,6802.7109060654475,77.679136827257,1.2738759699913291,6.139408266945087,6.3567122775039895,168.13867233840043,28270.61313571998,158.9677875686931,2.606945093079188,1.2407683277687205,1.2449571071341308,35.33109346447281,1248.286165395313,31.11259223090279,0.5102217303884725,0.6843871655234797,0.6875619669272138,23.436566507536252,549.27264966217,17.18831683078199,0.28187470496772615,1.1574344617463768,1.159582888548626,32.07439966256092,1028.767113713688,28.960715060763885,0.4749326588388126,1.2086353286823441,1.2001591544325365,40.31507731389437,1625.3054588252808,30.27512700354239,0.496487967728234,1.2227262457549521,1.2162897604694825,40.13776654216641,1611.0403029934532,30.640624999999975,0.5024818437390178,1.023138392790665,1.027616474247457,28.898161318028198,835.1037275627812,25.599513569288344,0.4198116316856469
monthly,M27091,3.339914135297592,3.4176497878581595,62.381184841442554,3891.412222222222,51.01111111111111,0.5253849826645552,3.339914135297592,3.4176497878581595,62.381184841442554,3891.412222222222,51.01111111111111,0.5253849826645552,4.665476919176213,4.8487847672176985,90.81878566207659,8248.051829134209,71.89877657303151,0.7405158731231193,4.665476919176213,4.8487847672176985,90.81878566207659,8248.051829134209,71.89877657303151,0.7405158731231193,6.015122771315087,6.248531330804006,103.80284543954478,10775.030721346024,93.79518172483849,0.966036199783724,6.823630717038455,7.10923429802765,115.6101136939525,13365.698388328625,107.0990122525404,1.1030579705101882,5.241700131517892,5.063144010061274,91.5380990374477,8379.223575389582,78.44083387586805,0.8078952849370415,7.202116209858059,6.853264483850882,125.88141833043936,15846.131480883076,105.69360097927564,1.0885830460994563,7.421882216442217,7.067097209611589,127.84255837558827,16343.719732015694,109.40979410807292,1.1268576890159487,5.401986753677694,5.331897845375854,93.4180350699986,8726.929276339488,81.4078477440233,0.838453814161995,8.459267759606428,7.991080134058791,151.08671460742684,22827.195330866045,123.60028754340277,1.2730115755933835,30.19611060868279,25.951102530219984,409.903386193325,168020.78601275414,394.73518673929425,4.065544441688144,5.973449724454291,6.2712325855901305,118.01956221499732,13928.617065419623,93.40971408420141,0.9620661057143607,4.821907859927844,5.018621424537441,94.24679357898367,8882.458099919559,74.41434146692978,0.7664247386503481,12.233021749805879,13.343960636613856,232.6296843463411,54116.570039078295,200.00040554470485,2.0598886656503574,5.835782115252403,6.079912681711044,105.9952835268677,11235.00012994107,90.93704366149188,0.9365990284664112,3.4291399346304727,3.5124947644890248,63.396564881233985,4019.1244387405104,52.33373074001736,0.539007200955216,3.5634899156618354,3.6826005580387915,72.82735746484495,5303.823995312308,54.36685680239979,0.559947225153336
monthly,M30227,7.404521909049944,7.762530458539957,127.20139589118776,16180.195116666679,113.48500000000004,1.544205753561788,7.404521909049944,7.762530458539957,127.20139589118776,16180.195116666679,113.48500000000004,1.544205753561788,8.253149244933882,8.66252379207994,133.08383071272902,17711.305997174317,124.92781735346873,1.6999097179111118,8.253149244933882,8.66252379207994,133.08383071272902,17711.305997174317,124.92781735346873,1.6999097179111118,5.6838595719275435,5.881589653551306,92.10026266050292,8482.458382133627,84.88519545218588,1.1550443425076646,5.258602925502548,5.42950928728405,85.65537532901378,7336.843322754223,78.41128028266218,1.066952902644692,9.690600932003072,10.325331637222027,167.78845989855628,28152.967275129435,149.10769721137154,2.028928615536404,2.1671099905035365,2.204096009507675,42.02399050931868,1766.0157783273062,31.574453638093093,0.4296378638015003,12.86432955077148,13.82916639210908,207.87586334251566,43212.374560396245,200.18185655381947,2.7239016138616416,10.474190436194581,11.096733019361908,167.1712826529929,27946.23774384684,161.38823643050313,2.1960315746854033,11.632696009808722,12.469953885666369,194.51279992581522,37835.22933498022,181.0187977430556,2.4631472791793096,11.943976065386321,12.771123403582054,192.35669489429748,37001.09807065785,185.16823210152333,2.5196091940612133,7.989253367917974,8.401868562160224,133.7188529591066,17880.731636699176,121.28148627387155,1.6502935974325892,9.80672025151232,10.356633947238638,155.07252180170613,24047.487017940624,149.70858292639326,2.03710494878194,7.80889982009941,8.298760410388102,145.73713448954175,21239.31236922278,119.10071370442711,1.6206195299439712,6.388447030140974,6.63055340734475,101.64604499722998,10331.9184635789,95.62544467085233,1.3011883671642466,4.798342383826065,4.990517449903315,89.89543578689121,8081.189375315082,71.4941449652778,0.9728305062463098,6.063823536412828,6.294669557904009,98.99547925822675,9800.104913566003,90.56194449932796,1.2322886350584263
monthly,M32146,9.994286663431057,10.374341043478054,840.8834924178458,707085.0478208334,649.8124555555556,0.40443025970619506,9.994286663431057,10.374341043478054,840.8834924178458,707085.0478208334,649.8124555555556,0.40443025970619506,13.38291594609074,12.766590715833692,1007.5002416354444,1015056.7368954788,849.588212337085,0.5287666901753214,13.38291594609074,12.766590715833692,1007.5002416354444,1015056.7368954788,849.588212337085,0.5287666901753214,13.11900291122343,12.878356290295212,993.3161903397584,986677.0539910911,833.3059162480711,0.5186329151459351,9.876337291691835,9.75621971048462,848.2751192222579,719570.6778915359,634.9247885503266,0.39516447389081477,10.070474679808349,11.291328113950701,980.4528950490452,961287.8794100541,669.0301346354167,0.4163909583274207,9.14483905658164,10.06478865505745,826.109600879686,682457.072665594,598.6083477049616,0.37256184835305306,13.630430380737046,14.358571797279252,1037.6657762010846,1076750.2630989994,911.1808086805556,0.5671006887347549,10.701257530180662,11.219813693915468,843.7192584553682,711862.1870884764,702.0495893976131,0.4369416057498604,13.24043261163366,14.535835409546905,1231.5636274592696,1516748.9684806345,900.0348561631945,0.5601636710880012,15.683741046932651,16.438009374875453,1287.113883581439,1656662.149308094,1076.4266233832132,0.66994637472337,9.887654778937206,10.508679971820543,842.6173565820671,710004.0096133505,642.3365845486111,0.3997774272973677,9.935810644514808,11.176626101692603,963.3984668646115,928136.6059570839,657.9095565512375,0.40946973321975094,9.291690627824629,10.011232126047274,835.4712586751347,698012.2240722138,604.9580591579862,0.37651378160710347,8.043532498984945,8.755772311015154,761.2467258822999,579496.5776665214,519.9094536714877,0.3235812326685834,7.82697933095946,8.407738072930806,735.9467142919325,541617.5662770914,504.79928637152784,0.31417696712537796,8.227869205658239,8.562492662111541,734.6396242445431,539695.3775101636,530.6025150384285,0.33023637993255645
monthly,M32767,74.80812025609578,142.7156411390714,2096.5288772953577,4395433.333333333,1792.2222222222222,1.0219754568494064,74.80812025609578,142.7156411390714,2096.5288772953577,4395433.333333333,1792.2222222222222,1.0219754568494064,75.46027629344574,260.89192603248466,3028.170842074917,9169818.64879271,2666.777864578398,1.520671651470275,75.46027629344574,260.89192603248466,3028.170842074917,9169818.64879271,2666.777864578398,1.520671651470275,56.628734866227326,149.32081999472783,1761.4329094125696,3102645.89436163,1468.5473714396828,0.8374069645064217,66.01486184457114,189.64084955369117,2366.5485947714706,5600552.251414822,1975.1077364186906,1.1262619145244634,68.39195316214106,109.23888212294912,1883.9751156287803,3549362.236308476,1525.1285468207466,0.869671140143883,45.375751158834035,62.154022486955796,1509.4260514712707,2278367.0048601516,1076.2241871321964,0.6136932639709404,64.92362347793905,109.38903768315677,2048.8334378204554,4197718.455931186,1501.360087076823,0.8561176967124741,68.52142421521985,121.54299239040085,1933.2491593214731,3737452.3120171824,1527.2718274657952,0.8708932989750933,72.94115948938968,98.28313289312409,1950.4071310613738,3804087.9768950585,1499.7064276801216,0.8551747336711377,76.30870358474183,141.0522303873891,2001.7823949825943,4007132.7568622506,1650.3319137156586,0.9410656170647513,88.78779291161729,132.4368350398669,2486.413701308654,6182253.094055399,2050.598782009549,1.1693090293571857,74.4943874434018,95.43112974676578,1952.8489797662223,3813619.1377739757,1523.8474892395682,0.8689406451246037,64.39338469041175,131.12501353159738,1954.2059923328977,3818921.0604698053,1576.5718519422744,0.8990055578302285,69.41986669633798,83.96568275390267,1658.6144124429634,2751001.769163517,1412.6796370597347,0.8055496129692364,66.74417051979007,201.65034035936208,2576.0836098744703,6636206.765063882,2084.887017144097,1.1888611442298274,120.72852330199579,83.1183967893041,2188.2471958968777,4788425.790350549,1790.3395296207195,1.0209018926408664
monthly,M32942,16.254575553758766,17.61880448317709,443.7441891767898,196908.90542816662,345.80605555555553,0.4485009844509426,16.254575553758766,17.61880448317709,443.7441891767898,196908.90542816662,345.80605555555553,0.4485009844509426,26.10884946928197,22.966387799639445,558.7045803533964,312150.8081078648,496.17724241253444,0.6435282960174309,26.10884946928197,22.966387799639445,558.7045803533964,312150.8081078648,496.17724241253444,0.6435282960174309,24.27567166007771,21.702969293351977,508.03208599839934,258096.60040388504,462.7230206867306,0.6001390865544618,18.03505962492636,16.67591578064028,414.37574779919885,171707.26036414524,358.2879310910205,0.4646896352148989,14.430680966204285,16.223059893275163,382.0902688289484,145992.97353377807,305.5902620442709,0.3963422015420954,27.27557265134467,33.275910774400536,713.1081716874415,508523.2645274056,640.689925132685,0.830957288148604,60.83796709299003,40.7746435138535,1058.6758116298477,1120794.4741301169,855.0822127278645,1.1090182142091654,39.74137599827567,55.0898954163773,1518.5048814873053,2305857.0751007753,1120.3234217244733,1.4530287988729307,20.690876700978695,23.155083968308045,574.7458338648622,330332.77354501584,443.72061170789925,0.5754934824737198,24.59774001266915,25.454388461633208,580.7046365279582,337217.8748850681,511.5896788222991,0.6635178039844378,14.746007676800257,16.280196783397464,400.87035642093053,160697.0426570439,314.4142883572049,0.40778672203151783,16.215152371723406,18.98822305980975,459.4298985302658,211075.83166353032,353.3343889549945,0.45826502671301006,15.40463574489791,17.155668468575062,402.05865697496483,161651.16364851245,326.663894639757,0.4236741259349421,13.679661144332279,15.22344646280827,349.7405112957048,122318.42524138099,286.7165205779438,0.37186347570162104,25.487371817070525,22.17628660517802,561.7413304727493,315553.3223612945,484.16112147352425,0.627943716210783,72.23272074036412,50.56315776051541,1195.3888981137168,1428954.617733526,1086.759451464183,1.409497248566103
monthly,M33611,17.484936718630305,16.086902145659714,603.4055205433757,364098.22222222225,545.6666666666666,0.9412371335962787,17.484936718630305,16.086902145659714,603.4055205433757,364098.22222222225,545.6666666666666,0.9412371335962787,14.10606522310891,12.949426806480998,521.6856136421264,272155.879481162,451.84212130344855,0.7793963037759071,14.10606522310891,12.949426806480998,521.6856136421264,272155.879481162,451.84212130344855,0.7793963037759071,16.28412070731302,14.862633630290167,573.7475510954102,329186.2523879804,513.9649635898909,0.886553895720705,18.122036816624682,16.337479656452896,635.5569573589954,403932.64604742394,566.5640870563547,0.9772837335971578,14.431378233254152,13.236583739088145,522.039924770473,272525.6830543611,459.26527235243054,0.7922007242076652,12.295749462370255,11.419850818791593,451.10925127887475,203499.55658938695,396.66176251908087,0.6842140141002581,44.03512155499003,35.4658925069462,1274.4835901536344,1624308.421570897,1207.0521918402778,2.0820812678353975,47.59865569530011,37.37305916811348,1387.1224181804291,1924108.6030187213,1282.0714144480419,2.2114842208933445,42.93415163183337,34.97018862216654,1219.1696435927079,1486374.6198579702,1178.4582926432292,2.0327587759870696,68.5986141958344,49.3353408843537,1799.391818823374,3237810.91764849,1683.2300489356649,2.9034550270800166,15.933229960589337,14.474494941561353,574.9233180459962,330536.82163301774,502.42327202690973,0.8666452787074012,21.303473066532202,18.808020897925655,738.4495901896299,545307.7972512324,653.3269602365076,1.1269436689447412,17.725315979021374,16.09656847850693,590.7111182367742,348939.6252085401,547.4020046657986,0.9442304712214289,18.316679306409423,16.344279415553853,658.1309142654349,433136.30031185714,564.3292147951254,0.9734287340349466,14.62035335666007,13.22039512833007,541.2073276735506,292905.37152754597,445.98939344618054,0.7693007543707256,16.98896225802181,18.692780032486567,713.8626088975467,509599.82438201166,631.718617368598,1.0896707770032197
monthly,M35729,15.858781980517064,14.5627771605245,1927.4335267396384,3715000.0,1705.5555555555557,1.6131517192123253,15.858781980517064,14.5627771605245,1927.4335267396384,3715000.0,1705.5555555555557,1.6131517192123253,15.666904231891895,14.290299167216611,1917.75146256787,3677770.672181205,1692.0572560518658,1.6003847325375773,15.666904231891895,14.290299167216611,1917.75146256787,3677770.672181205,1692.0572560518658,1.6003847325375773,14.968013270824432,13.703019727231993,1850.7409261921555,3425241.9758825977,1622.940289052352,1.5350123946041527,15.824107992499142,14.406167043237106,1952.6117144959726,3812692.5075869015,1707.628987721609,1.6151128166696576,12.828702819976264,11.972532145678965,1695.6049377708437,2875076.1049928665,1401.6881510416667,1.3257472870274716,10.458204284658763,10.018362163403976,1332.274784016566,1774956.1001263873,1160.2871867640606,1.0974249792166964,8.079859350749082,8.006988174210989,1094.2176983208863,1197312.371318658,902.5054796006945,0.8536094067848624,11.439685413793626,12.201963670066045,1526.3103598737212,2329623.3146578483,1388.6559546786705,1.313421150889835,10.93271983200746,10.591041664993922,1397.58287199406,1953237.8840911654,1199.0379774305557,1.1340763239242169,9.92882079580127,10.015018503599581,1352.7497698037341,1829931.939704056,1084.8470325330238,1.026072032606992,15.115448464659536,13.837650873518967,1841.393038541867,3390728.32239045,1626.3875868055557,1.5382729241595245,32.56482670656923,26.633630239077316,3748.4527265752477,14050897.843369408,3178.616704479571,3.006405147487565,5.618144116500176,5.688673521909053,732.3153499352728,536285.771750821,622.3537868923611,0.5886358131305159,6.743257018114912,7.125177656956323,965.2739042416126,931753.710209846,746.5217911701831,0.7060766252573816,16.089650678289864,14.631110771499184,1970.1151706094777,3881353.785465611,1733.710666232639,1.6397814382181983,16.487041212641078,14.95620683854724,2014.6628391637003,4058866.355507142,1772.5891932018417,1.6765535987124855
monthly,M36857,10.209960109180908,11.217044695187697,162.66128410292328,26458.69334601192,122.89197005555557,0.6036682437875523,10.209960109180908,11.217044695187697,162.66128410292328,26458.69334601192,122.89197005555557,0.6036682437875523,10.497893029258677,10.950272151088667,149.32077233868762,22296.693051822174,123.24046245680026,0.6053801033641999,10.497893029258677,10.950272151088667,149.32077233868762,22296.693051822174,123.24046245680026,0.6053801033641999,8.845410221877847,9.313272832692423,130.0706016470444,16918.361412824113,102.27873417227391,0.5024121902080234,10.438886956364591,10.166840986259974,126.3373127642036,15961.116596480204,121.61297116076811,0.5973855630210748,10.406794531982571,10.79278455639136,146.18242405396754,21369.30110229399,122.08604589930555,0.5997093942401858,12.011246987898431,13.633091322319405,197.40802357829105,38969.92777308712,146.87001931170786,0.7214528873030667,13.19268243765527,13.856497118674453,199.36659712471086,39747.04004908677,156.70481090755206,0.7697632152113583,10.426794436504219,10.651154218755767,149.14384573137838,22243.886719545193,126.02116274968267,0.6190394210685626,12.23692957761068,12.978586991256646,178.54027211301482,31876.62876618938,146.3891577738715,0.7190908058756191,7.090982486005763,7.069030572824711,111.64088599453346,12463.687425644419,85.34855896766574,0.41924801659960015,12.956585038264235,14.239471991767564,184.2138746861885,33934.75162689876,162.22137279036457,0.7968615945606137,14.699368326046505,16.5200926101845,219.46128346214257,48163.25493885089,186.02519527285682,0.9137904037166611,9.738157256470892,10.954251146158585,167.52499561401945,28064.62415547723,116.12241445703123,0.5704149259545321,11.025213513142823,12.06187640846518,196.68465031474182,38684.85166943227,152.0729380584194,0.7470105931562385,11.52124630651644,11.77183941275773,162.8242786392929,26511.745714406097,134.91583334375,0.6627316995320135,22.862183917659433,28.495288448592614,398.51142769773725,158811.35800568885,313.18606479803384,1.538428276720565
monthly,M38179,1.905299909828439,1.8823602627021516,96.03240193925289,9222.222222222223,85.55555555555556,0.9456140350877192,1.905299909828439,1.8823602627021516,96.03240193925289,9222.222222222223,85.55555555555556,0.9456140350877192,3.0435840293543057,2.9866066894179157,158.57833437971448,25147.08813464454,138.0202006111024,1.5254864278069213,3.0435840293543057,2.9866066894179157,158.57833437971448,25147.08813464454,138.0202006111024,1.5254864278069213,0.742260210267037,0.7426409258967852,38.43084193761473,1476.929612033927,33.79786079522617,0.373555303526184,0.715213209595427,0.7148649833855759,37.62396233669452,1415.5625419130074,32.50227302833779,0.35923564926057555,1.4144160517563,1.3994317791083748,79.36261718818989,6298.4250069591735,64.04945203993056,0.7079149962308113,1.2425600909100916,1.2328077248866147,66.35635876649408,4403.166348747676,56.38260195811553,0.6231761269054874,1.5057075063354575,1.4907300204112977,80.20214824352998,6432.384582877159,67.765380859375,0.7489857884457236,0.9698337840606972,0.9665847445535329,55.89715565632125,3124.492010467007,44.11632399118985,0.48760147569209833,2.047484552524811,2.0145054760860837,116.52221190519587,13577.425867279371,91.17906358506944,1.0077685975191886,1.2796173405887936,1.2793036459592342,69.16818567459879,4784.237909515774,58.58368450397297,0.6475038813597012,2.6733220220270484,2.633929733943193,127.25406369204634,16193.596726139387,120.43752712673611,1.331151615611294,2.7181331941797855,2.674367314080765,133.0848749915992,17711.583951529585,121.95947122588638,1.3479731030229547,3.3061094944853306,3.2441403876213357,157.441154442699,24787.717112249797,147.52088758680554,1.6304940206962717,2.9193413914851045,2.855376786578932,164.98746037727952,27220.862081744377,131.1035422824946,1.4490391515433614,2.4721591822571662,2.4276003184931434,135.61304940747425,18390.89916959405,110.19820149739583,1.2179801218133222,1.5697030923105013,1.556030073689636,85.01728864144152,7227.939367942183,71.3343342769206,0.7884321156922802
monthly,M39965,29.459341077887093,24.415734066364372,502.08797037969356,252092.33000000002,422.1111111111111,2.7196370229662468,29.459341077887093,24.415734066364372,502.08797037969356,252092.33000000002,422.1111111111111,2.7196370229662468,3.218588823590999,3.265006202766021,66.98901312439465,4487.527879380318,53.818347941268534,0.34674844542868616,3.218588823590999,3.265006202766021,66.98901312439465,4487.527879380318,53.818347941268534,0.34674844542868616,8.766915908316701,9.265840220501556,174.0280307136275,30285.75547406327,156.55814725829703,1.008694920183205,6.997379512552983,7.323353412665901,145.6768988484125,21221.758858090605,122.8713997112667,0.7916531901726787,48.48305954213247,38.505676820928045,676.3442951531221,457441.60558617354,655.4261969672309,4.222872376900879,44.554905651050625,35.925780812872325,648.1769254162676,420133.3266420858,618.9839200289897,3.9880769333468202,46.178863121317384,37.14817195369513,655.3192120501021,429443.26968196675,635.9839430067274,4.097607079946923,55.1442293915761,42.27542571654705,758.8158823284193,575801.5432738576,723.8190623709531,4.663523579777529,46.90762025915948,37.70558030829532,652.9095595638407,426290.8929698485,641.1165079752604,4.130675893687597,61.92180016300618,47.21438520205972,807.589110974591,652200.1721647303,802.7613929563358,5.172144365366691,36.68423861846427,30.708624929765865,530.5848233378701,281520.2547564789,518.0622680664062,3.337844674892699,57.10478812015944,43.53661928158857,788.6863139827071,622026.1018636293,750.2586909697388,4.833872549321255,32.84706313034386,27.860836576088676,484.99858809947244,235223.63045848173,468.0206488715278,3.0154294702956665,50.878818717469564,40.26876525567813,708.1787023753193,501517.0744979911,690.3788795658579,4.448070451874537,4.24711609379528,4.341666025059909,89.08407679478607,7935.972738379342,74.10961507161461,0.4774838842218647,8.846550891471182,8.467406532657352,197.00594880124405,38811.34386307839,146.97283592448417,0.9469373239155402
monthly,M43446,15.998589384382228,13.168852477314925,2284.9842814922526,5221153.166666667,740.8333333333334,2.139943536971771,15.998589384382228,13.168852477314925,2284.9842814922526,5221153.166666667,740.8333333333334,2.139943536971771,95.29476673491146,63.02276422370991,5036.488822862128,25366219.66281514,3384.813918454894,9.777247246771175,95.29476673491146,63.02276422370991,5036.488822862128,25366219.66281514,3384.813918454894,9.777247246771175,18.090601129750443,17.708645769042583,2374.129446678738,5636490.6295870915,861.3850609797129,2.4881647614230435,20.77291047281523,23.785106176931826,2445.664945663195,5981277.026445758,1064.4642335942717,3.0747716855131673,61.81600377793449,57.176497887364164,2661.4244931077174,7083180.332513671,1486.9691501193577,4.295203629886605,53.80032374352495,67.01668403965371,3152.7445635038002,9939798.282702768,1692.3014419552687,4.888318830128485,68.46102653699589,109.63601974694342,2510.5181888197667,6302701.576394882,1444.9413452148438,4.173803680084322,92.67328214065171,169.05428132897242,3221.2642671695376,10376543.478943298,1969.3503073969669,5.688591850187865,55.10103394583693,69.22597316565533,2360.807788523493,5573413.414353184,1199.084710015191,3.463631372974594,47.09798520818851,52.104669455090715,2712.442988239517,7357346.9644497195,1235.1902121922346,3.567924379993111,48.8843269124455,35.35255254311438,2245.258248783347,5041184.603729662,975.5495673285591,2.8179360966484017,51.44250333479018,46.891818207278455,2242.3868331812587,5028298.709624674,1098.2241754324439,3.172289394415493,39.78976750551216,43.92209233545517,2445.580164027263,5980862.338683614,1103.0772840711807,3.1863079030305927,43.67989072758966,59.600467722209736,2689.4800144884794,7233302.748332952,1225.4650099703426,3.5398325235605155,32.78309464535387,43.7639115903145,2490.7309573998687,6203740.702150067,1092.8753187391494,3.1568388864591324,79.67720118135826,101.92903482860456,2866.1417337153534,8214768.437744852,1529.5105654864092,4.4180871757156535
monthly,M44256,6.592383428180301,6.21060082386649,379.81248151043053,144257.52111111113,281.8888888888889,1.3871734116340992,6.592383428180301,6.21060082386649,379.81248151043053,144257.52111111113,281.8888888888889,1.3871734116340992,3.385458516236864,3.349149933116239,164.97755136581415,27217.592454659843,151.24546268928304,0.7442779504358832,3.385458516236864,3.349149933116239,164.97755136581415,27217.592454659843,151.24546268928304,0.7442779504358832,3.034632365897831,3.0468962108478452,149.62840301127102,22388.65898770334,135.4679714288188,0.6666370172828487,2.877326198699808,2.908743210774107,152.12581280036275,23142.262920171008,128.2999371955334,0.6313631668615367,12.554616488549893,11.739856138492105,558.2266407240538,311616.9824140619,529.0923204210071,2.603659910402165,20.61800889327598,18.50144075477885,885.9097932794798,784836.1618284907,837.4113471652569,4.120895860660239,20.39061685469179,18.468876747803193,832.3826319674735,692860.8460010984,825.7683186848959,4.063600592292207,29.313919096801587,25.525319963781218,1152.6225844700994,1328538.8222305311,1144.3118390837228,5.63115121015196,20.38267338172273,18.462927503438326,838.5373098986169,703144.8200920089,828.6377983940973,4.077721283510359,33.52151721061439,28.473336190856855,1324.2834015705437,1753726.5276752498,1283.9694221932448,6.318405279605439,10.457621483554606,9.843311523466497,481.39763041841246,231743.67857246244,440.3795789930556,2.1671050796421234,24.587518828699668,21.66034153342443,1031.1924008746596,1063357.7676216448,979.8082887521452,4.821630295585785,19.962421934686095,18.811232136102692,909.5107096056022,827209.7308872861,843.8484836154514,4.1525729677855585,28.915093562999456,25.154054793237396,1154.3276373260376,1332472.2942947124,1131.582861169901,5.5685119915969805,2.7891388748239985,2.7209636316007546,178.90325985970472,32006.37638842904,124.81720920138893,0.6142246847721087,6.048470189379715,5.882188857929043,325.5548100546592,105985.93434972523,264.34973999822404,1.3008633725980732
monthly,M45128,35.46705068974194,36.28352031766181,2346.281040758379,5505034.722222222,1668.0555555555557,0.9042912043562592,35.46705068974194,36.28352031766181,2346.281040758379,5505034.722222222,1668.0555555555557,0.9042912043562592,13.850010584228048,13.997761365012662,919.2324772162042,844988.3471690393,663.361554379002,0.35962352508890927,13.850010584228048,13.997761365012662,919.2324772162042,844988.3471690393,663.361554379002,0.35962352508890927,37.6013092613794,29.821439502979725,1916.9894671753534,3674848.6172612454,1574.3934576227527,0.8535148311952471,30.657277100341513,25.73874203830083,1609.3217181364605,2589916.392465689,1350.6303047246045,0.732207689864797,21.02633125713015,23.667855044556635,1357.3963381118695,1842524.8187195128,1095.246554904514,0.5937582971400379,25.37568142872091,32.0102551616602,1651.0100218928865,2725834.0923907496,1352.3902675361778,0.7331618061022324,24.735051837690953,26.62414601261313,1463.8479184494513,2142850.7283487916,1223.7058648003472,0.6633990376235213,21.088609835510645,21.774443154876217,1185.376379783715,1405117.1617491464,991.7527915360012,0.537651952475334,26.534239159761253,26.737109444603863,1406.945785546308,1979496.4434665176,1220.9163140190972,0.6618867581150912,21.266880736057146,24.340376089068087,1557.2910468891268,2425155.4047210324,1074.595077274336,0.5825626570933189,21.38615635090063,18.51044517675573,1279.608456585233,1637397.802164442,936.7029079861111,0.5078081470162155,27.040366480337358,28.4205179640391,1455.0833602812488,2117267.585367371,1255.7612753639978,0.680777011473489,13.489769690032741,13.68186834849384,941.0386841359638,885553.8050403462,651.1779242621528,0.35301849954578385,20.134907878084686,21.29054292751082,1171.9344571395418,1373430.3718309524,965.3770420869342,0.5233530532836032,15.19116595498248,14.765236366414491,915.8621526865745,838803.4827236864,722.4772135416666,0.3916714808314359,17.198832279846123,19.854601477463373,1080.2382348413241,1166914.6440130998,849.307649482949,0.4604291713558219
monthly,M46417,28.914402136804608,24.380627994784273,1918.4375813249198,3680402.7534398083,1658.5298135000003,0.46328789246692414,28.914402136804608,24.380627994784273,1918.4375813249198,3680402.7534398083,1658.5298135000003,0.46328789246692414,8.24242041314574,8.480341795591476,690.2851932361314,476493.64800104324,545.450410302263,0.1523642017027597,8.24242041314574,8.480341795591476,690.2851932361314,476493.64800104324,545.450410302263,0.1523642017027597,21.283311345229794,26.32318929422747,2527.7603223029373,6389572.247009049,1722.849356125268,0.48125468757952633,84.91637572254702,100.74497279460704,9947.266462337868,98948110.07275172,6327.331677000022,1.7674546057091718,118.94156890829764,225.4509088070264,17997.57252408292,323912616.7596245,15069.792655460937,4.209542947273663,136.7634621585217,297.6918908462495,23336.537896657355,544594001.0021249,20236.83055373948,5.652885164401791,133.81358049364144,276.42782377519467,23198.32683835346,538162368.0990704,17398.72843125868,4.860099686427606,157.0051001917649,333.3018718391068,29555.61153549189,873534173.2369014,23188.28906209643,6.477335217038885,163.03182165906128,346.8797937668928,25298.330708604633,640005536.6419282,22630.21895842882,6.321445874518504,179.41315075646702,280.01583764188166,20625.424374510283,425408130.6286429,18614.998093587797,5.199848181718622,101.51922220744063,200.658852734845,18585.499714823283,345420799.6496964,14237.200053519966,3.9769694543541854,107.88861183062126,261.1542891333654,24320.297899098823,591476889.9009106,17698.035768804,4.943707146771434,88.74494109670437,59.35892833334383,4758.339236508027,22641792.28969179,3778.2916345616322,1.0554147138347285,101.02843159741519,150.40700346299946,12776.328227586317,163234562.97901893,10113.169962793168,2.8249773745910707,53.75574910148572,71.23764812942788,5366.504946598508,28799375.341866255,4853.661547118056,1.3558047679388756,86.74671182072356,184.22564893860252,13707.818851644606,187904297.66950324,12015.217034728788,3.3562885226676604
daily,D130,7.863146530036507,8.26856618638768,506.1643042690077,256202.30291612857,452.24741428571417,1.6488096769945357,7.863146530036507,8.26856618638768,506.1643042690077,256202.30291612857,452.24741428571417,1.6488096769945357,8.893216540774553,9.336705178560987,526.4976089750098,277199.7322564023,511.11972894620624,1.8634471498756113,8.893216540774553,9.336705178560987,526.4976089750098,277199.7322564023,511.11972894620624,1.8634471498756113,8.711964027644681,9.13709045073847,515.1388806341648,265368.06634102034,500.176226023118,1.823549180423858,9.077887085168935,9.538090873347238,536.6586219687642,288002.476533413,522.2584981500853,1.904057023747796,8.18407566167363,8.56232387529338,485.4369870239092,235649.068370851,468.81017806919635,1.709194422913121,9.309851389584532,9.79183340260206,549.737088703608,302210.8666963186,536.3495327630521,1.9554303063688143,2.2501871119868326,2.2957531587049567,169.37803826736913,28688.91984730236,124.64157539062509,0.45441992406853743,14.324342012273181,13.157271501892057,804.8191508345649,647733.8655500702,723.6916649340252,2.638444759685606,11.375309403326526,12.118600642322257,688.376434117805,473862.1150487447,663.901626171875,2.420461435989629,24.488901106514746,28.569425835858326,1697.3843617557907,2881113.671533113,1566.0213827308287,5.7094217206418145,7.139595128372367,7.4251074452663905,420.2715562329332,176628.18097845156,406.4455714843749,1.481824705384901,7.4566700813102935,7.774342986345966,443.5653378421225,196750.2089349963,425.2899977585243,1.5505279669553431,6.528259242554137,6.233579032355156,414.9683121788063,172198.70011252724,343.8325826450895,1.2535494325083971,12.030364038305876,11.251575745934325,661.9930094245977,438234.74452703557,618.0193155210036,2.25318309361699,8.813651991974714,9.250075945971277,522.185255118365,272677.440663032,506.35126344866063,1.8460622145317895,8.462049753495716,8.863769036066236,500.34139379399136,250341.51034371392,485.14981601687805,1.7687656936726799
daily,D147,6.983311614429981,7.309013535273519,43.783249895691505,1916.9729714285702,39.06714285714285,0.8073805422859484,6.983311614429981,7.309013535273519,43.783249895691505,1916.9729714285702,39.06714285714285,0.8073805422859484,6.394702657801512,6.681063283490474,40.94763821874075,1676.709075692878,35.622198131183374,0.7361856419790337,6.394702657801512,6.681063283490474,40.94763821874075,1676.709075692878,35.622198131183374,0.7361856419790337,5.638001239743031,5.86945874102684,36.71298361751082,1347.843166099618,31.241620992330557,0.6456545079561175,6.101075768245329,6.363133757339604,39.12538042713369,1530.7953935679363,33.917579663735616,0.7009571690991189,8.975677698595687,9.527130651834595,57.415406281989384,3296.528878525906,50.88652901785714,1.0516457152682563,8.210513743054697,8.667936350043444,52.133969631027696,2717.9507894889184,46.3020712904369,0.9569010860132707,7.903177485992556,7.502983330065736,48.87205738034172,2388.477992587414,41.74695486886161,0.8627628384307585,32.90696285591772,27.966022153541907,155.63881669257876,24223.44126146613,151.37977157400653,3.1284878577241044,3.7614296734942454,3.719817957916459,22.819345708240967,520.7225385522154,20.49539219447544,0.42356772607734466,8.202965639193248,7.82522510115089,45.753959468131505,2093.424807011421,42.515996320351334,0.8786562224546333,6.88411914668354,7.201221240964285,43.19278978218642,1865.617089168148,38.47635096958705,0.7951709502946127,6.2474103749261785,6.522029014978969,40.074008973860764,1605.926195237073,34.76670197178729,0.7185055429858085,7.4565552471455865,7.855409033776504,48.534681011687155,2355.6152609062256,41.85642124720982,0.8650251237541579,2.7669711476820535,2.8248508179964844,18.191693079985455,330.9376971163907,15.048567768302007,0.3110010079269742,8.43061828173318,8.8955453817777,52.6310061562165,2770.0228090156993,47.602903006417414,0.9837847058395689,9.232357836109282,9.819743735512205,59.32385462899811,3519.319728042501,52.44821328716783,1.083920240611616
daily,D334,3.317144387213174,3.3895556632498125,233.56508641673554,54552.649592857146,205.80357142857142,1.1613958355982736,3.317144387213174,3.3895556632498125,233.56508641673554,54552.649592857146,205.80357142857142,1.1613958355982736,1.7268221908919876,1.7376715103218432,128.7380998871506,16573.49836255397,105.9540097967964,0.5979223046945362,1.7268221908919876,1.7376715103218432,128.7380998871506,16573.49836255397,105.9540097967964,0.5979223046945362,1.5439779805453397,1.550505330850123,116.83042920060073,13649.34918719658,94.6727308917644,0.5342595108490262,1.560445483735361,1.5683409457483901,117.85036058814894,13888.70749075673,95.69116763669255,0.5400067784312623,5.8595262868544395,6.057812808900187,388.82556460327237,151185.31968905355,368.9325474330357,2.081969332364586,4.91807297312195,5.057987179062687,325.7059843371356,106084.38823302243,307.90155519693934,1.7375577182540227,4.555194407387405,4.680598221635191,308.38287089200696,95099.99505959624,284.8575962611607,1.6075154757509589,6.355561019285711,6.59325213872889,427.472560817559,182732.79025192166,401.8041693630429,2.267471287232854,7.9498241590696255,8.316221133464204,532.8145199215018,283891.31263918034,506.75254603794644,2.859718578069278,12.15885140925962,12.967324080964504,801.6539906965256,642649.1207996651,792.42403983401,4.4718270606426085,5.643324434263146,5.838497395157695,385.4068567205441,148538.44520721002,355.00038364955356,2.003346999007144,7.296451934487526,7.593363512454718,478.34786674951124,228816.68162380817,463.041496959596,2.6130472981840924,7.081263836519589,7.3729506445292,473.5467097785274,224246.48634206882,449.04935128348217,2.534086473517534,7.73303254185221,8.078347833848106,517.9683979166716,268291.26124036347,493.0000358312524,2.782110070246951,2.584795512217315,2.6306208237163116,185.6806707506451,34477.31149040947,159.55810546875,0.9004222712999529,4.845020876427942,4.983000029913569,324.72265596749156,105444.80329858187,304.08445280422285,1.7160169510448795
daily,D382,1.8581638692136668,1.8410192414038722,152.16936133325734,23155.514528571435,125.67,0.7498438058273008,1.8581638692136668,1.8410192414038722,152.16936133325734,23155.514528571435,125.67,0.7498438058273008,2.1885591387223213,2.1582878000148114,167.50962066988552,28059.473016968936,147.63608414283064,0.8809103462329891,2.1885591387223213,2.1582878000148114,167.50962066988552,28059.473016968936,147.63608414283064,0.8809103462329891,2.1654289364227033,2.1360449773840777,165.0641141430267,27246.16177782215,146.0954800400239,0.8717179180980185,2.2141973492362728,2.1834620862027356,168.7876704602506,28489.27769939816,149.33722523724555,0.8910606614433441,2.0474039922433076,2.0228925984962487,152.64041297620193,23299.09567354548,138.1885728236607,0.8245392326564563,2.53718577511477,2.5015236298283106,183.5431580595772,33688.09087048294,170.77630550555392,1.0189826916957936,5.597007319379897,5.438758306487108,378.4475096255767,143222.51754180095,370.67361049107143,2.2117236477311333,12.811669339235351,11.964017961755948,857.5307846381529,735359.0466021261,815.6916083228682,4.867043048987122,2.0368095259089642,2.0106625063170878,157.180465865934,24705.69884983204,137.4026841517857,0.8198500168318735,1.1521033174488393,1.143600287672587,99.09564246946364,9819.946356435767,77.88043462495891,0.4646945293121945,3.7062304504885626,3.6201383937506835,280.81647538711564,78857.89284884253,247.38737304687498,1.476103201393228,4.269675257249194,4.16790823571863,304.30602250023304,92602.15532991233,284.3253370676228,1.696503484044851,1.7550769798572896,1.7331187103721803,142.63651455882044,20345.175285488593,118.52562639508928,0.7072149819699095,2.0256201027671903,2.0389884570144066,171.5680508534313,29435.596073645585,138.8431841444632,0.8284451469090877,4.587762862550586,4.460127771843,340.88196724635156,116200.51559374269,304.81172433035715,1.8187410156175465,8.194468812734303,7.7732341884455005,610.3525271075313,372530.2073465497,531.2188497698601,3.169659935057158
daily,D481,2.0047637971611865,2.0303066607244133,265.2181676065415,70340.67642857153,237.09285714285735,1.4068331211969765,2.0047637971611865,2.0303066607244133,265.2181676065415,70340.67642857153,237.09285714285735,1.4068331211969765,1.7887792667510525,1.8088223999576853,236.14262629524734,55763.33995361684,211.03962573066252,1.252241585599594,1.7887792667510525,1.8088223999576853,236.14262629524734,55763.33995361684,211.03962573066252,1.252241585599594,1.575576501038645,1.5911567899133054,208.82227634124132,43606.743096337756,185.63863882344216,1.101520260112185,1.784330625120651,1.804221870803463,235.28073348639373,55357.023549895435,210.50876635800992,1.249091636009609,1.7629386653960348,1.7832056568178674,237.99456851330174,56641.41464183268,207.9916015625001,1.23415558585395,1.6647825644901575,1.6825917846572718,223.28934253702278,49858.130490615884,196.26503527040455,1.1645738951339641,4.094048705313552,4.189001322328355,514.4317195462795,264639.994075342,489.55972377232166,2.904890693488754,11.192120644794779,12.064120825146048,1605.098523162917,2576341.2690597773,1408.7554021479602,8.359103615731271,4.64414574731294,4.763810113171271,578.4688476605306,334626.2077137022,556.9760184151788,3.3049174060387614,5.886171356343988,6.095579877109288,768.737759070393,590957.7422205698,712.0430426028645,4.225035490833037,2.0520417259422543,2.078488688166457,271.6390133409964,73787.75356887004,242.50799386160725,1.4389648091084222,2.306435458995695,2.3400288896668733,305.9497221478679,93605.23248235756,273.029188945765,1.620067810946371,2.3305484200898476,2.3647379653394704,307.9403796468997,94827.27741707672,275.9226143973215,1.6372364713945067,2.4562843162886767,2.4923607254573565,316.50829254410843,100177.49924918692,291.00455369705844,1.7267278714916752,2.0338311548768537,2.059648893296486,267.61727522972035,71619.0060013799,240.32349330357152,1.4260026820525817,2.1067189127836867,2.1346411150955906,278.2781134910573,77438.70844814177,249.06126285127604,1.477849809600968
daily,D906,2.4217541184119007,2.3823962529882228,31.736737837582343,1007.2205285714308,26.824285714285743,0.5873757532917068,2.4217541184119007,2.3823962529882228,31.736737837582343,1007.2205285714308,26.824285714285743,0.5873757532917068,3.951404712554579,3.8668825767667494,45.88620571846636,2105.5438752374143,43.50128984815711,0.9525548290784199,3.951404712554579,3.8668825767667494,45.88620571846636,2105.5438752374143,43.50128984815711,0.9525548290784199,3.9030838297025174,3.8203124808271087,45.416652624962666,2062.6723356565285,42.98023750820538,0.9411452611240881,3.9263454476732114,3.8426551805633,45.66364206849983,2085.1682069600674,43.230863388588155,0.9466332568475243,3.374599936866151,3.3137779001825227,38.97301693826896,1518.8960492705994,37.25931884765623,0.8158733734193194,3.812627091421197,3.7357819569111146,43.749568411252746,1914.0247361708844,42.001647395856175,0.9197169140460965,4.051381494936691,3.9667270970961392,45.84590553895021,2101.8470546863455,44.56254150390623,0.97579322943574,12.570221681016951,11.642246021441474,147.39648846340822,21725.72481134363,131.14919509791557,2.8717952859864386,1.9085470723143743,1.8802090551433706,26.828321882096716,719.7588550093895,21.263628976004448,0.4656131470015004,2.3576339972114195,2.3135211546209975,33.38103780722388,1114.2936850873102,26.160141556284252,0.5728328804914571,3.117958938602671,3.0653588038364394,36.28878905158032,1316.876210830096,34.47956856863838,0.7550047288077915,2.8414152416506586,2.7980253363889833,32.97356137912501,1087.2557500229245,31.460030081280202,0.688885402742727,2.4730730874424416,2.4403604715586598,28.626502959958245,819.4766717164982,27.417460937499982,0.6003646077678535,1.9641906467075694,1.942300502416475,23.393661459531877,547.2633964831872,21.798529765904796,0.4773259567199236,3.5965855482370945,3.5263213032589813,41.88587489758092,1754.4265159357994,39.671271275111586,0.8686882885701019,3.7108189519280357,3.6365299149176398,43.048476111160674,1853.1712954931713,40.905407257850015,0.8957123651940445
daily,D989,1.608996442348564,1.6079512791292752,25.490075659810362,649.7439571428566,22.61714285714285,0.8617047080461773,1.608996442348564,1.6079512791292752,25.490075659810362,649.7439571428566,22.61714285714285,0.8617047080461773,1.3840652458582405,1.382478220683799,21.16750424521149,448.06323597104637,19.466433148461324,0.7416638431674273,1.3840652458582405,1.382478220683799,21.16750424521149,448.06323597104637,19.466433148461324,0.7416638431674273,1.394997811129038,1.3916326514683606,21.374009881578868,456.848298417831,19.622491037771965,0.747609590550115,1.194840873765962,1.1945488482972788,18.6948276354116,349.4965803177492,16.805359425704264,0.6402779267481241,1.459835862688393,1.460378989240509,22.56049701231322,508.9760254425938,20.52921526227679,0.7821554453510705,1.3512027833419615,1.3516029551523738,20.946759708953923,438.76674230465545,19.001877072403772,0.7239644299206376,4.147446347171597,4.25268146708482,64.76449454583933,4194.439753778052,59.53318394252233,2.268192105973687,2.9951219184913387,3.0532933907079514,47.93586089992948,2297.8467602173882,42.69413663572119,1.6266306835192914,4.474976822106569,4.579719374188897,65.11503013704957,4239.967149748873,64.46529541015626,2.4561037135146226,2.1736223346160486,2.220570275694831,42.85246252700276,1836.3335446281758,30.818800678417364,1.1741848123200027,3.3310715255123005,3.39265057654091,49.55834985609882,2456.0300404594905,47.63114536830358,1.8147288750283828,3.6360359559386843,3.7074277987657664,53.53841718838653,2866.3621150377226,52.122972198686476,1.9858658020892948,3.1819244679835474,3.239598603524814,47.97476106877026,2301.577699605595,45.477493722098224,1.7326755504883002,6.409295459765528,6.639086784125683,97.66521847051119,9538.49489889268,93.71964540533733,3.5706835382477418,4.805593516802338,4.651493281097942,78.12708479076687,6103.8413779036755,66.1704268973214,2.52106858726586,1.6740397664601705,1.6587434058972543,26.676827357560487,711.6531178650877,23.534109996076364,0.8966408140668853
daily,D1031,1.6532293288310878,1.6342881614729168,31.75168611945779,1008.1695714285686,24.399999999999945,0.6040287918233699,1.6532293288310878,1.6342881614729168,31.75168611945779,1008.1695714285686,24.399999999999945,0.6040287918233699,1.329657195727342,1.3163980683979744,25.342455541644473,642.2400528802266,19.694204355582137,0.4875355107715104,1.329657195727342,1.3163980683979744,25.342455541644473,642.2400528802266,19.694204355582137,0.4875355107715104,1.33139170769639,1.3179997129788168,25.4144719421977,645.8953841007541,19.719600520726235,0.4881641999087619,1.357030257232207,1.3428515527751412,26.068792574099888,679.5819462714454,20.095394437565442,0.4974670829236373,2.286716016800596,2.2483045522835985,41.431425677456474,1716.5630336665997,33.619563337053556,0.8322616485290888,1.9171137407400285,1.8878869318681453,36.28333576054361,1316.4804539123427,28.262324251499113,0.6996417037603843,1.8974238637423861,1.8694858545409694,35.359284466601586,1250.2789979900522,27.97693847656249,0.6925768994637226,7.488648682263076,7.138327934221049,121.99829624478716,14883.584286630849,106.45555364000676,2.6353368626254663,2.2952100206406247,2.256632784592044,43.209128983274155,1867.0288274932225,33.74591622488838,0.835389549438198,2.3915926740201394,2.351105283878698,43.37423903180115,1881.3246115878226,35.1198654181458,0.869402044160738,3.1870586546143143,3.105988214735729,59.73674433972292,3568.4786243094177,46.49281075613838,1.1509424717009389,4.254804679595669,4.127972775669683,74.36302629339566,5529.859679512256,61.68140580413634,1.5269403699114572,1.9326090981021604,1.9085378679185743,34.80950227441543,1211.701448592533,28.509457310267845,0.7057595514205355,6.109056539291678,6.367504410077625,109.83107857278208,12062.86582046063,94.85419161624311,2.3481419164484376,1.2067575297791437,1.1960246208202856,23.240975290419925,540.1429324499095,17.89010742187499,0.4428745890010442,1.1951571103603622,1.184704281951122,22.969237183406985,527.5858567876061,17.71957493899637,0.4386530099190846
daily,D1168,3.9213706179614114,3.8300351569870648,54.76848181207868,2999.5865999999937,49.5328571428571,1.1368951817094346,3.9213706179614114,3.8300351569870648,54.76848181207868,2999.5865999999937,49.5328571428571,1.1368951817094346,2.410697628254413,2.3705278946745625,36.628129004426356,1341.6198343648994,30.764393125464363,0.7061149372361413,2.410697628254413,2.3705278946745625,36.628129004426356,1341.6198343648994,30.764393125464363,0.7061149372361413,2.530213020849716,2.486852516080655,38.02767294379444,1446.1039095201959,32.26240103466029,0.7404977302419162,2.6747417776722933,2.626657063327765,40.02324058280628,1601.8597867491917,34.07201221700161,0.7820325487975632,3.2534877411390704,3.1865003159187157,47.127759042262156,2221.0256723455227,41.28809465680802,0.9476585560551927,3.140028134945066,3.0796093268664393,44.76133981073014,2003.577541651655,39.88022240908386,0.9153445877677638,4.194196464483578,4.086250312390579,59.61357932499141,3553.7788399370434,52.918762207031236,1.2146096398535124,2.280024159818434,2.300145710546265,33.46086462546408,1119.6294614836336,29.536223634251865,0.6779255684530128,1.520871074761076,1.528022781450442,21.064274343585243,443.70365362182355,19.565623604910716,0.44907692563361623,6.046643101011852,6.25532029717241,84.52237504053298,7144.031882492512,80.41050523950436,1.8456095860159112,1.7223846927233197,1.698026890048853,28.749336810571037,826.5243670476548,22.095032435825892,0.5071327875062126,1.0244567881165618,1.0252665400948646,15.815750147480223,250.13795272752068,13.180700342559362,0.30252796982401736,2.2492555133833245,2.215228576004717,33.721880344604784,1137.1652139758423,28.733738490513378,0.6595066532937597,1.1912892643141997,1.1977097447467044,17.873244323093513,319.4528626329945,15.333632418858542,0.3519428076766566,2.098287203995685,2.0665750360298665,32.58682699530757,1061.901293622106,26.836975097656232,0.6159714872127314,2.1472680287951906,2.1138983904565403,33.42207186628312,1117.0348878349935,27.45416862177462,0.6301375253584565
daily,D1282,3.3773945786205983,3.333170466554214,346.49622240777325,120059.63214285707,300.50714285714275,1.5318489683868335,3.3773945786205983,3.333170466554214,346.49622240777325,120059.63214285707,300.50714285714275,1.5318489683868335,4.642995357298176,4.494741814698361,491.5837700847963,241654.60301078187,409.62009555902387,2.0880572582958568,4.642995357298176,4.494741814698361,491.5837700847963,241654.60301078187,409.62009555902387,2.0880572582958568,4.358956472448833,4.223816481949029,470.0198098347502,220918.62163709477,385.34364176174375,1.9643069196121177,4.567314073235629,4.4221753152305965,486.6280011598556,236806.81151283643,403.1606490386708,2.0551299328603454,2.9863254446825604,2.9182234837509875,341.54374761540157,116652.13153517312,266.7868722098215,1.359958339386445,3.1886280080978566,3.1068665996224323,371.8267936637424,138255.16448625928,284.4195476999149,1.4498417128816297,4.450087736429105,4.3113018499269025,475.9791801411166,226556.17992780954,393.0072823660713,2.0033726797208797,4.125570871857312,4.014597063277436,425.236733974024,180826.27992089486,364.7816534120848,1.8594912392195193,2.7233836542759744,2.7066291598506518,270.232751349703,73025.7399020304,243.36926618303576,1.2405860166750535,6.452783105254939,6.722355404440764,670.6187406860817,449729.49535938597,600.0912319922634,3.0589926280132778,3.493774024728432,3.397744902702874,398.5222840954544,158820.01092065807,310.89962332589283,1.584825115088954,3.397530026639838,3.305806960419137,389.71082359049785,151874.52602358413,302.4977578006519,1.5419962195259505,5.117602084515674,4.948412524384517,523.9678789073657,274542.33812668384,450.01648995535703,2.2939797348607085,8.257713919459258,7.836760788162513,815.1712488393368,664504.1649342839,711.2999354591545,3.625884103742289,4.536377109379919,4.392119135984611,485.13037827161577,235351.48392196101,400.5216517857142,2.0416775231070137,4.774653048623618,4.616783118211403,506.9584179806084,257006.83756140122,420.8537237463028,2.1453211941421504
daily,D1466,5.609259399970306,5.4468631291414455,882.8036551642887,779342.2935714284,855.05,3.9761469355714176,5.609259399970306,5.4468631291414455,882.8036551642887,779342.2935714284,855.05,3.9761469355714176,2.7974006813870167,2.7507462947498436,478.74119205035606,229193.1289657959,433.6306813929349,2.0164660604529137,2.7974006813870167,2.7507462947498436,478.74119205035606,229193.1289657959,433.6306813929349,2.0164660604529137,2.8311426106743207,2.7834682650883797,483.87463069482675,234134.65823005498,438.76741512178523,2.0403528601427734,2.80835247427412,2.761869356472748,477.80652615291257,228299.07643431393,435.28871789488807,2.024176249045752,4.487588124632936,4.381363505776955,717.7442192389593,515156.7642509434,688.9337472098215,3.203674414104515,4.014563714637802,3.9277080352969174,650.1778833372952,422731.2799809654,617.9462107392607,2.873568717828058,5.204076617475965,5.062642888460426,826.6451605809675,683342.2215119336,795.9950613839286,3.7015301140888726,4.896596554171367,4.769655565834432,784.0064021959819,614666.0386842877,750.0967054969475,3.4880939324529607,3.5979874356240567,3.5237227245418277,602.3450424817827,362819.5502023806,555.1107142857144,2.581371575358171,5.496360123698168,5.28927632270938,992.4015511758965,984860.8387763256,833.797253084911,3.8773175752779774,4.05394084672215,3.9658507019712874,654.7033337323456,428636.4552002472,623.8680385044644,2.901106355769227,4.973728071447012,4.8404058667362895,803.3048137088338,645298.6237277841,761.632777577927,3.5417388861437593,3.7788125788259124,3.697992245364677,627.9623748107786,394336.74417799275,582.4293526785715,2.70840849756125,4.463886832674207,4.349268816052774,746.2551732573633,556896.7836133773,685.2229228286975,3.18641836709972,2.882843042008417,2.833407209410054,492.66552941629993,242719.32387504308,446.6477539062501,2.076997950966836,2.8441935391112114,2.7962821802139013,485.0367545699832,235260.6532837821,440.75683115399414,2.04960402727925
daily,D1726,3.0728407451661393,3.014672186884219,147.6518588727261,21801.071428571428,131.5,2.0644648239594687,3.0728407451661393,3.014672186884219,147.6518588727261,21801.071428571428,131.5,2.0644648239594687,2.0471294752293923,2.0198858623681204,102.57448274548682,10521.524510504174,88.3751804813215,1.3874330906065222,2.0471294752293923,2.0198858623681204,102.57448274548682,10521.524510504174,88.3751804813215,1.3874330906065222,2.0805457623113557,2.0528018591336874,103.58038529706728,10728.896218288912,89.79768259892327,1.4097654524604897,2.104732920272616,2.076413063558775,104.59634896424478,10940.396216650071,90.8272054578706,1.4259282944966796,2.486679927706977,2.445862609621738,124.21146247161019,15428.487409336227,107.02479771205357,1.6802200012769006,1.9700346341125137,1.9438574434118894,100.08079644864075,10016.165817794265,85.09081331307354,1.3358706534368243,2.305970336599794,2.2881752210053894,107.73751354895873,11607.371825712067,99.58311244419643,1.5633903627486234,1.4582741815691307,1.4685671898604735,71.66819541401028,5136.330233900765,63.58980951339858,0.9983188205528103,1.7798592961724642,1.7715739468884248,83.08995672472791,6903.9409085171565,77.02228655133929,1.209200009476551,1.1199871267340724,1.1303417188656422,62.67366787338927,3927.9886447039066,48.89583056729498,0.7676328687791836,1.7892690524764672,1.7674386722190731,92.3285636315953,8524.563662273544,77.37510463169643,1.2147390248085221,1.6490215011770564,1.6319029885329386,82.53457065405796,6811.955353049686,71.35680545356023,1.120255625923911,1.9842317624952006,1.9664460201067686,95.69927443091049,9158.351126602718,85.73542131696429,1.3459905815681945,2.224232325451323,2.2606542852841147,118.9098346881595,14139.548785565423,98.25839930611203,1.5425932245325609,2.024772449861476,1.998432182021665,100.76420018456919,10153.424038835934,87.41779436383929,1.3724027486864527,2.655187107705574,2.6088845709003565,132.73502665134964,17618.5873001345,114.16601196146341,1.7923324394386098
daily,D1843,1.4776081307959967,1.4946269891537645,125.7909263136938,15823.357142857143,101.35714285714286,0.9689572657692697,1.4776081307959967,1.4946269891537645,125.7909263136938,15823.357142857143,101.35714285714286,0.9689572657692697,1.4897573399590625,1.5025972938913121,109.02896689810488,11887.315622868051,101.91429654444035,0.9742835614622919,1.4897573399590625,1.5025972938913121,109.02896689810488,11887.315622868051,101.91429654444035,0.9742835614622919,1.5093814183885441,1.5225662757677056,110.50396694146177,12211.126709799677,103.27357131273973,0.9872779999970963,1.5439062198357238,1.5575981572014086,112.63100761578855,12685.743876547818,105.66046656115233,1.0100963177632087,2.2060141041808645,2.2379528260103454,173.34736258902888,30049.308116572243,151.84493582589286,1.4516120886136314,1.8866098817999155,1.906189265084035,134.8633727350427,18188.129305471062,129.37503252195145,1.2368035861859943,1.5496978414798537,1.5497166209884774,125.72571812743112,15806.956198658261,105.16343470982143,1.0053447767263366,4.782377960042784,4.664154260585001,326.34882337176236,106503.55451613376,317.1656707754706,3.0320505539863767,6.925207555074412,6.685037848885557,463.5541265612331,214882.42825194768,454.96519252232144,4.349390842517725,12.102459059461147,11.297055724291367,833.0905746682984,694039.9056011556,769.6004425163309,7.357250998742928,2.4484568306124728,2.4857707994986264,191.88720342202865,36820.698837127005,168.77012416294642,1.6134140470292895,1.1651653803796655,1.17442458831467,92.60942676651733,8576.505926022937,79.55046162339848,0.7604890549641153,1.145786151327111,1.1548893793787758,94.43416487890912,8917.811496376991,78.56748744419643,0.7510919868724877,7.968553005417977,7.606351017396692,566.4335030409835,320846.9133672799,518.309765276532,4.95495432119383,4.1975664309849625,4.296118543276523,305.79162040134906,93508.51510768278,292.199951171875,2.793382466832838,2.5628953450789993,2.5975502811956064,180.09002615422756,32432.41752023037,176.53000542249063,1.6875972088271685
daily,D1847,3.2560333669669017,3.3363252210337193,151.4675236289473,22942.410714285714,125.17857142857143,1.527962070227356,3.2560333669669017,3.3363252210337193,151.4675236289473,22942.410714285714,125.17857142857143,1.527962070227356,2.4472250309504453,2.503723758020968,126.01603895481183,15880.042073860654,93.20994985773716,1.1377447938977607,2.4472250309504453,2.503723758020968,126.01603895481183,15880.042073860654,93.20994985773716,1.1377447938977607,2.4678441469262147,2.524824941931569,126.59769595110637,16026.976620128775,94.02024991416945,1.147635526293905,2.4198251611113606,2.475106169645387,124.67032256106141,15542.689327479098,92.15180039528188,1.124828747446586,1.5479985064129227,1.53433029839892,69.86994362736002,4881.809022490467,58.79127720424107,0.7176215593701772,1.6555046072645414,1.6369979284956906,76.08013569521611,5788.187047402496,62.87497542391644,0.7674682377170333,1.9750163145807587,1.950905796878675,87.65594746773262,7683.5651264659,75.08208356584821,0.9164713619352894,3.122648638584211,3.0806603948666735,131.82081679239144,17376.727739813232,117.69006438008758,1.4365554133041096,2.356115054443866,2.338097286372418,93.317904040538,8708.231214519057,89.38872419084821,1.0911019235234396,3.06084850583493,3.0106172351615843,132.86659424034374,17653.531865028144,115.6493893566653,1.4116464053336137,1.3896091168741798,1.39545457670113,61.259724229296204,3752.7538126494205,52.523280552455354,0.641112768520894,1.432481098256126,1.420888871236979,65.24258731817969,4256.5951999703,54.28383710680704,0.6626025778935352,2.5256619099612294,2.4864977417716387,109.38582700731874,11965.25915007506,95.51749093191964,1.1659112380151901,2.574853077120066,2.5266774873363502,119.9140798961841,14379.386557348425,97.44262133234595,1.1894098783856908,1.827269857073019,1.8520187142253322,84.13056288058165,7077.951610603503,69.44219098772321,0.8476293721187732,1.4434423699901162,1.4603837842239356,70.80020786919486,5012.669434321203,54.56387532113883,0.666020796881258
daily,D1981,2.681818508169727,2.62425403207329,74.54433005170242,5556.857142857143,58.42857142857143,1.3905091119742454,2.681818508169727,2.62425403207329,74.54433005170242,5556.857142857143,58.42857142857143,1.3905091119742454,1.5153614740959245,1.502129369347961,36.18910557649363,1309.6513624266026,33.437800520155825,0.7957676385173028,1.5153614740959245,1.502129369347961,36.18910557649363,1309.6513624266026,33.437800520155825,0.7957676385173028,1.5162459124678607,1.5028715773486678,36.36925717135484,1322.7228671961454,33.45660944901014,0.7962152617659795,1.5414533947541262,1.5276284813507184,36.92640779340312,1363.5595925247028,34.00790777465987,0.8093353043494139,3.613334857132291,3.546173259677961,80.6620621019969,6506.3682625464035,78.77849469866071,1.8748056306667908,1.8732292402312174,1.853115405652291,44.38362491247903,1969.906160371629,41.21481782496286,0.9808485529041218,7.2858788050234535,7.026351274632588,157.18216309914766,24706.23239652706,156.06111363002233,3.714011744967626,9.44842465639326,8.998196461367208,205.01707725157624,42032.00196477878,199.56768983326387,4.749400582351158,7.397071840619053,7.12497365576991,160.90633702655145,25890.84929530216,158.31214250837053,3.767582730705089,7.359375663792145,7.078985807069098,162.83015153682754,26513.658249506225,157.13472572626895,3.7395620428108947,1.8000605954507893,1.780393514101526,45.93482597027152,2110.0082369191305,39.619070870535715,0.9428722576382228,2.6254111461581195,2.585946185997083,62.03954707613684,3848.905401412199,57.502698385851936,1.3684747737907992,3.295808261983166,3.2333215257132073,79.10862725547258,6258.1749062453,71.91196986607143,1.7113930208105812,4.226676768314343,4.1381488670302,92.43439417590282,8544.117226666178,91.87068829430048,2.1863794728019394,1.9780143486490789,1.9566889449439022,45.723451471865495,2090.634014500039,43.525059291294646,1.0358287061279987,1.56096981741807,1.5471335592160187,36.89716286955987,1361.4006278228276,34.42951971525498,0.8193690127010094
daily,D2332,2.5357039385380418,2.492990836384683,216.80206426045527,47003.13506759458,185.65278031428574,1.7256713444030058,2.5357039385380418,2.492990836384683,216.80206426045527,47003.13506759458,185.65278031428574,1.7256713444030058,1.6175130354575376,1.5956014468050055,156.0969064628846,24366.24420728254,119.26469690899194,1.108583827865896,1.6175130354575376,1.5956014468050055,156.0969064628846,24366.24420728254,119.26469690899194,1.108583827865896,1.7393663318428911,1.7150000892928814,164.50635587390929,27062.341122913283,128.1188335486788,1.1908843991402416,1.5815222538407954,1.5601961055137932,154.03453351348256,23726.63751471618,116.64175675207467,1.0842031929019942,2.093370009247143,2.061806372305563,186.86877120697824,34919.93765240598,153.7371957080356,1.4290110428355345,2.0395495285417997,2.0091518305498406,183.40310786114105,33636.69997312534,149.87180450070895,1.3930816329441293,1.3770402019280872,1.3695266811665667,128.4056006076269,16487.99826740539,101.93841735669646,0.9475333761683982,1.3055173849943025,1.3109235764112601,132.81874128894862,17640.818037580666,96.8812338505495,0.9005260722908499,2.612254724498219,2.565892568289802,225.8671500074832,51015.96945250291,191.17197528392848,1.7769731163838094,1.962717581905199,1.9360022162728716,172.00637187333194,29586.19196502696,144.299618447878,1.341287300638552,2.489291929389123,2.4479713992349708,213.35493106534517,45520.326609898184,182.35344152276775,1.6950034793790543,2.0740289054350174,2.046129469364299,175.50800249729429,30803.05894059026,152.31151952541768,1.4157591619287322,2.1261045161241743,2.0947195287936595,186.2756932485562,34698.6338952302,156.14309693571417,1.45137426734012,2.522215059930908,2.467994725948279,244.230550330645,59648.56171480972,184.4173339674981,1.7141876792804602,1.6062315868603108,1.5844389392043048,155.68250615533486,24237.04272280588,118.44513376607132,1.1009658615296376,1.6141059035660963,1.592147221167948,156.2687267402722,24419.914957025863,119.01800086833438,1.106290749963051
daily,D2356,1.701794209007751,1.6815500779755237,266.10368816899745,70811.17285714303,219.21428571428598,0.9107738506043727,1.701794209007751,1.6815500779755237,266.10368816899745,70811.17285714303,219.21428571428598,0.9107738506043727,1.4354873094469862,1.422438633227292,217.69057346806133,47389.18577685341,185.3665246492058,0.7701459002902257,1.4354873094469862,1.422438633227292,217.69057346806133,47389.18577685341,185.3665246492058,0.7701459002902257,1.4414278286890048,1.4283802436845932,218.01763974857369,47531.69124153886,186.12560447235916,0.7732996639749088,1.4417983835973511,1.4286396627661777,219.16643654885652,48033.92690952395,186.17561315744817,0.773507436030155,1.74059722394744,1.7194574517234347,270.32237892829096,73074.18854945053,224.27265625000004,0.9317899609166386,2.1110293864295118,2.0824145943407144,315.16703362190896,99330.2590820335,271.3999303571257,1.1275905619914133,2.9821054032978016,2.927934579647491,425.24408360718934,180832.53064291825,381.13593750000007,1.5835128822444282,4.722023049189766,4.85193798277259,672.4197831700135,452148.3647984079,629.1295622570434,2.613856811744041,1.436602695213235,1.4287787909887677,214.4800127985139,46001.67589005069,185.58861607142873,0.7710686278357645,1.3607617905256888,1.376639585419309,229.0754755800784,52475.5735122391,176.3848033932358,0.7328293685381994,2.0544228546385885,2.0266115736527324,308.8907452489555,95413.49250045512,264.2078543526786,1.0977095041257456,1.4549941150630574,1.4417562131323196,222.66567029573542,49580.00072824916,187.86373219143675,0.7805210969686042,1.5613369161746473,1.5452135591987362,242.01297102510958,58570.27814440052,201.4545758928572,0.8369872392666388,1.4773570158393856,1.4626064700143369,230.00044261161264,52900.203601537716,190.7257833747617,0.7924121166089076,2.0709081597270975,2.0420503806791728,315.2223003345323,99365.09862819407,266.29811662946435,1.106393957405777,1.5161485884626469,1.5017153589908654,226.85805330257764,51464.576348235154,195.67602650405894,0.8129789878856004
daily,D2377,3.563295846207733,3.644885656710707,179.0976270082883,32075.95999999996,151.9857142857141,0.8194597076374407,3.563295846207733,3.644885656710707,179.0976270082883,32075.95999999996,151.9857142857141,0.8194597076374407,1.1190241687879343,1.1130006872438787,56.28433513450326,3167.926381533078,46.67861983743991,0.2516766022693435,1.1190241687879343,1.1130006872438787,56.28433513450326,3167.926381533078,46.67861983743991,0.2516766022693435,1.527298868396738,1.512033239556648,77.5380850442249,6012.154632325453,63.46611224440234,0.34218954083351916,2.5000410274401634,2.4609472596138158,116.73142238937977,13626.224973047794,103.2574458355009,0.5567320374379545,1.7457137303911574,1.7672158469020933,88.68906981857467,7865.751105284012,73.30132533482148,0.39521795130949217,1.0790893880773402,1.0867488841987996,58.85273301046001,3463.6441828004886,45.047793915397634,0.24288369604414353,0.813343629510249,0.8101516349948894,46.74324286609864,2184.930753639081,33.930782645089366,0.182944228389681,1.2390760445984033,1.2305961183841074,72.00467321188528,5184.672964350389,51.64483306740073,0.2784528796360342,3.8847301020432745,3.9687656590423344,172.06577455313274,29606.6307725695,165.1355817522321,0.8903597037339608,8.116338982113477,8.497348733198393,371.8042313117021,138238.38642128566,353.89465944034976,1.9080899512323406,0.9787639692421672,0.9790772782097082,48.919844093008315,2393.1511460842407,40.852225167410715,0.2202624940729178,1.039359733020211,1.0337530209314205,50.76294963460761,2576.877055605709,43.36947970135576,0.2338347477161638,2.0845253421501018,2.0493740529463604,110.75128019904925,12265.84606572832,86.10440848214292,0.46424819419823465,1.2659924617899367,1.2778273403147162,66.93168950949872,4479.851060595941,52.915281871953276,0.28530274451208343,1.12497500984578,1.1187714842606373,56.58227885609999,3201.5542805494597,46.92546037946431,0.25300748971064696,1.1068158882026147,1.101102483663858,55.77605205162306,3110.9679824653654,46.1720668526973,0.2489454261010379
daily,D2381,0.6003177444738507,0.5991488122243814,115.66065820815179,13377.387857142909,98.65000000000016,0.5133571845015804,0.6003177444738507,0.5991488122243814,115.66065820815179,13377.387857142909,98.65000000000016,0.5133571845015804,0.4421148603637121,0.44222003453919195,92.54252652105552,8564.119214900265,72.85462504847861,0.3791226071242294,0.4421148603637121,0.44222003453919195,92.54252652105552,8564.119214900265,72.85462504847861,0.3791226071242294,0.40774533219932196,0.4075219612807099,90.26580369601821,8147.915316888094,67.18903615064872,0.3496398826930752,0.42549740721824186,0.4257363693548605,90.62978147487388,8213.757290183394,70.12120500890705,0.3648983717914909,0.569556193236944,0.5686385134470356,117.94765788952294,13911.650001623942,93.79645647321429,0.4881002008242701,0.5467456145879989,0.5447560978303312,118.08676557333978,13944.484203572903,89.99039681810869,0.4682941382942137,0.9651155003155243,0.9701588295242295,165.4969505828942,27389.24065223692,159.59601004464275,0.8305094614719069,5.07138342830867,5.227758637696368,934.336587167833,872984.8581204338,859.7452366887776,4.473962433808363,1.2439047106806778,1.2528351142653062,220.29798759472396,48531.20333828515,205.96710379464275,1.0718164470751383,2.207952316532632,2.236581439879084,395.7564929218324,156623.20168978837,367.71505598595286,1.9135242355782003,0.5793864550509764,0.5770032386134774,115.4716872167204,13333.710548676108,95.33798828124989,0.4961220602139587,0.6302527596217321,0.6276228165003207,120.4396422387585,14505.707422600139,103.66877039811814,0.5394739796484401,0.9873301698624463,0.9818223246667189,172.84607941449124,29875.767168960618,161.9750000000001,0.8428893052168617,3.6569288340613175,3.583014496293414,625.5994251456215,391374.640742532,589.6995726160392,3.068692471362946,0.4494934385528033,0.44968959313316664,92.56225450870478,8567.77095973424,74.07215401785705,0.3854584129404405,0.45732872871256536,0.45757334060319554,93.83772652121982,8805.518918671241,75.36483231718947,0.3921852826030009
daily,D2418,3.1399023701478326,3.085369879325339,409.78628314908593,167924.7978571428,386.20714285714286,2.809454553997586,3.1399023701478326,3.085369879325339,409.78628314908593,167924.7978571428,386.20714285714286,2.809454553997586,1.563210995956672,1.5498872290519972,203.8480554637562,41554.02971635462,194.17742844523102,1.4125390239889635,1.563210995956672,1.5498872290519972,203.8480554637562,41554.02971635462,194.17742844523102,1.4125390239889635,1.6053908260263077,1.5913825031195035,208.98832650886015,43676.120616973945,199.37021339519455,1.4503138129731268,1.4826531914098005,1.4705575524314025,194.27496131681792,37742.7605946511,184.24949697697488,1.3403185257637782,2.2951343398648634,2.267887758360979,290.67885780027973,84494.19837207523,283.91937779017866,2.0653646719212304,2.02560429429756,2.003734549446017,260.59978959916907,67912.25033913119,250.8644212065649,1.8249071868032578,1.0513643996545612,1.045434760646595,142.51185435972275,20309.628633046825,131.0047154017857,0.9529906452736066,3.929721006792928,4.0425218215278615,604.7978618767886,365780.453730735,506.333578185206,3.6833114130167894,1.9214445805271678,1.900976116957511,252.3709403619519,63691.09153917588,238.18786272321435,1.7326918675924488,2.4889544546550395,2.4736834928970146,353.14848882261543,124713.85515769692,309.49808753005243,2.2514363795350185,2.458836040726249,2.4272926476660985,312.7766489106363,97829.23210376744,303.97804129464294,2.211280936216134,2.668967373377781,2.6312882928544643,341.6251711074468,116707.75753419231,329.556874677265,2.3973535432661146,1.9156515750810332,1.8965182328585577,243.9303764591268,59502.028559491315,237.48913225446435,1.7276089696353472,2.4363471999559136,2.40305797846895,321.1223523113839,103119.56515399656,301.02919585120526,2.189829631098337,1.445347487888138,1.4337746569968641,190.05941555953035,36122.58144283025,179.64928850446435,1.306854420085097,1.5551408306061139,1.5418475705704648,203.63057056517775,41465.409268699834,193.1859857101729,1.4053267977043058
daily,D2542,2.5489171455919535,2.5098031499821745,393.90163837471647,155158.5007142859,345.83571428571446,1.229531151133728,2.5489171455919535,2.5098031499821745,393.90163837471647,155158.5007142859,345.83571428571446,1.229531151133728,1.9352854963008723,1.9089190267136487,321.1552391778795,103140.687651401,263.8743376877138,0.9381382684605706,1.9352854963008723,1.9089190267136487,321.1552391778795,103140.687651401,263.8743376877138,0.9381382684605706,1.645782815344477,1.6257245213123555,281.95091714988143,79496.31968165931,224.84885345280262,0.7993930591810571,2.0041334255685985,1.9755127760900957,333.1989148914503,111021.5168848399,273.13038473028246,0.971045795662331,2.7439028264162726,2.6950948140675415,430.8018094735033,185590.1990456446,372.0392299107143,1.3226911036756435,2.391731728346614,2.3531161086532997,384.4783434882153,147823.59661144204,325.0661752058596,1.1556903237162521,2.240496454889531,2.2828478614389796,405.3736447212449,164327.79183458607,308.2748604910715,1.0959930638396571,7.71482469894309,8.029892759235759,1110.624187651824,1233486.0861972743,1099.719104956551,3.9097723028220925,6.4556425856824555,6.690733186079072,947.84453035705,898409.2537277767,910.9409598214286,3.238619496709306,7.312294802355932,7.652782891994734,1149.1735199065986,1320599.7788545215,1041.361403197342,3.7022962982986263,2.1758427473016595,2.142592560013816,357.903257548094,128094.74176353733,296.1694335937501,1.0529552893901037,1.9418671057729882,1.9149261217364655,324.97217210765814,105606.9126443694,264.74227885559895,0.9412240131051637,1.2913281774994467,1.2854668482054192,211.114618059035,44569.38195821222,176.6182896205359,0.6279215245219045,1.6038093851712374,1.6231272482891568,270.5998092472562,73224.25676465142,220.31308838580338,0.7832672971104215,2.5111080400877026,2.467594052272032,407.5456886735686,166093.48835641326,341.00470145089287,1.2123557105225458,2.219194812143258,2.184486317384051,365.440626004253,133546.8511343803,301.9747718489147,1.0735946968681187
daily,D2672,1.268797118705318,1.2627544770160368,239.01889046684133,57130.02999999989,206.21428571428558,1.2536727156355782,1.268797118705318,1.2627544770160368,239.01889046684133,57130.02999999989,206.21428571428558,1.2536727156355782,0.7639001647436339,0.7671341930150738,158.01334576779007,24968.217440731176,124.43677903024725,0.7565091533374173,0.7639001647436339,0.7671341930150738,158.01334576779007,24968.217440731176,124.43677903024725,0.7565091533374173,0.7641973262630484,0.7673133214916,158.62268514079992,25161.15624127735,124.48810933349328,0.7568212141650266,0.7612227984144159,0.7657663716855642,169.9422098858453,28880.354700884694,124.01067300120654,0.7539186562691574,0.6952859411225508,0.6971204015016279,154.65157758612781,23917.11044987811,113.20624999999993,0.6882335351928931,0.7575762556423219,0.7585103254986894,146.80849304260767,21552.733629441387,123.40809114333622,0.7502552804194567,1.7142466373974854,1.7331545390829002,316.3999843576225,100108.95010150375,281.2807198660717,1.7100365414014553,4.212974171039407,4.323388351963135,775.4694959179058,601352.9390991708,704.115246029913,4.280644619518632,2.295805322453762,2.3259959247186814,401.172277341144,160939.19610707977,378.09210379464315,2.2985980475733956,3.0501911385854803,3.107010034058481,551.6033640815463,304266.27126607887,504.771789311802,3.068742874388154,0.7760869812108695,0.7765882646150668,154.5653822072297,23890.457376866998,126.43038504464273,0.7686292130962135,0.7956638918261568,0.7978699740291879,152.02871717845363,23112.730846926243,129.63784658924163,0.7881288661439432,0.7668111737915444,0.7670379079855091,149.95720378242305,22487.162966243155,124.9129743303569,0.7594041664204998,1.1551470110117856,1.1452915951325804,240.8636640106835,58015.30464065143,187.5310560934209,1.1400886584762933,0.8812623475086225,0.8900610507721621,215.47257644638148,46428.431200441715,143.7490792410716,0.8739176236895586,0.717085513793718,0.7208369983597429,151.5233740216726,22959.332874911688,116.76076286012942,0.7098430748748058
daily,D2750,3.133775782999336,3.2117575751749743,372.4170454131842,138694.4557142857,300.1571428571428,1.5777598739599898,3.133775782999336,3.2117575751749743,372.4170454131842,138694.4557142857,300.1571428571428,1.5777598739599898,3.350648232192282,3.434369933561679,386.6643444107519,149509.31523859655,321.3792205311169,1.6893125835751484,3.350648232192282,3.434369933561679,386.6643444107519,149509.31523859655,321.3792205311169,1.6893125835751484,3.3028069194178062,3.3842369058047703,381.1695780825896,145290.2472556594,316.67790643006475,1.6646003789182275,3.3151146048684814,3.3974530785649533,383.2243654946235,146860.91430875676,317.88804747248025,1.6709614202060705,3.271996867318899,3.349995077208333,373.2593337085812,139322.530200574,313.65972377232134,1.6487354641461147,3.2441989905330084,3.3211759915823134,370.8311866069133,137515.76896029137,310.9276828661315,1.6343746380975563,5.004080756253543,5.163375069702819,536.4301878175653,287757.34640198835,485.37449776785706,2.551344935962712,10.342505617071012,11.04362489880282,1148.437013870963,1318907.5748288543,1038.7354600721008,5.460057065312413,7.90782345280823,8.264071457449628,811.4032069828203,658375.1643020055,780.20869140625,4.10112501371153,9.678111644395218,10.288286529882189,1068.9106017915167,1142569.8746223021,967.8671367754849,5.087541536386817,3.3792357383205305,3.464985088058506,391.01542372549363,152893.06159122734,324.1921456473214,1.7040985731223437,3.975909706837276,4.092145137801845,456.445559361827,208342.54866113112,383.11214045563895,2.0138083561300353,3.093947244872603,3.165299215782503,356.48280197977505,127079.9881073515,296.1951590401785,1.5569339191678355,2.3988118211551144,2.443674947001916,282.07604988981655,79566.89792144226,228.47523912558376,1.20096780324607,3.3891501945420113,3.4749434286941416,391.41523782379863,153205.88840066083,325.1656529017856,1.7092157616339414,3.3201678868945455,3.4024587782763507,383.24217300271977,146874.5631678466,318.3834147172235,1.6735652914789323
daily,D2808,2.1495106310765495,2.1207439295256454,102.97411949472679,10603.669285714272,90.96428571428558,0.4534960080191124,2.1495106310765495,2.1207439295256454,102.97411949472679,10603.669285714272,90.96428571428558,0.4534960080191124,1.0961399497590338,1.0982201543813161,64.05600537207366,4103.17182422713,46.716985838798465,0.23290422629299376,1.0961399497590338,1.0982201543813161,64.05600537207366,4103.17182422713,46.716985838798465,0.23290422629299376,1.1475101918611583,1.1427886526229478,67.32977702922844,4533.298874805617,48.90398877685194,0.24380737464561766,1.2202904813020439,1.2135526769503395,67.4036808118102,4543.25618698039,51.99849551414445,0.2592348189566547,1.2892847579515694,1.293409373742604,68.65624752287503,4713.680323922284,54.933231026785634,0.2738657351357248,1.393369828140392,1.4049270529140754,77.29459396480848,5974.454256184609,59.41050453299307,0.2961868653016042,4.338516532670581,4.447249297364477,199.7387819790225,39895.58102646348,188.77334681919638,0.9411161592781966,6.572620911877077,6.812839364799579,300.5346785722969,90321.09302455382,290.18616887944506,1.4467026057076084,2.3554042960182078,2.3209234546149022,114.3498207434099,13075.881504049976,99.43304268973212,0.4957163965055563,8.605869015521419,8.221318469197051,366.18200948453415,134089.26407013144,351.194803636141,1.7508568361245758,1.6573044945764899,1.6789460142171424,92.25250162014991,8510.524055175762,70.90654296874995,0.35349955123886406,2.7507730435217903,2.8061066589051658,143.2854244275937,20530.71285339567,118.81418745945406,0.5923397219666727,1.4838828935082222,1.5034771447535793,85.43688120663033,7299.460670315862,63.40884486607138,0.3161203080315135,3.6969794064054353,3.796369616459034,191.51287887401247,36677.18277461217,161.19101431292606,0.8036063928327378,1.3657247543237903,1.3781158070161112,76.05562714819128,5784.458420904691,58.28189174107138,0.2905602461101624,1.2701746715909301,1.2591931184560468,78.98135180937956,6238.053933636985,54.036061045759524,0.26939295769658944
daily,D3219,4.910125394088536,4.851560327429517,137.93683796616673,19026.57126810454,124.53172981357145,1.5995304103653738,4.910125394088536,4.851560327429517,137.93683796616673,19026.57126810454,124.53172981357145,1.5995304103653738,6.7474357472754525,6.4516886885413305,198.61478770696755,39447.83389588379,169.10879850688056,2.1720943431609467,6.7474357472754525,6.4516886885413305,198.61478770696755,39447.83389588379,169.10879850688056,2.1720943431609467,6.817347596579223,6.511939333837578,201.77720652827375,40714.041074353634,170.76931029173218,2.193422554859415,6.972353559365943,6.655808496488877,205.3064197212459,42150.72597875639,174.4788322900395,2.241068992061359,5.0309661862130355,4.848112364079831,157.80299653513725,24901.785715468537,127.60433564383932,1.6389960668043948,5.808513128409783,5.574826738913756,177.4762685749497,31497.825907287683,146.51686740301292,1.8819154394902655,4.803013125645485,4.639231701884083,149.06774490060667,22221.192569752347,122.02303264589288,1.567307799982409,7.735213081690255,7.269235196531255,249.09927595847472,62050.449283036345,191.8394987308233,2.4640556474126853,4.383364947520147,4.245946934821989,137.7821620597741,18983.92418186585,111.71057169294646,1.4348508356036356,2.2498821106374187,2.2617054433224664,71.81838834176574,5157.8809040086735,57.93838729047609,0.7441815233545689,9.748218633812488,9.203062048993855,266.5830311465057,71066.51249525882,239.89371557303576,3.0812813239569623,10.95387727595822,10.276027888198861,296.1176183067232,87685.64387164623,267.6356660892123,3.437608932670865,2.919969840512544,2.861700525978775,91.61615241217842,8393.519382811506,75.13158776767857,0.9650171855264819,6.90721062515954,6.556723421870079,216.59566043626933,46913.680119823686,172.78509213320086,2.2193139831798785,6.4966146462558685,6.222360009631016,191.43860466861963,36648.73935746804,163.08902807303576,2.094774242598883,6.480217950152907,6.207127983333196,191.044377156609,36497.954043156664,162.6950969633577,2.0897144494805966
daily,D3350,3.820552620993782,3.74233251397516,460.84224795875326,212375.57750367702,439.37077663142855,2.893841913373542,3.820552620993782,3.74233251397516,460.84224795875326,212375.57750367702,439.37077663142855,2.893841913373542,3.226772508853857,3.1704867024584424,391.82562400026586,153527.31962319772,372.35045951344586,2.452423837709628,3.226772508853857,3.1704867024584424,391.82562400026586,153527.31962319772,372.35045951344586,2.452423837709628,3.190516282641865,3.135461332678741,387.56181510122707,150204.16052455772,368.238498421768,2.425341095783802,3.2990186905427805,3.240459293862244,399.52681173129014,159621.67329216975,380.5338597087838,2.5063224302849907,3.849504399199906,3.770935734853703,461.8716866758352,213325.45495278088,442.7104486616072,2.9158381029516196,3.791513057406102,3.7151726092288437,455.3700501986499,207361.8826179209,436.1645900551057,2.872724903344352,1.2427229138230727,1.2510858992187757,157.2720153292426,24734.486805721524,145.97080660857122,0.9614122303067418,0.9318006553843196,0.9252877468855742,155.64787076018334,24226.259672178734,108.97777366381044,0.7177638246046055,81.51772723859673,57.91244294835849,6778.505865495042,45948141.76855069,6777.928047712946,44.64168605085786,45.31226012180192,36.10581289388771,4452.978351586321,19829016.19969643,4231.64208615351,27.87100071878229,3.530132379513995,3.4635724182436065,425.5832958591897,181121.1417143706,406.68463950982147,2.6785601545047037,3.1831891890593553,3.1290524718840085,384.2068448874402,147614.8996583615,367.3870172019042,2.4197329575699142,2.401543424624002,2.369779250657735,295.025352233775,87039.95846066301,278.27741294732147,1.8328274977824568,3.2995857793114607,3.24140033044624,398.14305769451096,158517.89439033467,380.57559982705294,2.5065973445718317,3.258772759367633,3.201156457362174,396.4186235430877,157147.72509179628,375.9804681928572,2.476332280922277,3.287653749372848,3.229358866539683,398.6597486923826,158929.59522747368,379.2500919675155,2.497867109416358
daily,D3595,8.158310987025471,7.820116733045822,1121.5613834669118,1257899.936884213,1087.5376428571424,6.170326161972871,8.158310987025471,7.820116733045822,1121.5613834669118,1257899.936884213,1087.5376428571424,6.170326161972871,5.7618810093562844,5.5852163549546665,818.3761443251328,669739.5136004706,778.7153517162133,4.418171397544559,5.7618810093562844,5.5852163549546665,818.3761443251328,669739.5136004706,778.7153517162133,4.418171397544559,5.773719759335569,5.596396271814789,819.8659183073688,672180.1240019852,780.2638535343756,4.426957080820191,4.755722726786087,4.6268990961631795,701.1240847006444,491574.9821473164,645.7375407157282,3.6636996129886303,5.194223220242742,5.045064699148279,752.8796040069802,566827.6981297074,703.4236964285712,3.9909916365028475,5.191985496648148,5.044854872354453,747.5321717069235,558804.3477368692,703.1177668428155,3.9892558939847764,4.524707237508842,4.403849600861759,679.3309828026524,461490.58419561764,614.6865312499998,3.4875265330769323,7.430312881864882,7.147416382219427,1028.7205575298751,1058265.985484577,995.1003607133356,5.645867827955902,3.216431655624253,3.1428300082730876,532.5064990269943,283563.17150598636,439.61119029017846,2.4942073925985833,5.3418594972514875,5.188141298623253,764.3506653040242,584231.9395507044,723.5793630319456,4.10534817190338,5.08388371584169,4.943173091739215,731.6095505012122,535252.5343845858,689.0602756696427,3.909498373748831,6.286636479204686,6.078727550464084,886.3104474203194,785546.2092064067,847.1369815920738,4.806372923846398,0.8426584385540333,0.8464212500176859,134.32164399446384,18042.304045375487,116.90140178571437,0.6632595961595117,1.1952324914325496,1.205974539017356,207.75810270479136,43163.42923949463,166.62248779464684,0.9453604685455166,6.079578657132501,5.884309109184365,858.860068036799,737640.616468175,820.2153398437498,4.653628500245086,3.1220793127549156,3.057812782591664,497.9170395553262,247921.37827954028,427.41764335174855,2.425025270788275
daily,D3606,1.0286838585869806,1.021525018623549,151.92257426540849,23080.468571428555,121.89999999999989,0.7156626441130761,1.0286838585869806,1.021525018623549,151.92257426540849,23080.468571428555,121.89999999999989,0.7156626441130761,1.068324922039092,1.0604428834987505,149.641481379191,22392.57294935876,126.56103870122024,0.7430271337047802,1.068324922039092,1.0604428834987505,149.641481379191,22392.57294935876,126.56103870122024,0.7430271337047802,1.1605580531133137,1.151454735698417,160.6079214019788,25794.90441706421,137.40778556103032,0.806707293981375,1.0602822228920756,1.052392907245748,149.55001530415805,22365.207077473904,125.60535792306447,0.7374164279408508,0.7234287501494264,0.7214592350255543,101.92194511937306,10388.082896916496,85.85347377232132,0.5040371127661375,0.6135591785131703,0.6121983266475087,87.88849596987957,7724.387723847538,72.84307097477397,0.4276543460141366,1.327207987428169,1.3164631549663364,176.45554965946042,31136.5610056223,156.94448939732138,0.9214053179742719,0.6395773928102503,0.6415691667077237,94.07391218544647,8849.900953875094,76.16057384608303,0.4471310718281954,1.4226449415768403,1.410732567357596,183.33846378649554,33612.99230359214,168.07516741071439,0.986752409506972,2.8631027449758055,2.818675593430895,352.2413157530257,124073.94452342272,335.4805829159383,1.969572772914001,2.441911961202952,2.405769683537951,318.2990209383486,101314.26673031125,286.7529715401787,1.6834978656253168,2.278913363018514,2.246979910970433,299.4056833261226,89643.7632079824,267.88050552190987,1.5726995150792262,0.6777363975835636,0.6800717833450389,95.3560837376037,9092.782705772888,80.52080078124969,0.47272952578516364,0.68799353807351,0.6893025364286426,102.15263412055786,10435.160657768562,81.6884624210292,0.4795847498750243,1.6385945279583622,1.6222223479688314,214.9269436190994,46193.59109344754,193.41535993303583,1.1355221320899005,1.0101215901262635,1.0082819788066106,133.65204440195947,17862.868972823344,120.10761556626754,0.7051397353098602
